id,split,semantic_id,pattern_id,group_tag,role,text,semantic_same_ids,tfidf_top1_id,tfidf_top2_id,tfidf_top3_id,tfidf_top4_id,tfidf_top5_id,tfidf_top6_id,tfidf_top7_id,tfidf_top8_id,tfidf_top9_id,tfidf_top10_id,tfidf_top11_id,tfidf_top12_id,bm25_top1_id,bm25_top2_id,bm25_top3_id,bm25_top4_id,bm25_top5_id,bm25_top6_id,bm25_top7_id,bm25_top8_id,bm25_top9_id,bm25_top10_id,bm25_top11_id,bm25_top12_id,jaccard_top1_id,jaccard_top2_id,jaccard_top3_id,jaccard_top4_id,jaccard_top5_id,jaccard_top6_id,jaccard_top7_id,jaccard_top8_id,jaccard_top9_id,jaccard_top10_id,jaccard_top11_id,jaccard_top12_id,tfidf_top_ids,bm25_top_ids,jaccard_top_ids,overlap2_3metrics_ids,overlap2_3metrics_count,overlap3_3metrics_ids,overlap3_3metrics_count,text_len_char,text_len_word,tf_idf_tops,jaccard_tops,bm25_tops,overlap2,overlap3,U2,U3,nvidia/llama-embed-nemotron-8b,neighbors_union,neighbors_union_count,qwen3-4b,qwen3-8b
0,train,sem_0169,drink:decl,para3,lex,I have water.,225;654,957,750.0,409.0,289.0,551.0,,,,,,,,957,750,289,793,990.0,493.0,869.0,254.0,120.0,324.0,305.0,100.0,750,493.0,289.0,957.0,869.0,324.0,305.0,793.0,254.0,120.0,100.0,221.0,957;750;409;289;551,957;750;289;793;990;493;869;254;120;324;305;100,750;493;289;957;869;324;305;793;254;120;100;221,100;120;254;289;305;324;493;750;793;869;957,11,289;750;957,3,13,3,957;750;409;289;551,289;493;750;869;957;120;254;305;324;793;100;221,750;957;289;793;869;493;254;305;120;324;551;409,120;254;289;305;324;409;493;551;750;793;869;957,289;750;957,120;225;254;289;305;324;409;493;551;654;750;793;869;957,225;289;654;750;957,750;289;793,289;750;793;957,4,750;957;793;289,750;957;793;289
1,train,sem_seed_learn_ynq_do,learn:ynq_do,singleton,single-seed,do We study a novel?,,231,814.0,158.0,168.0,402.0,838.0,111.0,479.0,,,,,158,402,814,231,271.0,168.0,111.0,695.0,226.0,587.0,702.0,598.0,158,587.0,231.0,402.0,226.0,814.0,702.0,695.0,168.0,138.0,598.0,447.0,231;814;158;168;402;838;111;479,158;402;814;231;271;168;111;695;226;587;702;598,158;587;231;402;226;814;702;695;168;138;598;447,111;158;168;226;231;402;587;598;695;702;814,11,158;168;231;402;814,5,20,5,231;814;168;158;838;402;111;479,158;168;226;231;402;587;695;702;814;138;598;447,158;402;814;231;271;168;226;702;695;587;111;598,111;158;168;226;231;402;587;598;695;702;814,158;168;231;402;814,111;158;168;226;231;402;587;598;695;702;814,158;168;231;402;814,814,158;814,2,158;814,158;814
2,train,sem_0098,move:decl,para3,lex,She come to the office.,246;928,669,396.0,450.0,29.0,429.0,855.0,608.0,292.0,928.0,82.0,327.0,790.0,934,396,29,691,608.0,292.0,583.0,82.0,855.0,450.0,669.0,928.0,29,396.0,934.0,691.0,583.0,246.0,450.0,608.0,928.0,224.0,300.0,17.0,669;396;450;29;429;855;608;292;928;82;327;790,934;396;29;691;608;292;583;82;855;450;669;928,29;396;934;691;583;246;450;608;928;224;300;17,29;82;292;396;450;583;608;669;691;855;928;934,12,29;396;450;608;928,5,23,5,669;396;450;29;292;855;608;429;928;82;790;583,29;396;934;691;17;82;224;246;286;292;300;322,396;29;934;691;608;583;292;82;855;669;450;928,29;82;292;396;450;583;608;669;691;855;928;934,29;82;292;396,29;82;246;292;396;450;583;608;669;691;855;928;934,29;82;246;292;396;928,928;246;396;29,29;246;396;928,4,928,928
3,train,sem_seed_learn_conditional_if,learn:conditional_if,singleton,single-seed,"If it is warm, They review music.",,235,951.0,789.0,175.0,364.0,193.0,176.0,299.0,260.0,786.0,119.0,571.0,175,951,176,625,990.0,680.0,571.0,527.0,786.0,119.0,319.0,142.0,951,175.0,176.0,235.0,680.0,625.0,571.0,990.0,482.0,6.0,130.0,119.0,235;951;789;175;364;193;176;299;260;786;119;571,175;951;176;625;990;680;571;527;786;119;319;142,951;175;176;235;680;625;571;990;482;6;130;119,119;175;176;235;571;625;680;786;951;990,10,119;175;176;571;951,5,33,7,235;789;951;364;175;193;176;260;786;299;119;571,175;951;176;235;6;482;571;625;680;990;119;130,951;175;990;680;625;571;176;786;527;319;299;119,119;175;176;235;299;571;625;680;786;951;990,119;175;176;571;951,119;175;176;235;299;571;625;680;786;951;990,119;175;176;571;951,235,235,1,,
4,train,sem_0102,acq:decl,para3,base,I get a book.,241;290,592,290.0,123.0,679.0,398.0,821.0,360.0,,,,,,290,592,123,821,993.0,394.0,477.0,704.0,360.0,939.0,28.0,733.0,290,939.0,704.0,123.0,360.0,394.0,592.0,477.0,821.0,926.0,28.0,733.0,592;290;123;679;398;821;360,290;592;123;821;993;394;477;704;360;939;28;733,290;939;704;123;360;394;592;477;821;926;28;733,28;123;290;360;394;477;592;704;733;821;939,11,123;290;360;592;821,5,13,4,592;290;123;679;821;867,290;123;360;394;477;592;704;939;28;733;821;926,290;592;123;821;993;360;704;394;939;477;28;926,28;123;290;360;394;477;592;704;821;926;939,123;290;592;821,28;123;241;290;360;394;477;592;704;821;926;939,123;241;290;592;821,290;592;360,290;360;592,3,290;592,290;592
5,train,sem_seed_watch_past_simple,watch:past_simple,singleton,single-seed,We viewed a movie.,,732,220.0,704.0,272.0,375.0,,,,,,,,135,442,59,455,,,,,,,,,135,442.0,59.0,455.0,861.0,892.0,859.0,833.0,808.0,781.0,959.0,684.0,732;220;704;272;375,135;442;59;455,135;442;59;455;861;892;859;833;808;781;959;684,59;135;442;455,4,,0,18,4,732;220;704;272,135;442;59;455;34;52;118;151;168;177;185;207,135;442;59;455;768;185;220;778;375;732;419;824,59;135;185;220;442;455;732,,59;135;185;220;442;455;732,,135;259;633;852;419,135;220;259;419;490;633;732;852,8,220;732;490,220;732;490
6,train,sem_seed_social_because_cause,social:because_cause,singleton,single-seed,"They make coffee, because it is warm.",,988,482.0,510.0,279.0,206.0,822.0,779.0,710.0,564.0,912.0,795.0,799.0,779,988,912,130,329.0,924.0,710.0,482.0,584.0,799.0,347.0,564.0,912,988.0,779.0,130.0,822.0,924.0,710.0,3.0,482.0,329.0,661.0,49.0,988;482;510;279;206;822;779;710;564;912;795;799,779;988;912;130;329;924;710;482;584;799;347;564,912;988;779;130;822;924;710;3;482;329;661;49,130;329;482;564;710;779;799;822;912;924;988,11,482;710;779;912;988,5,37,7,279;822;779;988;564;510;482;206;912;329;130;924,130;779;912;988;822;3;329;482;710;924;49;661,988;130;779;912;822;924;482;710;329;206;279;795,130;206;279;329;482;710;779;822;912;924;988,130;329;482;779;822;912;924;988,130;206;279;329;482;710;779;822;912;924;988,130;329;482;779;822;912;924;988,,,0,,
7,train,sem_0015,social:decl,para4,lex,They start tea.,49;661;822,582,282.0,887.0,679.0,,,,,,,,,582,647,955,870,194.0,918.0,759.0,887.0,569.0,679.0,915.0,282.0,870,955.0,647.0,194.0,918.0,582.0,,,,,,,582;282;887;679,582;647;955;870;194;918;759;887;569;679;915;282,870;955;647;194;918;582,194;282;582;647;679;870;887;918;955,9,582,1,15,3,582,647;870;955;194;582;918,582;955;647;870;918;194;887;569;282;601;679;915,194;582;647;870;918;955,582,49;194;582;647;661;822;870;918;955,49;582;661;822,647,194;647;870;955,4,955;647;870;194,955;647;870;194
8,train,sem_0158,pref:decl,para3,lex,You prefer a book.,539;540,74,794.0,983.0,810.0,650.0,937.0,785.0,951.0,78.0,383.0,752.0,393.0,983,74,794,810,650.0,951.0,785.0,752.0,413.0,273.0,937.0,340.0,983,413.0,273.0,794.0,752.0,74.0,810.0,217.0,340.0,785.0,650.0,937.0,74;794;983;810;650;937;785;951;78;383;752;393,983;74;794;810;650;951;785;752;413;273;937;340,983;413;273;794;752;74;810;217;340;785;650;937,74;273;340;413;650;752;785;794;810;937;951;983,12,74;650;752;785;794;810;937;983,8,18,4,74;794;983;810;650;937;951;78;383;785;752;393,983;74;273;413;752;794;217;340;810;650;785;937,983;74;794;810;937;650;752;273;413;951;340;217,74;217;273;340;413;650;752;785;794;810;937;951;983,74;650;752;794;810;937;983,74;217;273;340;413;539;540;650;752;785;794;810;937;951;983,74;539;540;650;752;794;810;937;983,794;74;983,74;794;983,3,74;794;983,74;794;983
9,train,sem_seed_move_present_cont,move:present_cont,singleton,single-seed,We are running to the town.,,619,973.0,352.0,286.0,415.0,173.0,608.0,936.0,715.0,17.0,828.0,790.0,286,71,17,608,352.0,828.0,973.0,936.0,715.0,945.0,415.0,813.0,855,715.0,286.0,549.0,608.0,71.0,17.0,82.0,973.0,352.0,936.0,803.0,619;973;352;286;415;173;608;936;715;17;828;790,286;71;17;608;352;828;973;936;715;945;415;813,855;715;286;549;608;71;17;82;973;352;936;803,17;71;286;352;415;608;715;828;936;973,10,17;286;352;608;715;936;973,7,27,6,352;415;608;286,17;71;82;286;352;549;608;715;803;828;855;936,936;286;352;715;973;71;828;17;608;790;813;415,17;71;286;352;415;608;715;828;936,286;352;608,17;71;286;352;415;608;715;828;936,286;352;608,,619,1,619,619
10,train,sem_single_0917,eat:front_place,singleton,single,"at the library, He order a sandwich.",,14,624.0,604.0,646.0,354.0,317.0,346.0,741.0,908.0,210.0,264.0,304.0,489,264,183,346,12.0,741.0,379.0,961.0,210.0,584.0,228.0,883.0,489,48.0,911.0,741.0,264.0,624.0,16.0,14.0,38.0,604.0,513.0,646.0,14;624;604;646;354;317;346;741;908;210;264;304,489;264;183;346;12;741;379;961;210;584;228;883,489;48;911;741;264;624;16;14;38;604;513;646,14;210;264;346;489;604;624;646;741,9,264;741,2,36,7,14;624;604;646;354;317;346;741;210;908;264;961,489;48;264;741;911;14;16;38;513;604;624;646,489;12;346;183;264;14;604;624;646;961;379;210,14;210;264;346;489;604;624;646;741;961,14;264;604;624;646,14;210;264;346;489;604;624;646;741;961,14;264;604;624;646,,,0,,
11,train,sem_seed_eat_past_simple,eat:past_simple,singleton,single-seed,They ordered dinner.,,211,976.0,520.0,268.0,157.0,883.0,847.0,65.0,663.0,784.0,,,211,847,420,976,978.0,41.0,120.0,864.0,326.0,883.0,,,211,978.0,976.0,420.0,864.0,,,,,,,,211;976;520;268;157;883;847;65;663;784,211;847;420;976;978;41;120;864;326;883,211;978;976;420;864,211;420;847;864;883;976;978,7,211;976,2,20,3,211;976;520;157;268;883;847;663,211;420;976;978;864,211;847;978;976;420;120;41;864;326;883;686;253,211;420;847;864;883;976;978,211;976,211;420;847;864;883;976;978,211;976,976;268;211;520;420;157;784;847;978,157;211;268;420;520;784;847;921;976;978;987,11,211;976;157;268;520;987;847;921,211;976;157;268;520;987;847;921
12,train,sem_0003,move:decl,para4,base,We arrive at the library.,346;379;649,379,346.0,61.0,873.0,874.0,183.0,338.0,82.0,140.0,404.0,224.0,554.0,346,61,379,874,873.0,744.0,140.0,338.0,977.0,404.0,183.0,210.0,346,61.0,379.0,874.0,82.0,378.0,338.0,146.0,183.0,140.0,977.0,873.0,379;346;61;873;874;183;338;82;140;404;224;554,346;61;379;874;873;744;140;338;977;404;183;210,346;61;379;874;82;378;338;146;183;140;977;873,61;82;140;183;338;346;379;404;873;874;977,11,61;140;183;338;346;379;873;874,8,25,5,379;346;61;874;873;338;183;140;82;554;544;404,346;61;379;874;82;140;146;183;338;378;744;873,346;61;874;379;140;873;977;744;338;183;404;554,61;82;140;183;338;346;379;404;554;744;873;874,61;140;183;338;346;379;873;874,61;82;140;183;338;346;379;404;554;649;744;873;874,61;140;183;338;346;379;649;873;874,379;346;82,82;346;379;544,4,379;346;82;544,379;346;82;544
13,train,sem_single_0920,acq:wh_where,singleton,single,Where do I buy?,,425,946.0,993.0,232.0,310.0,894.0,162.0,,,,,,425,894,946,993,310.0,232.0,575.0,694.0,162.0,402.0,143.0,280.0,993,310.0,425.0,232.0,946.0,894.0,253.0,271.0,189.0,402.0,575.0,694.0,425;946;993;232;310;894;162,425;894;946;993;310;232;575;694;162;402;143;280,993;310;425;232;946;894;253;271;189;402;575;694,162;232;310;402;425;575;694;894;946;993,10,232;310;425;894;946;993,6,15,4,425;946;993;310;232;894,232;310;425;894;946;993;253;143;162;189;254;271,425;894;310;946;993;232;796;575;694;402;143;280,143;232;310;425;894;946;993,232;310;425;894;946;993,143;232;310;425;894;946;993,232;310;425;894;946;993,425;993,425;993,2,425;993,425;993
14,train,sem_0273,eat:decl,para3,base,She order a sandwich.,,624,604.0,646.0,317.0,354.0,10.0,908.0,741.0,393.0,366.0,500.0,584.0,646,624,604,317,354.0,908.0,741.0,10.0,584.0,623.0,456.0,818.0,646,456.0,818.0,624.0,604.0,623.0,559.0,354.0,908.0,317.0,15.0,860.0,624;604;646;317;354;10;908;741;393;366;500;584,646;624;604;317;354;908;741;10;584;623;456;818,646;456;818;624;604;623;559;354;908;317;15;860,10;317;354;456;584;604;623;624;646;741;818;908,12,317;354;604;624;646;908,6,21,4,624;604;646;317;354;10;908;741;393;584;366;818,456;604;623;624;646;818;15;317;354;559;908;860,646;624;604;354;908;317;788;921;456;623;818;741,317;354;456;604;623;624;646;741;818;908,317;354;604;624;646;818;908,317;354;456;604;623;624;646;741;818;908,317;354;604;624;646;818;908,788;921;624;818;604;623;211,211;354;366;500;604;623;624;646;678;749;788;818;860;921,14,604;624;623;646;818;788;860;366;354;749;678;500,604;624;623;646;818;788;860;366;354;749;678;500
15,train,sem_0053,eat:front_time,para4,order,"Now, She have a sandwich.",623;818;921,818,118.0,559.0,80.0,678.0,623.0,100.0,910.0,500.0,944.0,763.0,960.0,818,559,317,80,118.0,678.0,763.0,960.0,944.0,100.0,272.0,20.0,818,559.0,118.0,14.0,456.0,678.0,80.0,623.0,944.0,960.0,272.0,317.0,818;118;559;80;678;623;100;910;500;944;763;960,818;559;317;80;118;678;763;960;944;100;272;20,818;559;118;14;456;678;80;623;944;960;272;317,80;100;118;272;317;559;623;678;763;818;944;960,12,80;118;559;678;818;944;960,7,25,5,818;118;80;678;559;623;763;99;960;617;317;38,818;559;14;80;118;456;623;678;20;100;272;317,818;559;317;80;678;118;960;763;944;100;20;272,20;80;100;118;272;317;559;623;678;763;818;960,80;118;317;559;678;818,20;80;100;118;272;317;559;623;678;763;818;921;960,80;118;317;559;623;678;818;921,818;559;623,559;623;818,3,818;559;623,818;559;623
16,train,sem_0117,drink:decl,para3,lex,He drink a sandwich.,218;658,456,766.0,408.0,513.0,500.0,100.0,118.0,818.0,910.0,617.0,171.0,80.0,456,766,513,38,113.0,504.0,899.0,910.0,911.0,489.0,10.0,584.0,456,38.0,513.0,504.0,899.0,113.0,910.0,766.0,911.0,10.0,489.0,956.0,456;766;408;513;500;100;118;818;910;617;171;80,456;766;513;38;113;504;899;910;911;489;10;584,456;38;513;504;899;113;910;766;911;10;489;956,10;38;113;456;489;504;513;766;899;910;911,11,456;513;766;910,4,20,4,456;513;408;118;818;641;617;171;80;108;678;766,38;456;513;113;504;899;910;766;10;489;911;14,456;766;38;513;910;899;504;113;911;489;10;584,10;38;113;456;489;504;513;766;899;910;911,456;513;766,10;38;113;218;456;489;504;513;658;766;899;910;911,218;456;513;658;766,456;766,456;766,2,456,456
17,train,sem_0133,move:decl,para3,lex,She travel to the town.,286;619,322,313.0,998.0,549.0,673.0,148.0,449.0,287.0,973.0,809.0,397.0,224.0,322,286,397,619,691.0,313.0,449.0,549.0,998.0,673.0,304.0,287.0,286,322.0,619.0,397.0,691.0,313.0,673.0,549.0,71.0,300.0,934.0,715.0,322;313;998;549;673;148;449;287;973;809;397;224,322;286;397;619;691;313;449;549;998;673;304;287,286;322;619;397;691;313;673;549;71;300;934;715,286;287;313;322;397;449;549;619;673;691;998,11,313;322;397;549;673,5,23,5,322;998;313;549;449;148;673;287;809;608;397;352,286;322;619;313;397;691;2;29;71;224;287;300,322;286;313;397;619;449;673;304;549;998;287;691,286;287;313;322;397;449;549;619;673;691;998,287;313;322;397,286;287;313;322;397;449;549;619;673;691;998,286;287;313;322;397;619,322;313;286,286;313;322;415;556;642;691;715;973,9,642;715;973;691;286;556;415,642;715;973;691;286;556;415
18,train,sem_seed_acq_going_to,acq:going_to,singleton,single-seed,I am going to order dinner.,,520,268.0,157.0,976.0,663.0,381.0,893.0,96.0,84.0,228.0,,,893,96,520,663,84.0,947.0,381.0,173.0,976.0,157.0,268.0,466.0,893,520.0,96.0,663.0,84.0,947.0,173.0,466.0,381.0,,,,520;268;157;976;663;381;893;96;84;228,893;96;520;663;84;947;381;173;976;157;268;466,893;520;96;663;84;947;173;466;381,84;96;157;173;268;381;466;520;663;893;947;976,12,84;96;381;520;663;893,6,27,6,520;157;268;976;663;381;96;893;84;228;883,520;893;96;84;663;173;381;466;947,893;520;96;84;663;268;976;157;947;381;173;51,84;96;157;173;268;381;520;663;893;947;976,84;96;381;520;663;893,84;96;157;173;268;381;520;663;893;947;976,84;96;381;520;663;893,520;663;787,120;268;381;520;565;663;787,7,520;663;787;268;565;381;120,520;663;787;268;565;381;120
19,train,sem_0031,social:going_to,para4,tense,He is going to use a phone.,569;645;898,901,645.0,561.0,806.0,615.0,614.0,898.0,866.0,150.0,703.0,745.0,406.0,645,898,406,866,614.0,150.0,988.0,615.0,703.0,561.0,806.0,745.0,645,150.0,866.0,406.0,614.0,898.0,703.0,615.0,427.0,561.0,745.0,806.0,901;645;561;806;615;614;898;866;150;703;745;406,645;898;406;866;614;150;988;615;703;561;806;745,645;150;866;406;614;898;703;615;427;561;745;806,150;406;561;614;615;645;703;745;806;866;898,11,150;406;561;614;615;645;703;745;806;866;898,11,27,7,645;901;561;806;898;615;614;150;866;36;703;745,645;150;406;614;866;898;615;703;427;561;745;806,645;898;615;703;614;406;866;150;988;901;806;561,150;406;561;614;615;645;703;745;806;866;898;901,150;561;614;615;645;703;806;866;898,150;406;561;569;614;615;645;703;745;806;866;898;901,150;561;569;614;615;645;703;806;866;898,645,561;645;806,3,645;561;806,645;561;806
20,train,sem_seed_learn_front_time,learn:front_time,singleton,single-seed,"Now, She review a song.",,260,629.0,515.0,272.0,926.0,859.0,364.0,777.0,587.0,477.0,989.0,85.0,260,926,629,515,272.0,15.0,364.0,777.0,827.0,771.0,180.0,989.0,180,260.0,515.0,827.0,771.0,989.0,629.0,272.0,15.0,57.0,926.0,530.0,260;629;515;272;926;859;364;777;587;477;989;85,260;926;629;515;272;15;364;777;827;771;180;989,180;260;515;827;771;989;629;272;15;57;926;530,15;180;260;272;364;515;629;771;777;827;926;989,12,260;272;515;629;926;989,6,23,5,260;629;515;272;859;587;777;926;364;789;477;85,180;260;515;629;771;827;989;15;57;272;926;530,260;926;515;629;364;272;15;989;180;827;771;609,15;180;260;272;364;515;629;771;827;926;989,260;272;515;629;926,15;180;260;272;364;515;629;771;827;926;989,260;272;515;629;926,260;364,260;364,2,260,260
21,train,sem_0172,drink:decl,para3,lex,We drink water.,227;306,546,323.0,793.0,990.0,576.0,766.0,641.0,,,,,,323,546,793,990,409.0,812.0,551.0,963.0,576.0,280.0,128.0,452.0,323,409.0,576.0,546.0,812.0,551.0,793.0,128.0,452.0,963.0,280.0,,546;323;793;990;576;766;641,323;546;793;990;409;812;551;963;576;280;128;452,323;409;576;546;812;551;793;128;452;963;280,128;280;323;409;452;546;551;576;793;812;963;990,12,323;546;576;793,4,15,3,546;323;793;990;576;641,323;409;546;551;576;812;128;280;452;793;963,323;546;793;551;812;409;576;990;963;128;452;280,128;280;323;409;452;546;551;576;793;812;963;990,323;546;576;793,128;227;280;306;323;409;452;546;551;576;793;812;963;990,227;306;323;546;576;793,323;793;551;812,323;409;546;551;793;812;963,7,323;551;812;963;793;546;409,323;551;812;963;793;546;409
22,train,sem_0135,call:present_cont,para3,tense,You are contacting my mother.,56;739,631,739.0,285.0,714.0,391.0,817.0,291.0,,,,,,823,739,714,434,370.0,676.0,631.0,599.0,400.0,701.0,58.0,367.0,739,714.0,434.0,823.0,,,,,,,,,631;739;285;714;391;817;291,823;739;714;434;370;676;631;599;400;701;58;367,739;714;434;823,434;631;714;739;823,5,714;739,2,29,5,631;739;285;714,739;714;434;823,739;823;714;257;693;285;676;328;367;368;701;265,285;714;739;823,714;739,56;285;714;739;823,56;714;739,739;285;714;631;328,285;328;631;714;739,5,739;714;631;285,739;714;631;285
23,train,sem_0309,move:decl,para3,lex,I jog to the cafe.,212;554,352,669.0,948.0,783.0,286.0,429.0,591.0,535.0,853.0,718.0,195.0,665.0,948,352,669,429,853.0,286.0,718.0,535.0,665.0,591.0,783.0,288.0,669,352.0,948.0,429.0,591.0,783.0,769.0,71.0,853.0,608.0,450.0,286.0,352;669;948;783;286;429;591;535;853;718;195;665,948;352;669;429;853;286;718;535;665;591;783;288,669;352;948;429;591;783;769;71;853;608;450;286,286;352;429;535;591;665;669;718;783;853;948,11,286;352;429;591;669;783;853;948,8,18,5,352;669;948;783;286;429;591;853;535;195;665,352;669;948;429;71;286;450;591;608;753;769;783,669;352;948;429;286;853;783;591;718;535;665;195,195;286;352;429;535;591;665;669;783;853;948,286;352;429;591;669;783;948,195;212;286;352;429;535;554;591;665;669;783;853;948,212;286;352;429;554;591;669;783;948,669;948;352,352;669;948,3,669;948,669;948
24,train,sem_0082,learn:front_place,para3,order,"at home, He practice music.",187;775,187,91.0,545.0,502.0,269.0,702.0,321.0,333.0,543.0,,,,545,187,91,874,554.0,212.0,165.0,502.0,227.0,129.0,195.0,302.0,545,187.0,634.0,789.0,316.0,,,,,,,,187;91;545;502;269;702;321;333;543,545;187;91;874;554;212;165;502;227;129;195;302,545;187;634;789;316,91;187;502;545,4,187;545,2,27,5,187;91;545;502;269;321;702;333;543,545;187;316;634;789,187;545;165;554;212;874;502;91;227;195;789;316,91;187;316;502;545;789,187;545,91;187;316;502;545;775;789,187;545;775,545;187,187;545,2,187;545,187;545
25,train,sem_0096,drink:decl,para3,lex,I sip coffee.,236;412,555,929.0,815.0,192.0,655.0,538.0,36.0,428.0,562.0,904.0,632.0,666.0,555,815,655,929,538.0,192.0,36.0,440.0,428.0,654.0,999.0,382.0,929,654.0,815.0,655.0,440.0,555.0,428.0,192.0,382.0,538.0,999.0,225.0,555;929;815;192;655;538;36;428;562;904;632;666,555;815;655;929;538;192;36;440;428;654;999;382,929;654;815;655;440;555;428;192;382;538;999;225,36;192;382;428;440;538;555;654;655;815;929;999,12,192;428;538;555;655;815;929,7,13,3,555;929;815;655;192;538;36;428;562;440,428;440;555;654;655;815;929;189;192;225;382;538,555;929;655;815;538;192;428;440;654;36;999;382,36;192;382;428;440;538;555;654;655;815;929,192;428;440;538;555;655;815;929,36;192;236;382;412;428;440;538;555;654;655;815;929,192;236;412;428;440;538;555;655;815;929,428;815;655;507;929;576;555,166;192;428;507;555;576;654;655;815;835;893;929,12,815;428;655;555;192;929;576;166;893;507;835;654,815;428;655;555;192;929;576;166;893;507;835;654
26,train,sem_0144,call:decl,para3,lex,She call a friend.,202;875,178,416.0,799.0,295.0,350.0,776.0,205.0,862.0,380.0,355.0,34.0,581.0,799,416,178,350,355.0,295.0,369.0,297.0,257.0,45.0,264.0,605.0,355,350.0,416.0,178.0,799.0,295.0,369.0,297.0,264.0,336.0,581.0,659.0,178;416;799;295;350;776;205;862;380;355;34;581,799;416;178;350;355;295;369;297;257;45;264;605,355;350;416;178;799;295;369;297;264;336;581;659,178;264;295;297;350;355;369;416;581;799,10,178;295;350;355;416;799,6,18,4,178;416;799;295;350;776;862;380;356;355;34;581,178;350;355;416;295;799;297;369;264;14;34;45,416;178;799;355;350;295;45;257;369;297;605;264,34;45;178;264;295;297;350;355;369;416;799,178;295;350;355;416;799,34;45;178;202;264;295;297;350;355;369;416;799;875,178;202;295;350;355;416;799;875,178;350;416;355;799,178;297;350;355;356;416;799;952,8,178;297;356;350;952;799,178;297;356;350;952;799
27,train,sem_0014,pref:future_will,para4,tense,He will enjoy a novel.,457;541;867,541,336.0,372.0,457.0,361.0,519.0,626.0,540.0,603.0,798.0,,,541,457,336,372,519.0,540.0,626.0,361.0,316.0,851.0,508.0,899.0,541,457.0,374.0,336.0,167.0,231.0,361.0,519.0,499.0,540.0,372.0,508.0,541;336;372;457;361;519;626;540;603;798,541;457;336;372;519;540;626;361;316;851;508;899,541;457;374;336;167;231;361;519;499;540;372;508,336;361;372;457;508;519;540;541;626,9,336;361;372;457;519;540;541,7,22,5,541;336;372;361;457;519;540;603,541;457;167;231;336;374;361;372;499;508;519;540,541;457;336;372;361;540;626;519;316;167;374;231,167;231;336;361;372;374;457;519;540;541,336;361;372;457;519;540;541,167;231;336;361;372;374;457;519;540;541;867,336;361;372;457;519;540;541;867,541,161;167;336;361;372;374;519;539;540;541;854,11,541;161;372;336;167;540;854;361;539;374;519,541;161;372;336;167;540;854;361;539;374;519
28,train,sem_seed_learn_emph_do,learn:emph_do,singleton,single-seed,I do practice a book.,,502,752.0,333.0,543.0,702.0,321.0,340.0,537.0,347.0,187.0,,,502,752,537,347,333.0,704.0,360.0,394.0,4.0,477.0,939.0,733.0,477,333.0,939.0,704.0,752.0,394.0,4.0,360.0,502.0,926.0,290.0,585.0,502;752;333;543;702;321;340;537;347;187,502;752;537;347;333;704;360;394;4;477;939;733,477;333;939;704;752;394;4;360;502;926;290;585,4;333;347;360;394;477;502;537;704;752;939,11,333;502;752,3,21,5,502;752;333;702;543;321;340;537;187;347,4;333;360;394;477;502;704;752;939;77;290;585,752;502;333;537;347;704;939;477;4;360;394;702,4;333;347;360;394;477;502;537;702;704;752;939,333;502;752,4;333;347;360;394;477;502;537;702;704;752;939,333;502;752,,333;340;502;752,4,752;502;340;333,752;502;340;333
29,train,sem_0303,move:decl,para3,lex,She come to the station.,322;397,292,583.0,89.0,396.0,948.0,730.0,769.0,803.0,753.0,322.0,2.0,998.0,292,583,396,934,2.0,322.0,691.0,397.0,608.0,82.0,855.0,945.0,2,396.0,292.0,583.0,322.0,934.0,397.0,691.0,17.0,853.0,591.0,948.0,292;583;89;396;948;730;769;803;753;322;2;998,292;583;396;934;2;322;691;397;608;82;855;945,2;396;292;583;322;934;397;691;17;853;591;948,2;292;322;396;397;583;691;934;948,9,2;292;322;396;583,5,24,5,292;583;396;948;730;89;769;322;753;2;998;803,2;292;322;396;583;934;397;691;17;82;224;286,583;292;2;934;396;322;691;397;855;82;608;549,2;82;292;322;396;397;583;691;934,2;292;322;396;583,2;82;292;322;396;397;583;691;934,2;292;322;396;397;583,292;322;396;583;2;89,2;89;140;292;322;396;397;467;526;583;662;670;717;730;998,15,292;322;397;998;583;89;662;730;526;467;670;140;717,292;322;397;998;583;89;662;730;526;467;670;140;717
30,train,sem_0081,play:front_place,para3,order,"at the park, I play a song.",139;424,139,984.0,892.0,473.0,124.0,134.0,550.0,851.0,403.0,880.0,841.0,198.0,53,139,841,880,523.0,270.0,579.0,403.0,176.0,473.0,134.0,124.0,139,53.0,579.0,523.0,841.0,270.0,522.0,387.0,892.0,124.0,134.0,473.0,139;984;892;473;124;134;550;851;403;880;841;198,53;139;841;880;523;270;579;403;176;473;134;124,139;53;579;523;841;270;522;387;892;124;134;473,53;124;134;139;270;403;473;523;579;841;880;892,12,124;134;139;473;841,5,27,7,139;984;892;124;473;134;851;550,139;53;579;270;387;522;523;841;78;124;134;473,139;53;841;880;579;892;473;984;134;124;270;523,53;124;134;139;270;473;523;579;841;892;984,124;134;139;473,53;124;134;139;270;424;473;523;579;841;892;984,124;134;139;424;473,139,139,1,,
31,train,sem_seed_pref_future_will,pref:future_will,singleton,single-seed,She will like juice.,,963,353.0,517.0,486.0,728.0,,,,,,,,963,353,517,913,767.0,699.0,727.0,243.0,199.0,844.0,252.0,875.0,699,913.0,767.0,963.0,844.0,243.0,252.0,727.0,199.0,,,,963;353;517;486;728,963;353;517;913;767;699;727;243;199;844;252;875,699;913;767;963;844;243;252;727;199,199;243;252;353;517;699;727;767;844;913;963,11,963,1,20,4,963;353;517;486;728,699;767;913;199;243;252;727;844;963,963;517;353;913;767;699;243;727;844;199;252;519,199;243;252;353;517;699;727;767;844;913;963,963,199;243;252;353;517;699;727;767;844;913;963,963,243;913,104;116;243;452;486;516;728;767;913,9,913;116;516;452;767;728;104;486;243,913;116;516;452;767;728;104;486;243
32,train,sem_single_0937,social:wh_when,singleton,single,When does He take?,,95,621.0,126.0,154.0,844.0,708.0,169.0,174.0,,,,,621,95,154,126,708.0,174.0,169.0,844.0,819.0,613.0,916.0,307.0,95,154.0,621.0,126.0,169.0,613.0,708.0,819.0,174.0,844.0,916.0,,95;621;126;154;844;708;169;174,621;95;154;126;708;174;169;844;819;613;916;307,95;154;621;126;169;613;708;819;174;844;916,95;126;154;169;174;613;621;708;819;844;916,11,95;126;154;169;174;621;708;844,8,18,4,621;95;154;126;844;169;708;174,95;126;154;621;169;174;613;708;819;844;916,154;621;95;126;174;169;844;708;613;916;819;994,95;126;154;169;174;613;621;708;819;844;916,95;126;154;169;174;621;708;844,95;126;154;169;174;613;621;708;819;844;916,95;126;154;169;174;621;708;844,,95;126,2,126;95,126;95
33,train,sem_0291,social:decl,para3,lex,They make a ticket.,98;829,186,572.0,98.0,933.0,915.0,829.0,697.0,700.0,822.0,371.0,76.0,,98,697,933,829,822.0,49.0,371.0,661.0,915.0,186.0,6.0,572.0,697,98.0,933.0,822.0,829.0,330.0,915.0,920.0,930.0,943.0,952.0,897.0,186;572;98;933;915;829;697;700;822;371;76,98;697;933;829;822;49;371;661;915;186;6;572,697;98;933;822;829;330;915;920;930;943;952;897,98;186;371;572;697;822;829;915;933,9,98;697;822;829;915;933,6,19,4,186;572;933;98;915;697;700;822;371;829,98;697;933;822;829;38;43;49;90;99;103;109,98;697;933;822;661;49;371;915;186;829;746;38,38;49;98;186;371;697;822;829;915;933,98;697;822;829;933,38;49;98;186;371;697;822;829;915;933,98;697;822;829;933,,98,1,98,98
34,train,sem_0221,social:decl,para3,base,We help a friend.,399;667,399,659.0,62.0,695.0,190.0,380.0,205.0,862.0,674.0,350.0,178.0,26.0,399,659,62,695,674.0,380.0,298.0,190.0,26.0,178.0,862.0,205.0,399,659.0,298.0,695.0,380.0,62.0,674.0,416.0,442.0,959.0,997.0,393.0,399;659;62;695;190;380;205;862;674;350;178;26,399;659;62;695;674;380;298;190;26;178;862;205,399;659;298;695;380;62;674;416;442;959;997;393,26;62;178;190;205;298;380;399;659;674;695;862,12,62;380;399;659;674;695,6,17,4,399;659;62;695;190;380;862;178;350;26;581;208,399;298;380;659;695;62;674;5;26;52;118;135,399;659;62;695;674;380;298;190;178;416;208;205,26;62;178;190;208;298;380;399;659;674;695,62;380;399;659;695,26;62;178;190;208;298;380;399;659;667;674;695,62;380;399;659;667;695,659;399;62,62;399;659,3,659;62;399,659;62;399
35,train,sem_single_0944,play:wh_when,singleton,single,When do They play?,,886,331.0,816.0,843.0,621.0,162.0,,,,,,,886,843,816,331,621.0,198.0,324.0,373.0,970.0,97.0,204.0,725.0,843,816.0,331.0,886.0,198.0,511.0,496.0,575.0,621.0,638.0,124.0,234.0,886;331;816;843;621;162,886;843;816;331;621;198;324;373;970;97;204;725,843;816;331;886;198;511;496;575;621;638;124;234,198;331;621;816;843;886,6,331;621;816;843;886,5,18,4,886;843;816;621;331;124;801;511,331;816;843;886;198;511;97;124;162;204;234;324,886;843;816;331;621;204;97;373;324;970;725;198,97;124;198;204;324;331;511;621;816;843;886,331;816;843;886,97;124;198;204;324;331;511;621;816;843;886,331;816;843;886,843;886;621,621;843;886,3,,
36,train,sem_0275,drink:going_to,para3,tense,She is going to sip coffee.,641;929,876,25.0,929.0,555.0,815.0,192.0,655.0,745.0,866.0,518.0,905.0,427.0,876,929,518,397,745.0,427.0,893.0,905.0,615.0,703.0,815.0,555.0,876,929.0,518.0,745.0,427.0,397.0,615.0,905.0,619.0,893.0,301.0,703.0,876;25;929;555;815;192;655;745;866;518;905;427,876;929;518;397;745;427;893;905;615;703;815;555,876;929;518;745;427;397;615;905;619;893;301;703,397;427;518;555;615;703;745;815;876;893;905;929,12,427;518;745;876;905;929,6,27,6,876;555;929;25;815;655;866;192;905;615;518;745,876;518;929;397;427;745;301;615;619;703;893;905,876;929;518;397;815;655;555;25;427;745;893;905,25;397;427;518;555;615;655;745;815;876;893;905;929,518;745;876;905;929,25;397;427;518;555;615;641;655;745;815;876;893;905;929,518;641;745;876;905;929,929;876,192;555;815;876;929,5,192;929;555;815;876,192;929;555;815;876
37,train,sem_0085,pref:decl,para3,lex,They enjoy pizza.,99;414,774,501.0,436.0,411.0,,,,,,,,,501,774,436,529,987.0,577.0,50.0,411.0,349.0,92.0,628.0,620.0,436,411.0,501.0,987.0,529.0,577.0,774.0,50.0,349.0,,,,774;501;436;411,501;774;436;529;987;577;50;411;349;92;628;620,436;411;501;987;529;577;774;50;349,50;349;411;436;501;529;577;774;987,9,411;436;501;774,4,17,3,774;501;436,50;411;436;501;529;577;774;987;349,774;501;529;987;50;436;577;411;349;516;316;632,50;349;411;436;501;529;577;774;987,436;501;774,50;99;349;411;414;436;501;529;577;774;987,99;414;436;501;774,436;501;774;411;349;335;529;50;987;577,50;335;349;411;436;501;529;577;707;774;804;987,12,501;436;774;529;349;335;577;411;804;987;707;50,501;436;774;529;349;335;577;411;804;987;707;50
38,train,sem_0017,social:decl,para4,base,He make a sandwich.,887;910;911,911,617.0,910.0,500.0,118.0,818.0,80.0,678.0,99.0,108.0,408.0,177.0,911,16,513,113,504.0,910.0,899.0,933.0,33.0,697.0,746.0,489.0,16,513.0,911.0,113.0,504.0,899.0,910.0,489.0,10.0,624.0,177.0,178.0,911;617;910;500;118;818;80;678;99;108;408;177,911;16;513;113;504;910;899;933;33;697;746;489,16;513;911;113;504;899;910;489;10;624;177;178,16;113;177;489;504;513;899;910;911,9,910;911,2,19,4,911;617;118;818;80;678;407;99;108;177;624;623,16;513;911;113;504;899;910;10;489;14;33;74,911;16;513;933;746;697;33;113;899;504;910;822,16;33;113;504;513;899;910;911,911,16;33;113;504;513;887;899;910;911,887;910;911,910;911;513,108;177;504;513;818;899;910;911,8,910;899;504;513;818;177;911;108,910;899;504;513;818;177;911;108
39,train,sem_single_0955,play:wh_where,singleton,single,Where does She play?,,736,609.0,946.0,621.0,613.0,708.0,938.0,174.0,169.0,819.0,916.0,844.0,609,736,819,916,946.0,613.0,621.0,267.0,708.0,844.0,169.0,748.0,736,609.0,688.0,621.0,748.0,938.0,844.0,708.0,613.0,916.0,464.0,946.0,736;609;946;621;613;708;938;174;169;819;916;844,609;736;819;916;946;613;621;267;708;844;169;748,736;609;688;621;748;938;844;708;613;916;464;946,169;609;613;621;708;736;748;819;844;916;938;946,12,609;613;621;708;736;844;916;946,8,20,4,736;609;946;621;613;916;819;938;169;708;844;174,609;736;688;169;174;464;613;621;708;748;819;844,609;736;916;819;946;613;621;267;688;169;708;174,169;174;609;613;621;688;708;736;819;844;916;946,169;174;609;613;621;708;736;819,169;174;609;613;621;688;708;736;819;844;916;946,169;174;609;613;621;708;736;819,736,736,1,,
40,train,sem_seed_eat_present_cont,eat:present_cont,singleton,single-seed,He is eating lunch.,,494,113.0,682.0,,,,,,,,,,494,113,703,329,278.0,766.0,839.0,184.0,567.0,757.0,345.0,682.0,703,766.0,567.0,839.0,184.0,757.0,278.0,345.0,751.0,682.0,494.0,325.0,494;113;682,494;113;703;329;278;766;839;184;567;757;345;682,703;766;567;839;184;757;278;345;751;682;494;325,113;184;278;345;494;567;682;703;757;766;839,11,494;682,2,20,4,494;113;682,703;184;278;567;757;766;839;325;345;494;682;751,494;113;703;766;757;184;278;567;839;345;682;325,113;184;278;325;345;494;567;682;703;757;766;839,494;682,113;184;278;325;345;494;567;682;703;757;766;839,494;682,839;504;567,184;494;504;567;839,5,839;494;184,839;494;184
41,train,sem_single_0964,acq:perfect_pr,singleton,single,He has ordered pizza.,,120,724.0,565.0,671.0,847.0,921.0,218.0,987.0,344.0,211.0,,,724,120,437,910,89.0,11.0,847.0,211.0,868.0,887.0,218.0,658.0,724,868.0,218.0,887.0,120.0,437.0,,,,,,,120;724;565;671;847;921;218;987;344;211,724;120;437;910;89;11;847;211;868;887;218;658,724;868;218;887;120;437,120;211;218;437;724;847;868;887,8,120;218;724,3,21,4,120;724;565;671,724;218;868;887;120;437,724;120;437;11;847;211;910;887;218;868;89;401,120;218;437;724;868;887,120;724,120;218;437;724;868;887,120;724,724;120;868;218;987,120;157;218;344;381;671;724;868;921;987,10,724;120;921;868;157;381;218;671;987;344,724;120;921;868;157;381;218;671;987;344
42,train,sem_0028,learn:going_to,para4,tense,They are going to read music.,210;339;479,758,339.0,433.0,804.0,656.0,161.0,518.0,389.0,823.0,561.0,381.0,526.0,758,656,381,804,526.0,829.0,480.0,161.0,823.0,561.0,458.0,339.0,804,656.0,381.0,339.0,161.0,480.0,526.0,758.0,458.0,823.0,561.0,829.0,758;339;433;804;656;161;518;389;823;561;381;526,758;656;381;804;526;829;480;161;823;561;458;339,804;656;381;339;161;480;526;758;458;823;561;829,161;339;381;458;480;526;561;656;758;804;823;829,12,161;339;381;526;561;656;758;804;823,9,29,6,758;339;433;656;804;518;389;561;161;526;381;458,339;381;656;804;161;458;480;526;561;758;823;829,656;339;758;804;381;526;672;561;480;458;823;161,161;339;381;458;480;526;561;656;758;804;823,161;339;381;458;526;561;656;758;804,161;210;339;381;458;479;480;526;561;656;758;804;823,161;210;339;381;458;479;526;561;656;758;804,339,339;479;866;895,4,339;866;895;479,339;866;895;479
43,train,sem_0240,acq:decl,para3,lex,They purchase a phone.,772;985,711,749.0,577.0,230.0,241.0,170.0,248.0,735.0,645.0,901.0,578.0,503.0,749,711,577,582,581.0,293.0,901.0,561.0,988.0,927.0,368.0,133.0,582,749.0,581.0,293.0,711.0,901.0,577.0,561.0,479.0,943.0,123.0,124.0,711;749;577;230;241;170;248;735;645;901;578;503,749;711;577;582;581;293;901;561;988;927;368;133,582;749;581;293;711;901;577;561;479;943;123;124,293;561;577;581;582;711;749;901,8,577;711;749;901,4,22,4,711;749;577;230;241;170;248;735;645;578;503;509,293;581;582;711;749;901;577;561;33;90;98;99,749;711;577;582;581;293;901;927;368;133;248;170,170;248;293;577;581;582;711;749;901,577;711;749,170;248;293;577;581;582;711;749;772;901;985,577;711;749;772;985,,417;561,2,417;561,417;561
44,train,sem_0004,social:past_simple,para4,tense,You met my teacher.,205;761;782,782,761.0,692.0,756.0,282.0,942.0,358.0,262.0,276.0,202.0,709.0,773.0,262,358,782,942,761.0,981.0,238.0,434.0,756.0,202.0,740.0,692.0,782,358.0,262.0,942.0,761.0,981.0,238.0,434.0,692.0,709.0,773.0,547.0,782;761;692;756;282;942;358;262;276;202;709;773,262;358;782;942;761;981;238;434;756;202;740;692,782;358;262;942;761;981;238;434;692;709;773;547,202;238;262;358;434;692;709;756;761;773;782;942;981,13,262;358;692;761;782;942,6,19,4,782;761;756;692;942;358;709;262;202;276;282;773,262;358;782;942;238;761;981;434;56;60;202;229,942;358;782;262;981;761;238;434;229;547;202;692,202;229;238;262;358;434;692;761;782;942;981,202;262;358;761;782;942,202;205;229;238;262;358;434;692;761;782;942;981,202;205;262;358;761;782;942,782;761,358;761;782,3,782;358;761,782;358;761
45,train,sem_0040,call:decl,para4,base,She call my father.,605;631;721,605,127.0,721.0,129.0,257.0,370.0,964.0,709.0,328.0,343.0,291.0,130.0,605,129,721,127,130.0,257.0,834.0,850.0,291.0,106.0,498.0,60.0,605,129.0,127.0,291.0,257.0,834.0,850.0,721.0,106.0,498.0,371.0,370.0,605;127;721;129;257;370;964;709;328;343;291;130,605;129;721;127;130;257;834;850;291;106;498;60,605;129;127;291;257;834;850;721;106;498;371;370,106;127;129;130;257;291;370;498;605;721;834;850,12,127;129;257;291;605;721,6,19,4,127;605;721;129;257;370;709;964;328;343;308;291,605;129;127;257;291;834;850;721;106;498;26;56,605;127;129;721;257;291;834;850;106;130;709;358,106;127;129;257;291;605;709;721;834;850,127;129;257;291;605;721,106;127;129;257;291;605;631;709;721;834;850,127;129;257;291;605;631;721,834;291;257;605;129;370;127;721;693;284;850;106;133;817;328;631;392,106;127;129;133;257;284;291;328;343;370;392;461;469;574;605;631;689;693;721;817;834;850;881,23,834;605;291;257;284;850;343;106;127;133;881;817;574;461;693;129;370;689;469,834;605;291;257;284;850;343;106;127;133;881;817;574;461;693;129;370;689;469
46,train,sem_single_0933,play:going_to,singleton,single,You are going to play a game.,,656,512.0,531.0,837.0,723.0,462.0,808.0,464.0,458.0,905.0,806.0,801.0,656,458,806,531,723.0,905.0,947.0,434.0,837.0,200.0,492.0,161.0,656,837.0,458.0,806.0,531.0,200.0,947.0,723.0,905.0,55.0,561.0,505.0,656;512;531;837;723;462;808;464;458;905;806;801,656;458;806;531;723;905;947;434;837;200;492;161,656;837;458;806;531;200;947;723;905;55;561;505,200;458;531;656;723;806;837;905;947,9,458;531;656;723;806;837;905,7,29,7,656;512;462;837;723;808;464;531;458;905;806;801,656;837;458;531;806;200;723;905;947;55;161;434,656;458;723;947;905;531;806;837;434;200;829;161,161;200;434;458;531;656;723;806;837;905;947,458;531;656;723;806;837;905,161;200;434;458;531;656;723;806;837;905;947,458;531;656;723;806;837;905,837;808;890;512,512;808;837;890,4,837,837
47,train,sem_seed_social_wh_what,social:wh_what,singleton,single-seed,What do We choose?,,622,980.0,86.0,593.0,,,,,,,,,980,86,622,593,254.0,738.0,731.0,496.0,488.0,271.0,234.0,189.0,593,86.0,622.0,980.0,189.0,271.0,254.0,234.0,402.0,204.0,323.0,488.0,622;980;86;593,980;86;622;593;254;738;731;496;488;271;234;189,593;86;622;980;189;271;254;234;402;204;323;488,86;189;234;254;271;488;593;622;980,9,86;593;622;980,4,18,4,622;86;980;593,86;593;622;980;189;204;234;254;271;280;323;402,86;980;593;622;189;234;488;496;738;254;271;731,86;189;234;254;271;593;622;980,86;593;622;980,86;189;234;254;271;593;622;980,86;593;622;980,,86,1,86,86
48,train,sem_0297,watch:front_place,para3,order,"at the office, He view a movie.",732;792,732,635.0,220.0,270.0,272.0,246.0,777.0,965.0,928.0,759.0,164.0,745.0,732,635,53,928,246.0,220.0,759.0,164.0,327.0,228.0,883.0,270.0,732,489.0,53.0,965.0,270.0,10.0,635.0,220.0,882.0,991.0,256.0,642.0,732;635;220;270;272;246;777;965;928;759;164;745,732;635;53;928;246;220;759;164;327;228;883;270,732;489;53;965;270;10;635;220;882;991;256;642,53;164;220;246;270;635;732;759;928;965,10,220;270;635;732,4,31,7,732;220;635;272;246;270;777;965;928;759;164;228,732;10;53;270;489;635;965;220;882;991;112;246,732;635;220;928;246;272;53;164;228;883;759;327,53;164;220;228;246;270;272;635;732;759;928;965,220;246;635;732,53;164;220;228;246;270;272;635;732;759;792;928;965,220;246;635;732;792,732,732,1,732,732
49,train,sem_0015,social:front_time,para4,order,"Today, They make coffee.",7;661;822,822,661.0,6.0,933.0,382.0,371.0,72.0,,,,,,822,661,6,382,371.0,33.0,697.0,933.0,588.0,666.0,835.0,904.0,822,661.0,588.0,835.0,666.0,904.0,6.0,382.0,697.0,33.0,371.0,933.0,822;661;6;933;382;371;72,822;661;6;382;371;33;697;933;588;666;835;904,822;661;588;835;666;904;6;382;697;33;371;933,6;33;371;382;588;661;666;697;822;835;904;933,12,6;371;382;661;822;933,6,24,4,822;661;6;933;382;371,822;661;588;666;835;904;6;33;371;382;697;933,822;661;6;382;933;33;371;697;588;666;904;835,6;33;371;382;588;661;666;697;822;835;904;933,6;371;382;661;822;933,6;7;33;371;382;588;661;666;697;822;835;904;933,6;7;371;382;661;822;933,822,822,1,822,822
50,train,sem_0186,acq:decl,para3,base,They pick pizza.,628;749,628,943.0,90.0,,,,,,,,,,628,943,90,303,987.0,577.0,436.0,411.0,37.0,529.0,349.0,804.0,628,37.0,987.0,529.0,436.0,577.0,411.0,349.0,90.0,943.0,303.0,,628;943;90,628;943;90;303;987;577;436;411;37;529;349;804,628;37;987;529;436;577;411;349;90;943;303,37;90;303;349;411;436;529;577;628;943;987,11,90;628;943,3,16,3,628;90;943,37;411;436;529;577;628;987;90;349;943;303,628;943;90;303;37;411;436;987;577;529;349;408,37;90;303;349;411;436;529;577;628;943;987,90;628;943,37;90;303;349;411;436;529;577;628;749;943;987,90;628;749;943,987;411;628;436;37;577;529,37;349;411;436;529;577;628;707;987,9,436;411;577;529;628;987;707;349;37,436;411;577;529;628;987;707;349;37
51,train,sem_0090,eat:present_cont,para3,tense,I am having pizza.,108;869,869,218.0,705.0,884.0,504.0,102.0,463.0,529.0,,,,,787,764,68,472,191.0,811.0,173.0,18.0,893.0,884.0,96.0,504.0,869,503.0,774.0,335.0,565.0,491.0,120.0,764.0,787.0,685.0,,,869;218;705;884;504;102;463;529,787;764;68;472;191;811;173;18;893;884;96;504,869;503;774;335;565;491;120;764;787;685,504;764;787;869;884,5,,0,19,4,,335;503;565;774;869;120;491;685;764;787,764;787;884;811;68;191;472;774;503;565;335;869,335;503;565;764;774;787;869,,108;335;503;565;764;774;787;869,108;869,869;120;774;565;335;705;503;463,120;335;463;503;565;705;774;804;869,9,869;120;774;804;335;705;463,869;120;774;804;335;705;463
52,train,sem_0076,watch:decl,para3,base,We view a show.,618,882,475.0,410.0,506.0,889.0,732.0,648.0,220.0,618.0,272.0,,,410,882,475,506,618.0,889.0,155.0,734.0,362.0,447.0,259.0,220.0,410,475.0,618.0,882.0,506.0,155.0,734.0,889.0,362.0,447.0,808.0,833.0,882;475;410;506;889;732;648;220;618;272,410;882;475;506;618;889;155;734;362;447;259;220,410;475;618;882;506;155;734;889;362;447;808;833,155;220;362;410;447;475;506;618;734;882;889,11,410;475;506;618;882;889,6,15,4,882;475;410;506;732;220;648;272;618,410;475;618;882;155;506;734;889;362;447;5;34,410;475;882;506;618;155;734;889;447;362;220;259,155;220;362;410;447;475;506;618;734;882;889,410;475;506;618;882,155;220;362;410;447;475;506;618;734;882;889,410;475;506;618;882,410;618;475;734;780;330;390;889;506;882,330;390;410;418;475;506;618;734;780;882;889,11,410;475;390;734;618;330;418;882,410;475;390;734;618;330;418;882
53,train,sem_0296,pref:front_place,para3,order,"at the office, I prefer a song.",78;443,78,270.0,246.0,759.0,228.0,164.0,883.0,48.0,664.0,,,,327,78,30,270,48.0,246.0,928.0,759.0,883.0,228.0,164.0,664.0,78,30.0,327.0,522.0,48.0,387.0,270.0,995.0,139.0,878.0,450.0,928.0,78;270;246;759;228;164;883;48;664,327;78;30;270;48;246;928;759;883;228;164;664,78;30;327;522;48;387;270;995;139;878;450;928,30;48;78;164;228;246;270;327;664;759;883;928,12,48;78;270,3,31,7,78;270;246;759;228;883;164;664;48,78;30;327;48;270;387;522;139;995;183;246;450,78;327;30;246;928;270;48;228;883;164;759;669,30;48;78;164;228;246;270;327;759;883,48;78;246;270,30;48;78;164;228;246;270;327;443;759;883,48;78;246;270;443,78,78,1,,
54,train,sem_0052,watch:front_time,para4,order,"Today, I observe a movie.",490;852;982,490,112.0,991.0,861.0,713.0,982.0,536.0,72.0,719.0,524.0,558.0,418.0,112,490,536,982,991.0,861.0,713.0,181.0,72.0,290.0,651.0,811.0,490,112.0,536.0,982.0,991.0,651.0,713.0,861.0,747.0,72.0,290.0,896.0,490;112;991;861;713;982;536;72;719;524;558;418,112;490;536;982;991;861;713;181;72;290;651;811,490;112;536;982;991;651;713;861;747;72;290;896,72;112;290;490;536;651;713;861;982;991,10,72;112;490;536;713;861;982;991,8,25,5,490;112;991;861;713;536;982;719;72;524;418;792,490;112;536;982;651;713;861;991;72;181;290;747,112;490;536;982;991;713;861;72;181;651;290;832,72;112;181;290;490;536;651;713;861;982;991,72;112;490;536;713;861;982;991,72;112;181;290;490;536;651;713;852;861;982;991,72;112;490;536;713;852;861;982;991,490;112;982;536;713;72;852;935;811,72;112;490;536;713;811;852;861;935;982;991,11,982;490;112;536;991;861;852;811,982;490;112;536;991;861;852;811
55,train,sem_0124,eat:going_to,para3,tense,We are going to eat a sandwich.,177;705,492,177.0,108.0,677.0,505.0,500.0,899.0,758.0,497.0,118.0,531.0,161.0,492,758,505,177,497.0,46.0,561.0,531.0,161.0,829.0,806.0,458.0,492,177.0,758.0,505.0,480.0,806.0,561.0,458.0,829.0,46.0,161.0,531.0,492;177;108;677;505;500;899;758;497;118;531;161,492;758;505;177;497;46;561;531;161;829;806;458,492;177;758;505;480;806;561;458;829;46;161;531,46;161;177;458;492;497;505;531;561;758;806;829,12,161;177;492;505;531;758,6,31,7,492;177;108;677;505;899;758;497;500,492;177;505;758;46;161;458;480;497;531;561;806,492;177;758;505;497;677;108;723;531;458;480;829,108;177;458;480;492;497;505;531;677;758,177;492;497;505;758,108;177;458;480;492;497;505;531;677;705;758,177;492;497;505;705;758,492;177;118;108;677,80;108;118;177;393;492;617;677;798;818;899;944,12,492;177;118;899;108;818;617;677;798;80;944;393,492;177;118;899;108;818;617;677;798;80;944;393
56,train,sem_0135,call:decl,para3,lex,You text my father.,22;739,850,247.0,498.0,341.0,701.0,58.0,820.0,599.0,692.0,756.0,439.0,817.0,850,247,498,58,692.0,701.0,756.0,599.0,668.0,557.0,820.0,612.0,850,247.0,498.0,371.0,612.0,689.0,942.0,701.0,692.0,291.0,284.0,782.0,850;247;498;341;701;58;820;599;692;756;439;817,850;247;498;58;692;701;756;599;668;557;820;612,850;247;498;371;612;689;942;701;692;291;284;782,58;247;498;599;612;692;701;756;820;850,10,247;498;692;701;850,5,19,4,850;247;498;58;701;599;820;756;692;817;439;341,850;247;498;44;45;58;127;133;262;284;291;320,850;247;498;599;58;756;701;692;820;817;291;320,58;247;291;320;498;599;692;701;756;817;820;850,58;247;498;850,22;58;247;291;320;498;599;692;701;739;756;817;820;850,22;58;247;498;739;850,850;341;599;58,58;247;341;599;850,5,850;341;247;599,850;341;247;599
57,train,sem_seed_learn_past_cont,learn:past_cont,singleton,single-seed,She was reading a song.,,996,,,,,,,,,,,,940,996,391,771,827.0,180.0,989.0,20.0,113.0,530.0,201.0,682.0,180,771.0,827.0,989.0,940.0,20.0,530.0,,,,,,996,940;996;391;771;827;180;989;20;113;530;201;682,180;771;827;989;940;20;530,20;180;530;771;827;940;989;996,8,,0,24,5,996,180;771;827;989;20;940;530,940;996;391;771;827;180;989;20;113;201;682;530,20;180;530;771;827;940;989;996,,20;180;530;771;827;940;989;996,,989;775;900;826,775;826;900;989,4,989;775;826,989;775;826
58,train,sem_0109,call:decl,para3,base,He text my mother.,403;817,701,599.0,403.0,367.0,756.0,850.0,319.0,692.0,247.0,56.0,370.0,964.0,403,701,599,319,756.0,676.0,370.0,247.0,557.0,802.0,56.0,692.0,701,599.0,756.0,676.0,370.0,403.0,557.0,802.0,247.0,368.0,367.0,631.0,701;599;403;367;756;850;319;692;247;56;370;964,403;701;599;319;756;676;370;247;557;802;56;692,701;599;756;676;370;403;557;802;247;368;367;631,56;247;319;367;370;403;557;599;676;692;701;756;802,13,247;370;403;599;701;756,6,18,4,701;599;403;850;756;367;319;692;56;370;631;247,370;599;676;701;756;403;247;557;802;56;66;257,599;701;403;756;370;676;557;247;802;319;56;692,56;247;319;370;403;557;599;676;692;701;756;802,56;247;370;403;599;701;756,56;247;319;370;403;557;599;676;692;701;756;802;817,56;247;370;403;599;701;756;817,599;850;341;367;756;247;370;701;403;56,56;247;341;367;370;403;599;631;693;701;756;850,12,367;599;701;850;756;247;370;631;693,367;599;701;850;756;247;370;631;693
59,train,sem_0104,acq:future_will,para3,tense,We will pick a movie.,207;442,442,824.0,455.0,423.0,375.0,982.0,353.0,550.0,408.0,,,,442,455,824,982,353.0,423.0,410.0,550.0,135.0,5.0,963.0,513.0,442,455.0,135.0,824.0,5.0,550.0,423.0,982.0,410.0,353.0,,,442;824;455;423;375;982;353;550;408,442;455;824;982;353;423;410;550;135;5;963;513,442;455;135;824;5;550;423;982;410;353,5;135;353;410;423;442;455;550;824;982,10,353;423;442;455;550;824;982,7,21,5,442;824;455;423;353,442;5;135;455;824;353;410;423;550;982,442;824;455;353;982;423;5;135;550;410;963;408,5;135;353;410;423;442;455;550;824;982,353;423;442;455;824,5;135;207;353;410;423;442;455;550;824;982,207;353;423;442;455;824,442;824;943;375;455,375;442;455;824;943,5,442;824;943;375,442;824;943;375
60,train,sem_0148,call:decl,para3,lex,They call my teacher.,480;952,276,709.0,358.0,907.0,514.0,127.0,288.0,328.0,308.0,434.0,773.0,547.0,709,358,276,907,514.0,288.0,308.0,434.0,127.0,328.0,927.0,773.0,127,773.0,328.0,740.0,276.0,927.0,709.0,358.0,668.0,203.0,514.0,907.0,276;709;358;907;514;127;288;328;308;434;773;547,709;358;276;907;514;288;308;434;127;328;927;773,127;773;328;740;276;927;709;358;668;203;514;907,127;276;288;308;328;358;434;514;709;773;907;927,12,127;276;328;358;514;709;773;907,8,21,4,709;276;358;907;514;127;328;288;308;434;547;773,127;276;328;358;709;740;773;927;203;514;668;907,276;709;358;907;514;328;127;927;740;773;288;434,127;276;288;328;358;434;514;709;740;773;907;927,127;276;328;358;514;709;773;907,127;276;288;328;358;434;480;514;709;740;773;907;927;952,127;276;328;358;480;514;709;773;907;952,358;927;276;709;547;773;907;262;740;942;514;328;127;238,127;238;262;276;328;358;434;514;547;709;740;773;782;907;927;942,16,358;276;907;740;927;547;709;434;262;773;782;942,358;276;907;740;927;547;709;434;262;773;782;942
61,train,sem_0183,move:decl,para3,base,We arrive at the city.,384;855,384,596.0,12.0,338.0,873.0,874.0,140.0,404.0,554.0,346.0,379.0,396.0,346,12,384,874,338.0,873.0,977.0,744.0,140.0,404.0,478.0,596.0,346,12.0,384.0,874.0,338.0,378.0,873.0,977.0,744.0,146.0,140.0,228.0,384;596;12;338;873;874;140;404;554;346;379;396,346;12;384;874;338;873;977;744;140;404;478;596,346;12;384;874;338;378;873;977;744;146;140;228,12;140;338;346;384;404;596;744;873;874;977,11,12;140;338;346;384;873;874,7,22,5,384;596;12;338;874;873;140;404;554;379;346;396,12;346;384;874;140;146;338;378;744;873;977;164,12;346;874;384;977;140;744;873;338;404;554;478,12;140;338;346;384;404;554;744;873;874;977,12;140;338;346;384;873;874,12;140;338;346;384;404;554;744;855;873;874;977,12;140;338;346;384;855;873;874,384;596;873,384;596;873,3,384;596;873,384;596;873
62,train,sem_0268,social:future_will,para3,tense,They will help a friend.,659;740,659,34.0,399.0,250.0,190.0,581.0,26.0,178.0,,,,,659,34,399,250,952.0,581.0,265.0,517.0,414.0,121.0,480.0,823.0,659,581.0,34.0,952.0,250.0,414.0,399.0,517.0,480.0,,,,659;34;399;250;190;581;26;178,659;34;399;250;952;581;265;517;414;121;480;823,659;581;34;952;250;414;399;517;480,34;250;399;414;480;517;581;659;952,9,34;250;399;581;659,5,24,5,659;34;399;250;190,659;34;581;952;250;399;414;517;480,659;34;399;250;952;581;265;414;517;121;349;661,34;250;399;414;517;581;659;952,34;250;399;659,34;250;399;414;517;581;659;740;952,34;250;399;659;740,659;34,34;659,2,659;34,659;34
63,train,sem_0051,watch:decl,para4,lex,She see a film.,220;272;745,956,219.0,199.0,377.0,240.0,248.0,618.0,792.0,190.0,230.0,935.0,207.0,219,956,430,190,248.0,199.0,509.0,708.0,780.0,950.0,240.0,616.0,219,430.0,248.0,199.0,956.0,190.0,509.0,943.0,151.0,603.0,935.0,616.0,956;219;199;377;240;248;618;792;190;230;935;207,219;956;430;190;248;199;509;708;780;950;240;616,219;430;248;199;956;190;509;943;151;603;935;616,190;199;219;240;248;430;509;616;935;956,10,190;199;219;248;956,5,15,4,956;219;199;240;377;618;792;248;230;190;935;207,219;190;199;248;430;956;509;14;26;109;131;151,219;956;248;430;199;190;708;509;780;950;151;618,151;190;199;219;248;430;509;618;956,190;199;219;248;956,151;190;199;219;220;248;272;430;509;618;745;956,190;199;219;220;248;272;745;956,220;956;219;861;199;603;272;430;190;248;768,190;199;219;220;248;272;430;603;768;861;956,11,956;219;199;603;220;430;861,956;219;199;603;220;430;861
64,train,sem_seed_move_ynq_do,move:ynq_do,singleton,single-seed,do I run to the city?,,209,179.0,769.0,450.0,803.0,385.0,396.0,301.0,,,,,209,179,769,450,385.0,803.0,396.0,934.0,301.0,807.0,842.0,387.0,769,209.0,179.0,450.0,385.0,396.0,352.0,934.0,753.0,936.0,948.0,803.0,209;179;769;450;803;385;396;301,209;179;769;450;385;803;396;934;301;807;842;387,769;209;179;450;385;396;352;934;753;936;948;803,179;209;301;385;396;450;769;803;934,9,179;209;385;396;450;769;803,7,21,6,209;179;769;450;803;396;385,179;209;450;769;385;23;71;352;396;608;669;753,209;179;769;450;385;803;396;934;842;301;807;522,179;209;385;396;450;769;803,179;209;385;396;450;769,179;209;385;396;450;769;803,179;209;385;396;450;769,209,179;209,2,179,179
65,train,sem_single_0916,eat:past_simple,singleton,single,You had dinner.,,917,791.0,533.0,211.0,11.0,253.0,420.0,,,,,,763,937,917,765,623.0,401.0,305.0,947.0,,,,,917,765.0,937.0,763.0,,,,,,,,,917;791;533;211;11;253;420,763;937;917;765;623;401;305;947,917;765;937;763,763;765;917;937,4,917,1,15,3,917;791,765;917;937;763,763;765;917;937;305;401;623;947;314;420;268;253,763;765;917;937,917,763;765;917;937,917,917;765,533;765;917,3,917;533,917;533
66,train,sem_single_0975,call:decl,singleton,single,We phone my mother.,,693,400.0,368.0,574.0,284.0,834.0,881.0,755.0,229.0,133.0,125.0,469.0,368,693,400,367,701.0,574.0,469.0,755.0,964.0,328.0,370.0,739.0,368,400.0,701.0,367.0,574.0,693.0,469.0,755.0,370.0,667.0,684.0,265.0,693;400;368;574;284;834;881;755;229;133;125;469,368;693;400;367;701;574;469;755;964;328;370;739,368;400;701;367;574;693;469;755;370;667;684;265,367;368;370;400;469;574;693;701;755,9,368;400;469;574;693;755,6,19,4,693;400;368;574;284;834;755;881;229;133;125;927,367;368;400;574;693;701;469;755;58;133;229;257,400;368;693;367;701;574;469;755;370;599;328;631,133;229;367;368;400;469;574;693;701;755,368;400;574;693;755,133;229;367;368;400;469;574;693;701;755,368;400;574;693;755,574;368;400;964;693;328;701;391;469;133;257;367;125;285;739;755,125;133;257;285;328;367;368;391;400;469;574;599;631;693;701;739;755;881;964,19,368;400;701;964;574;693;285;739;367;257;328;599;133;469;881;631;125,368;400;701;964;574;693;285;739;367;257;328;599;133;469;881;631;125
67,train,sem_seed_social_modal_can,social:modal_can,singleton,single-seed,We can choose a book.,,902,103.0,594.0,471.0,,,,,,,,,47,578,734,255,859.0,679.0,460.0,762.0,996.0,470.0,597.0,128.0,679,859.0,255.0,460.0,734.0,996.0,762.0,578.0,470.0,865.0,758.0,,902;103;594;471,47;578;734;255;859;679;460;762;996;470;597;128,679;859;255;460;734;996;762;578;470;865;758,255;460;470;578;679;734;762;859;996,9,,0,21,5,902;103;594,255;460;679;859;578;734;762;996;470;758;865,47;460;679;255;859;734;578;597;128;452;902;103,103;255;460;578;679;734;859;902,,103;255;460;578;679;734;859;902,,460,303;460,2,303,303
68,train,sem_0041,social:present_cont,para4,tense,I am choosing a game.,386;746;902,472,902.0,103.0,846.0,386.0,,,,,,,,472,191,811,96,787.0,764.0,51.0,18.0,173.0,893.0,902.0,512.0,472,950.0,512.0,746.0,902.0,925.0,386.0,811.0,191.0,221.0,579.0,96.0,472;902;103;846;386,472;191;811;96;787;764;51;18;173;893;902;512,472;950;512;746;902;925;386;811;191;221;579;96,96;191;386;472;512;811;902,7,472;902,2,22,5,902;472;103,472;512;746;902;925;950;191;221;386;811;579;96,472;191;811;787;764;51;96;950;925;512;746;902,96;191;472;512;746;811;902;925;950,472;902,96;191;386;472;512;746;811;902;925;950,386;472;746;902,902;103;386;512,103;386;512;902,4,902,902
69,train,sem_0217,watch:decl,para3,lex,You view a game.,200;558,648,475.0,506.0,635.0,732.0,220.0,,,,,,,648,635,475,779,506.0,837.0,636.0,251.0,616.0,170.0,294.0,890.0,475,648.0,890.0,294.0,616.0,558.0,438.0,170.0,636.0,837.0,251.0,388.0,648;475;506;635;732;220,648;635;475;779;506;837;636;251;616;170;294;890,475;648;890;294;616;558;438;170;636;837;251;388,170;251;294;475;506;616;635;636;648;837;890,11,475;648,2,16,4,648;475;506;635;732;220,170;251;294;438;475;558;616;636;648;837;890;200,648;475;506;635;837;294;636;616;558;251;438;170,170;251;294;438;475;506;558;616;635;636;648;837,475;648,170;200;251;294;438;475;506;558;616;635;636;648;837,200;475;558;648,251;616;558;925;200;644;240;109;681;648,109;200;240;244;251;472;558;616;644;648;681;925,12,251;616;558;244;472;925;644;648;240,251;616;558;244;472;925;644;648;240
70,train,sem_0228,eat:front_place,para3,order,"at the town, She eat dinner.",788;974,974,122.0,570.0,422.0,474.0,,,,,,,,974,422,570,122,878.0,873.0,642.0,556.0,256.0,548.0,228.0,883.0,974,422.0,642.0,878.0,873.0,256.0,286.0,246.0,928.0,556.0,17.0,478.0,974;122;570;422;474,974;422;570;122;878;873;642;556;256;548;228;883,974;422;642;878;873;256;286;246;928;556;17;478,122;256;422;556;570;642;873;878;974,9,422;974,2,28,6,974;122;570;422;474,974;422;17;246;256;286;556;642;873;878;928;228,974;122;570;422;556;642;873;878;256;548;17;286,17;122;256;286;422;556;570;642;873;878;974,422;974,17;122;256;286;422;556;570;642;788;873;878;974,422;788;974,974,974,1,,
71,train,sem_0006,move:front_place,para4,order,"to the town, I walk.",173;352;936,936,715.0,828.0,173.0,914.0,813.0,973.0,548.0,608.0,,,,936,715,828,813,753.0,914.0,352.0,608.0,790.0,945.0,173.0,591.0,936,828.0,715.0,753.0,608.0,352.0,945.0,813.0,790.0,914.0,173.0,948.0,936;715;828;173;914;813;973;548;608,936;715;828;813;753;914;352;608;790;945;173;591,936;828;715;753;608;352;945;813;790;914;173;948,173;352;608;715;753;790;813;828;914;936;945,11,173;608;715;813;828;914;936,7,20,5,936;715;828;914;813,936;352;608;715;753;828;173;790;813;914;945;17,936;715;828;813;753;914;352;608;945;790;173;591,173;352;608;715;753;790;813;828;914;936;945,715;813;828;914;936,173;352;608;715;753;790;813;828;914;936;945,173;352;715;813;828;914;936,936;173;828;608;715;813;352,173;352;608;715;813;828;936,7,936;173,936;173
72,train,sem_seed_watch_front_time,watch:front_time,singleton,single-seed,"Today, They see a movie.",,181,444.0,151.0,109.0,780.0,117.0,54.0,112.0,743.0,185.0,531.0,49.0,444,181,151,112,54.0,531.0,109.0,780.0,743.0,586.0,354.0,117.0,444,181.0,633.0,151.0,109.0,897.0,185.0,780.0,354.0,54.0,722.0,586.0,181;444;151;109;780;117;54;112;743;185;531;49,444;181;151;112;54;531;109;780;743;586;354;117,444;181;633;151;109;897;185;780;354;54;722;586,54;109;112;117;151;181;185;354;444;531;586;743;780,13,54;109;151;181;444;780,6,24,5,181;151;444;109;780;117;112;54;531;743,181;444;109;151;185;633;780;897;54;112;354;586,444;181;151;54;112;780;109;531;185;633;897;586,54;109;112;151;181;185;444;531;586;633;780;897,54;109;112;151;181;444;780,54;109;112;151;181;185;444;531;586;633;780;897,54;109;112;151;181;444;780,181;633;54;444,54;112;181;444;633,5,181;112;444,181;112;444
73,train,sem_0205,pref:past_simple,para3,tense,You enjoyed lunch.,242;937,567,242.0,,,,,,,,,,,567,242,309,454,848.0,494.0,216.0,,,,,,242,309.0,567.0,454.0,848.0,494.0,216.0,,,,,,567;242,567;242;309;454;848;494;216,242;309;567;454;848;494;216,216;242;309;454;494;567;848,7,242;567,2,18,3,567;242,242;309;454;567;494;848;216,567;454;309;242;848;494;216;788;784;432;239;483,216;242;309;454;494;567;848,242;567,216;242;309;454;494;567;848;937,242;567;937,242;567;309,242;309;494;567,4,242;567;309;494,242;567;309;494
74,train,sem_0190,pref:decl,para3,base,He prefer a book.,,794,8.0,810.0,650.0,983.0,383.0,951.0,78.0,393.0,757.0,686.0,812.0,8,794,810,983,650.0,951.0,471.0,867.0,877.0,502.0,686.0,757.0,794,867.0,502.0,8.0,877.0,471.0,508.0,810.0,983.0,650.0,969.0,686.0,794;8;810;650;983;383;951;78;393;757;686;812,8;794;810;983;650;951;471;867;877;502;686;757,794;867;502;8;877;471;508;810;983;650;969;686,8;471;502;650;686;757;794;810;867;877;951;983,12,8;650;686;794;810;983,6,17,4,794;8;810;650;983;951;383;78;393;757;686;495,8;471;502;794;867;877;508;810;650;969;983;686,8;794;810;757;686;983;650;471;502;867;877;318,8;471;502;650;686;757;794;810;867;877;983,8;650;686;794;810;983,8;471;502;650;686;757;794;810;867;877;983,8;650;686;794;810;983,794;8;867,8;650;794;810;867,5,794;8;867;650;810,794;8;867;650;810
75,train,sem_seed_eat_emph_do,eat:emph_do,singleton,single-seed,You did have pizza.,,869,463.0,218.0,705.0,102.0,529.0,252.0,804.0,658.0,404.0,,,463,404,705,218,529.0,869.0,102.0,252.0,120.0,147.0,658.0,804.0,463,869.0,344.0,218.0,750.0,707.0,529.0,705.0,102.0,917.0,848.0,80.0,869;463;218;705;102;529;252;804;658;404,463;404;705;218;529;869;102;252;120;147;658;804,463;869;344;218;750;707;529;705;102;917;848;80,102;218;252;404;463;529;658;705;804;869,10,102;218;463;529;705;869,6,19,4,218;869;463;705;102;529;252,463;102;218;344;529;705;707;750;869;917;80;120,463;705;218;102;529;869;404;252;120;344;707;147,102;120;218;252;344;463;529;705;707;869,102;218;463;529;705;869,102;120;218;252;344;463;529;705;707;869,102;218;463;529;705;869,463;707,463;707,2,463;707,463;707
76,train,sem_seed_acq_comparative,acq:comparative,singleton,single-seed,We prefer a ticket to that.,,630,383.0,186.0,393.0,915.0,812.0,33.0,,,,,,630,829,393,383,785.0,650.0,983.0,138.0,152.0,98.0,186.0,915.0,630,393.0,383.0,152.0,138.0,983.0,650.0,785.0,55.0,758.0,829.0,505.0,630;383;186;393;915;812;33,630;829;393;383;785;650;983;138;152;98;186;915,630;393;383;152;138;983;650;785;55;758;829;505,138;152;186;383;393;630;650;785;829;915;983,11,383;393;630,3,27,6,630;383;186,630;383;393;138;152;650;785;983;55;492;505;758,630;383;393;829;812;342;432;33;186;98;915;152,152;186;383;393;630,383;630,152;186;383;393;630,383;630,,,0,,
77,train,sem_single_0936,watch:ynq_do,singleton,single,do I view a film?,,259,903.0,732.0,,,,,,,,,,259,903,852,230,585.0,28.0,896.0,81.0,158.0,52.0,732.0,475.0,230,852.0,259.0,585.0,896.0,28.0,158.0,903.0,81.0,,,,259;903;732,259;903;852;230;585;28;896;81;158;52;732;475,230;852;259;585;896;28;158;903;81,28;81;158;230;259;585;732;852;896;903,10,259;903,2,17,5,259;903,230;259;852;28;585;896;81;158;903,259;903;852;230;585;28;896;475;732;220;882;648,28;230;259;585;852;896;903,259;903,28;230;259;585;852;896;903,259;903,896;852,852;896,2,896,896
78,train,sem_0296,pref:decl,para3,base,I prefer a song.,53;443,53,393.0,74.0,794.0,383.0,337.0,8.0,138.0,495.0,812.0,785.0,342.0,53,139,995,337,725.0,522.0,30.0,8.0,794.0,495.0,74.0,383.0,995,139.0,53.0,337.0,522.0,30.0,794.0,651.0,230.0,383.0,241.0,781.0,53;393;74;794;383;337;8;138;495;812;785;342,53;139;995;337;725;522;30;8;794;495;74;383,995;139;53;337;522;30;794;651;230;383;241;781,8;30;53;74;139;337;383;495;522;794;995,11,53;337;383;794,4,16,4,53;393;74;794;383;8;337;138;495;757;630,139;995;53;337;30;522;4;8;74;85;108;123,53;337;995;139;725;8;74;794;495;393;383;30,8;30;53;74;139;337;383;393;495;794;995,8;53;74;337,8;30;53;74;139;337;383;393;443;495;794;995,8;53;74;337;443,337;53,53;337,2,337,337
79,train,sem_0181,drink:front_place,para3,order,"in the cafe, He sip water.",405;486,405,528.0,805.0,308.0,489.0,721.0,,,,,,,405,532,528,865,721.0,523.0,979.0,111.0,807.0,783.0,144.0,805.0,405,783.0,805.0,532.0,962.0,807.0,523.0,865.0,489.0,270.0,965.0,979.0,405;528;805;308;489;721,405;532;528;865;721;523;979;111;807;783;144;805,405;783;805;532;962;807;523;865;489;270;965;979,405;489;523;528;532;721;783;805;807;865;979,11,405;805,2,26,6,405;528;308;805;721;489;532,405;783;532;805;807;962;111;270;308;489;523;721,405;528;532;807;783;979;523;111;721;865;144;805,111;308;405;489;523;528;532;721;783;805;807,405;532;721;805,111;308;405;486;489;523;528;532;721;783;805;807,405;486;532;721;805,405;555,405;555,2,,
80,train,sem_0000,eat:decl,para4,base,You have a sandwich.,707;763;960,118,818.0,678.0,763.0,960.0,15.0,100.0,559.0,500.0,910.0,99.0,617.0,960,763,818,118,678.0,944.0,15.0,100.0,559.0,646.0,317.0,696.0,763,960.0,118.0,678.0,646.0,818.0,340.0,580.0,559.0,317.0,100.0,15.0,118;818;678;763;960;15;100;559;500;910;99;617,960;763;818;118;678;944;15;100;559;646;317;696,763;960;118;678;646;818;340;580;559;317;100;15,15;100;118;317;559;646;678;763;818;960,10,15;100;118;559;678;763;818;960,8,20,4,118;818;678;763;960;15;559;99;617;623;100;38,763;960;118;646;678;818;15;100;317;340;366;559,763;960;818;678;118;944;100;559;15;646;917;750,15;100;118;559;646;678;763;818;960,15;100;118;559;678;763;818;960,15;100;118;559;646;678;707;763;818;960,15;100;118;559;678;707;763;818;960,763;118;646;678;108,55;99;100;108;118;177;366;500;525;617;623;646;678;763;798;818;960,17,763;118;500;818;678;177;100;646;108;623;617;525;960;798;366;55;99,763;118;500;818;678;177;100;646;108;623;617;525;960;798;366;55;99
81,train,sem_single_0997,acq:negative_simple,singleton,single,I do not purchase a movie.,,969,241.0,230.0,170.0,248.0,735.0,711.0,43.0,749.0,578.0,503.0,,158,896,969,198,244.0,537.0,447.0,738.0,204.0,241.0,735.0,230.0,896,158.0,230.0,490.0,651.0,735.0,241.0,585.0,811.0,982.0,28.0,54.0,969;241;230;170;248;735;711;43;749;578;503,158;896;969;198;244;537;447;738;204;241;735;230,896;158;230;490;651;735;241;585;811;982;28;54,158;230;241;735;896;969,6,230;241;735,3,26,6,969;241;230;170;735;711;248;43;749;578;503,896;158;230;241;490;651;735;28;54;77;536;585,896;158;969;738;204;241;230;735;503;244;537;198,158;230;241;503;735;896;969,230;241;735,158;230;241;503;735;896;969,230;241;735,651;747;230,230;651;747,3,651;747;230,651;747;230
82,train,sem_0293,move:decl,para3,lex,We come to the library.,188;809,224,544.0,466.0,357.0,855.0,12.0,396.0,183.0,608.0,304.0,292.0,29.0,357,855,649,29,2.0,292.0,396.0,934.0,583.0,608.0,544.0,224.0,855,649.0,934.0,29.0,346.0,87.0,292.0,544.0,2.0,549.0,803.0,304.0,224;544;466;357;855;12;396;183;608;304;292;29,357;855;649;29;2;292;396;934;583;608;544;224,855;649;934;29;346;87;292;544;2;549;803;304,2;29;224;292;304;357;396;544;608;649;855;934,12,29;292;544;855,4,23,5,544;466;855;357;224;12;396;183;304;608;292;29,855;649;2;12;29;87;224;292;304;346;396;544,855;649;357;2;292;583;29;396;608;934;304;224,2;12;29;224;292;304;357;396;544;608;649;855,29;224;292;304;396;855,2;12;29;188;224;292;304;357;396;544;608;649;809;855,29;188;224;292;304;396;809;855,12;379;346,12;346;379;544,4,12;544;379;346,12;544;379;346
83,train,sem_0118,learn:present_cont,para3,tense,We are learning a song.,433;997,762,687.0,997.0,797.0,771.0,,,,,,,,762,797,505,245,687.0,598.0,833.0,348.0,168.0,997.0,892.0,781.0,762,797.0,997.0,781.0,348.0,168.0,398.0,892.0,833.0,505.0,550.0,966.0,762;687;997;797;771,762;797;505;245;687;598;833;348;168;997;892;781,762;797;997;781;348;168;398;892;833;505;550;966,168;348;505;687;762;781;797;833;892;997,10,762;797;997,3,23,5,762;997;687;771;797,762;797;168;348;398;505;781;833;892;997;245;550,762;797;505;245;687;997;348;833;781;398;168;892,168;245;348;398;505;687;762;781;797;833;892;997,762;797;997,168;245;348;398;433;505;687;762;781;797;833;892;997,433;762;797;997,997,168;771;781;997,4,997;168;781;771,997;168;781;771
84,train,sem_0091,eat:front_time,para3,order,"Yesterday, I order dinner.",493;520,520,268.0,157.0,976.0,663.0,908.0,754.0,386.0,18.0,228.0,883.0,625.0,520,663,18,268,157.0,976.0,908.0,228.0,883.0,625.0,386.0,754.0,520,663.0,18.0,157.0,565.0,570.0,253.0,976.0,800.0,268.0,624.0,481.0,520;268;157;976;663;908;754;386;18;228;883;625,520;663;18;268;157;976;908;228;883;625;386;754,520;663;18;157;565;570;253;976;800;268;624;481,18;157;228;268;386;520;625;663;754;883;908;976,12,18;157;268;520;663;976,6,26,4,520;157;268;976;663;908;386;18;754;228;883;625,520;663;18;157;253;268;565;570;800;976;481;488,520;663;976;268;157;18;908;253;570;565;800;228,18;157;228;253;268;520;565;570;663;800;908;976,18;157;268;520;663;976,18;157;228;253;268;493;520;565;570;663;800;908;976,18;157;268;493;520;663;976,520,157;520,2,157,157
85,train,sem_0137,learn:decl,para3,base,I review a novel.,394;626,587,515.0,626.0,477.0,777.0,926.0,859.0,629.0,413.0,20.0,167.0,226.0,626,587,515,777,477.0,926.0,96.0,333.0,241.0,871.0,261.0,158.0,626,333.0,261.0,241.0,587.0,515.0,871.0,477.0,926.0,158.0,96.0,777.0,587;515;626;477;777;926;859;629;413;20;167;226,626;587;515;777;477;926;96;333;241;871;261;158,626;333;261;241;587;515;871;477;926;158;96;777,96;158;241;261;333;477;515;587;626;777;871;926,12,477;515;587;626;777;926,6,17,4,587;515;626;477;777;926;859;629;413;20;167;226,626;241;261;333;477;515;587;871;926;158;96;777,626;587;515;477;777;926;333;241;871;261;96;158,96;158;241;261;333;477;515;587;626;777;871;926,477;515;587;626;777;926,96;158;241;261;333;394;477;515;587;626;777;871;926,394;477;515;587;626;777;926,477;626;587;704;515;926;859;96;413;226;871;261;992,96;226;261;413;477;515;587;626;704;859;871;926;992,13,626;587;477;704,626;587;477;704
86,train,sem_seed_pref_wh_what,pref:wh_what,singleton,single-seed,What do We prefer?,,622,47.0,980.0,593.0,812.0,725.0,342.0,,,,,,47,980,593,622,138.0,271.0,234.0,488.0,189.0,738.0,254.0,731.0,980,47.0,622.0,593.0,138.0,432.0,342.0,812.0,496.0,694.0,323.0,402.0,622;47;980;593;812;725;342,47;980;593;622;138;271;234;488;189;738;254;731,980;47;622;593;138;432;342;812;496;694;323;402,47;138;342;593;622;812;980,7,47;593;622;980,4,18,4,622;593;47;980;725,47;593;622;980;138;342;432;812;189;204;234;254,593;980;47;622;138;271;189;488;254;496;234;731,47;138;189;234;254;593;622;980,47;593;622;980,47;138;189;234;254;593;622;980,47;593;622;980,,47,1,47,47
87,train,sem_seed_move_front_time,move:front_time,singleton,single-seed,"Today, We come to home.",,716,945.0,449.0,968.0,855.0,649.0,195.0,,,,,,716,449,945,649,968.0,855.0,82.0,313.0,842.0,195.0,468.0,583.0,968,716.0,649.0,855.0,82.0,449.0,945.0,,,,,,716;945;449;968;855;649;195,716;449;945;649;968;855;82;313;842;195;468;583,968;716;649;855;82;449;945,82;195;449;649;716;855;945;968,8,449;649;716;855;945;968,6,23,5,716;945;449;855;649;82,649;716;968;82;449;855;945,716;449;945;649;968;82;855;313;468;195;842;292,82;449;649;716;855;945;968,82;449;649;716;855;945,82;449;649;716;855;945;968,82;449;649;716;855;945,716;968,716;968,2,,
88,train,sem_0063,watch:front_time,para3,order,"Yesterday, We watch a game.",240;644,644,159.0,925.0,251.0,681.0,351.0,966.0,386.0,152.0,564.0,534.0,,644,564,251,925,159.0,681.0,351.0,386.0,734.0,966.0,152.0,808.0,644,240.0,681.0,925.0,159.0,808.0,251.0,564.0,966.0,734.0,386.0,152.0,644;159;925;251;681;351;966;386;152;564;534,644;564;251;925;159;681;351;386;734;966;152;808,644;240;681;925;159;808;251;564;966;734;386;152,152;159;251;351;386;564;644;681;734;808;925;966,12,152;159;251;386;564;644;681;925;966,9,27,5,644;159;925;251;681;351;386;966;152;564;534,644;159;240;251;681;808;925;564;152;351;386;734,644;159;681;925;251;386;351;564;734;152;966;808,152;159;251;351;386;564;644;681;734;808;925;966,152;159;251;351;386;564;644;681;925,152;159;240;251;351;386;564;644;681;734;808;925;966,152;159;240;251;351;386;564;644;681;925,644,644,1,644,644
89,train,sem_0214,move:perfect_pr,para3,tense,He has came to the station.,292;662,292,29.0,583.0,948.0,730.0,769.0,803.0,753.0,998.0,549.0,385.0,853.0,998,292,549,29,730.0,753.0,583.0,287.0,803.0,948.0,322.0,769.0,292,998.0,583.0,783.0,549.0,769.0,948.0,730.0,287.0,322.0,853.0,803.0,292;29;583;948;730;769;803;753;998;549;385;853,998;292;549;29;730;753;583;287;803;948;322;769,292;998;583;783;549;769;948;730;287;322;853;803,29;287;292;322;549;583;730;753;769;803;853;948;998,13,292;549;583;730;769;803;948;998,8,27,6,292;29;583;948;730;769;753;998;803;322;549;853,292;998;29;287;322;549;583;662;715;730;753;769,998;292;322;549;583;730;753;287;29;769;803;853,29;287;292;322;549;583;730;753;769;803;853;998,29;292;322;549;583;730;753;769;998,29;287;292;322;549;583;662;730;753;769;803;853;998,29;292;322;549;583;662;730;753;769;998,292;998;29,29;292;322;583;662;998,6,292;29;998;662;322;583,292;29;998;662;322;583
90,train,sem_0173,acq:decl,para3,base,They pick a novel.,303;711,303,943.0,50.0,442.0,408.0,824.0,513.0,712.0,,,,,303,943,50,712,628.0,442.0,513.0,824.0,408.0,161.0,979.0,59.0,303,712.0,943.0,50.0,161.0,979.0,604.0,587.0,633.0,677.0,659.0,678.0,303;943;50;442;408;824;513;712,303;943;50;712;628;442;513;824;408;161;979;59,303;712;943;50;161;979;604;587;633;677;659;678,50;161;303;408;442;513;712;824;943;979,10,50;303;712;943,4,18,4,303;943;50;442;824;513;408,303;712;943;50;161;979;33;43;85;98;99;103,303;943;50;712;408;824;513;442;628;171;59;979,50;303;408;442;513;712;824;943;979,50;303;943,50;303;408;442;513;711;712;824;943;979,50;303;711;943,303;594;712,303;594;712,3,303;594;712,303;594;712
91,train,sem_seed_learn_front_place,learn:front_place,singleton,single-seed,"in the office, We practice music.",,187,24.0,164.0,269.0,702.0,228.0,502.0,270.0,321.0,635.0,965.0,,635,965,270,777,187.0,639.0,24.0,164.0,228.0,640.0,702.0,880.0,164,228.0,640.0,880.0,639.0,865.0,270.0,965.0,160.0,111.0,635.0,777.0,187;24;164;269;702;228;502;270;321;635;965,635;965;270;777;187;639;24;164;228;640;702;880,164;228;640;880;639;865;270;965;160;111;635;777,24;164;187;228;270;635;639;640;702;777;880;965,12,164;228;270;635;965,5,33,6,187;24;702;269;164;228;502;270;321;635;965,164;228;639;640;880;111;160;270;455;635;777;865,187;965;270;777;635;24;639;164;228;702;640;315,24;164;187;228;270;635;639;640;702;777;965,164;228;270;635,24;164;187;228;270;635;639;640;702;777;965,164;228;270;635,,270,1,270,270
92,train,sem_0048,eat:front_place,para4,order,"in the library, They have pizza.",529;677;804,529,153.0,304.0,210.0,961.0,869.0,218.0,705.0,102.0,222.0,498.0,463.0,153,628,620,326,529.0,857.0,498.0,222.0,379.0,304.0,532.0,658.0,326,628.0,529.0,153.0,620.0,304.0,532.0,596.0,658.0,804.0,961.0,379.0,529;153;304;210;961;869;218;705;102;222;498;463,153;628;620;326;529;857;498;222;379;304;532;658,326;628;529;153;620;304;532;596;658;804;961;379,153;222;304;326;379;498;529;532;620;628;658;961,12,153;304;529,3,32,6,529;153;304;210;961;218;869;705;102;498;222;857,153;326;529;620;628;304;210;379;532;596;658;804,153;529;628;620;326;379;304;857;498;222;705;869,153;210;222;304;326;379;498;529;620;628;705;857;869,153;304;529,153;210;222;304;326;379;498;529;620;628;677;705;804;857;869,153;304;529;677;804,153,153;961,2,153;961,153;961
93,train,sem_0189,move:decl,para3,base,You return at the cafe.,521;842,521,863.0,165.0,878.0,237.0,556.0,183.0,214.0,110.0,553.0,378.0,338.0,521,863,553,729,404.0,237.0,165.0,214.0,556.0,878.0,110.0,183.0,521,863.0,553.0,729.0,404.0,237.0,165.0,214.0,110.0,183.0,878.0,146.0,521;863;165;878;237;556;183;214;110;553;378;338,521;863;553;729;404;237;165;214;556;878;110;183,521;863;553;729;404;237;165;214;110;183;878;146,110;165;183;214;237;404;521;553;556;729;863;878,12,110;165;183;214;237;521;553;863;878,9,23,5,863;165;521;878;237;556;183;214;110;553;378;338,521;553;863;404;729;165;237;107;110;146;183;214,521;863;553;237;165;404;729;556;183;110;214;878,110;165;183;214;237;404;521;553;556;729;863;878,110;165;183;214;237;521;553;863,110;165;183;214;237;404;521;553;556;729;842;863;878,110;165;183;214;237;521;553;842;863,521,338;404;521;553;729,5,521;553;729;338;404,521;553;729;338;404
94,train,sem_0055,social:perfect_pr,para4,tense,They have finished a game.,274;586;933,239,274.0,586.0,,,,,,,,,,239,580,221,681,109.0,103.0,920.0,801.0,274.0,933.0,678.0,846.0,103,801.0,274.0,678.0,109.0,681.0,920.0,933.0,846.0,221.0,586.0,580.0,239;274;586,239;580;221;681;109;103;920;801;274;933;678;846,103;801;274;678;109;681;920;933;846;221;586;580,103;109;221;239;274;580;586;678;681;801;846;920;933,13,274,1,26,5,239;274,103;109;274;678;681;801;920;933;221;580;586;846,239;580;221;801;274;681;933;920;103;109;678;420,103;109;221;239;274;580;678;681;801;920;933,274,103;109;221;239;274;580;586;678;681;801;920;933,274;586;933,274;586,274;586,2,274,274
95,train,sem_single_0994,social:wh_when,singleton,single,When does He use?,,32,621.0,126.0,154.0,708.0,169.0,844.0,174.0,,,,,621,32,126,154,844.0,169.0,708.0,174.0,471.0,645.0,508.0,898.0,154,32.0,621.0,126.0,708.0,916.0,471.0,169.0,174.0,819.0,844.0,645.0,32;621;126;154;708;169;844;174,621;32;126;154;844;169;708;174;471;645;508;898,154;32;621;126;708;916;471;169;174;819;844;645,32;126;154;169;174;471;621;645;708;844,10,32;126;154;169;174;621;708;844,8,17,4,621;32;154;126;169;708;844;174,32;126;154;621;169;174;471;613;645;708;819;844,32;621;154;126;174;169;708;844;645;471;898;508,32;126;154;169;174;471;621;645;708;844,32;126;154;169;174;621;708;844,32;126;154;169;174;471;621;645;708;844,32;126;154;169;174;621;708;844,,32;126,2,32;126,32;126
96,train,sem_single_0973,learn:going_to,singleton,single,I am going to review a book.,,477,859.0,629.0,413.0,518.0,758.0,926.0,893.0,18.0,865.0,841.0,,893,18,477,926,518.0,758.0,173.0,413.0,629.0,859.0,472.0,811.0,477,926.0,18.0,893.0,758.0,4.0,939.0,704.0,859.0,413.0,85.0,360.0,477;859;629;413;518;758;926;893;18;865;841,893;18;477;926;518;758;173;413;629;859;472;811,477;926;18;893;758;4;939;704;859;413;85;360,18;413;477;518;629;758;859;893;926,9,18;413;477;758;859;893;926,7,28,7,477;859;629;413;518;758;926;18;893;865;841,477;926;18;893;758;4;85;360;394;413;629;704,18;893;477;926;629;413;859;518;758;173;191;811,18;413;477;518;629;758;859;893;926,18;413;477;629;758;893;926,18;413;477;518;629;758;859;893;926,18;413;477;629;758;893;926,477;704;926;859;85;626;413;360;758,85;360;413;477;626;704;758;859;926,9,477;926;704;626;859,477;926;704;626;859
97,train,sem_seed_move_wh_when,move:wh_when,singleton,single-seed,When do You travel?,,843,970.0,593.0,,,,,,,,,,843,970,593,331,373.0,35.0,204.0,886.0,324.0,725.0,816.0,738.0,970,843.0,204.0,816.0,373.0,425.0,593.0,886.0,324.0,725.0,796.0,738.0,843;970;593,843;970;593;331;373;35;204;886;324;725;816;738,970;843;204;816;373;425;593;886;324;725;796;738,204;324;373;593;725;738;816;843;886;970,10,593;843;970,3,19,4,843;970;593,843;970;35;143;204;324;331;373;425;593;725;731,843;970;593;204;816;324;331;725;373;886;35;796,35;204;324;331;373;593;725;843;970,593;843;970,35;204;324;331;373;593;725;843;970,593;843;970,,,0,,
98,train,sem_0291,social:decl,para3,base,They bring a ticket.,33;829,829,33.0,186.0,915.0,572.0,700.0,939.0,,,,,,829,33,186,915,572.0,684.0,939.0,700.0,76.0,733.0,849.0,222.0,33,829.0,952.0,897.0,915.0,920.0,930.0,933.0,939.0,943.0,330.0,259.0,829;33;186;915;572;700;939,829;33;186;915;572;684;939;700;76;733;849;222,33;829;952;897;915;920;930;933;939;943;330;259,33;186;572;700;829;915;939,7,33;829;915;939,4,20,4,829;33;186;915;572;700,33;829;43;90;99;103;109;124;185;186;197;258,829;33;915;186;939;684;572;312;733;76;700;967,33;186;572;700;829;915,33;186;829,33;186;572;700;829;915,33;186;829,829,33;829,2,829;33,829;33
99,train,sem_0085,pref:decl,para3,base,They love a sandwich.,37;414,414,930.0,258.0,678.0,118.0,818.0,80.0,500.0,617.0,568.0,910.0,677.0,414,258,930,590,604.0,677.0,749.0,678.0,568.0,354.0,741.0,563.0,414,749.0,604.0,930.0,677.0,258.0,568.0,678.0,590.0,354.0,741.0,185.0,414;930;258;678;118;818;80;500;617;568;910;677,414;258;930;590;604;677;749;678;568;354;741;563,414;749;604;930;677;258;568;678;590;354;741;185,258;354;414;568;590;604;677;678;741;749;930,11,258;414;568;677;678;930,6,21,4,414;930;258;678;118;818;80;617;568;677;604;15,414;258;568;604;677;678;749;930;354;590;741;14,414;930;258;590;604;568;677;678;749;354;563;539,258;354;414;568;590;604;677;678;749;930,258;414;568;604;677;678;930,37;258;354;414;568;590;604;677;678;749;930,37;258;414;568;604;677;678;930,414;678;677;617;798;568,80;118;138;177;354;393;414;492;525;568;604;617;677;678;749;798;944,17,414;678;677;798;568;617;138;393;177;118;749;604;525;944;492;80;354,414;678;677;798;568;617;138;393;177;118;749;604;525;944;492;80;354
100,train,sem_single_0949,social:perfect_pr,singleton,single,I have took a sandwich.,,118,818.0,80.0,678.0,408.0,500.0,513.0,15.0,763.0,16.0,944.0,456.0,118,678,80,818,763.0,559.0,15.0,944.0,960.0,624.0,798.0,408.0,617,624.0,80.0,818.0,678.0,525.0,118.0,798.0,108.0,500.0,735.0,408.0,118;818;80;678;408;500;513;15;763;16;944;456,118;678;80;818;763;559;15;944;960;624;798;408,617;624;80;818;678;525;118;798;108;500;735;408,15;80;118;408;500;624;678;763;798;818;944,11,80;118;408;678;818,5,23,5,118;818;80;678;408;15;513;763;16;456;617,80;108;118;408;500;525;617;624;678;735;798;818,118;678;80;818;559;763;960;15;944;735;408;500,15;80;118;408;500;617;678;735;763;818,80;118;408;678;818,15;80;118;408;500;617;678;735;763;818,80;118;408;678;818,500,80;108;118;177;500;525;617;735;763;818,10,500;118;80;818;763;108;525;735;617;177,500;118;80;818;763;108;525;735;617;177
101,train,sem_0308,pref:decl,para3,lex,They like music.,590;930,443,699.0,870.0,920.0,197.0,743.0,,,,,,,443,699,870,918,197.0,920.0,517.0,743.0,339.0,511.0,235.0,672.0,699,339.0,511.0,443.0,870.0,235.0,672.0,920.0,918.0,197.0,595.0,517.0,443;699;870;920;197;743,443;699;870;918;197;920;517;743;339;511;235;672,699;339;511;443;870;235;672;920;918;197;595;517,197;235;339;443;511;517;672;699;743;870;918;920,12,197;443;699;870;920,5,16,3,443;699;870;920;197;743,235;339;443;511;699;870;197;595;672;918;920;517,443;699;870;339;511;235;920;197;918;743;517;672,197;235;339;443;511;517;672;699;743;870;918;920,197;443;699;870;920,197;235;339;443;511;517;590;672;699;743;870;918;920;930,197;443;590;699;870;920;930,443;600;699;511;595,443;511;595;600;699;930,6,600;443;699;595;511;930,600;443;699;595;511;930
102,train,sem_0265,drink:decl,para3,base,She have pizza.,252;456,218,705.0,869.0,463.0,529.0,252.0,75.0,658.0,804.0,92.0,51.0,335.0,252,218,529,869,463.0,705.0,120.0,75.0,658.0,92.0,804.0,921.0,252,529.0,869.0,836.0,705.0,921.0,463.0,957.0,218.0,169.0,75.0,818.0,218;705;869;463;529;252;75;658;804;92;51;335,252;218;529;869;463;705;120;75;658;92;804;921,252;529;869;836;705;921;463;957;218;169;75;818,75;92;218;252;463;529;658;705;804;869;921,11,75;218;252;463;529;705;869,7,15,3,218;705;869;463;529;658;252;75;804;92;335;836,252;218;463;529;705;836;869;921;957;75;120;169,252;463;218;869;529;705;120;75;921;957;836;804,75;120;218;252;463;529;705;804;836;869;921;957,75;218;252;463;529;705;836;869,75;120;218;252;456;463;529;705;804;836;869;921;957,75;218;252;456;463;529;705;836;869,218;921;252;836;818,218;252;463;705;804;818;836;868;869;921,10,218;252;705;868;921;463;869;804,218;252;705;868;921;463;869;804
103,train,sem_0151,social:decl,para3,base,They choose a game.,,902,588.0,386.0,68.0,594.0,67.0,666.0,440.0,109.0,,,,902,386,588,109,933.0,920.0,274.0,801.0,681.0,94.0,846.0,586.0,109,801.0,274.0,933.0,681.0,902.0,920.0,94.0,846.0,586.0,386.0,588.0,902;588;386;68;594;67;666;440;109,902;386;588;109;933;920;274;801;681;94;846;586,109;801;274;933;681;902;920;94;846;586;386;588,94;109;274;386;586;588;681;801;846;902;920;933,12,109;386;588;902,4,19,4,902;588;386;594;67;440;68;109,109;274;681;801;902;920;933;94;386;586;846;588,902;386;588;801;109;274;920;681;933;594;94;586,94;109;274;386;586;588;594;681;801;902;920;933,109;386;588;902,94;109;274;386;586;588;594;681;801;902;920;933,109;386;588;902,902;68;801,68;801;808;837;902,5,801;902;837;808,801;902;837;808
104,train,sem_0156,drink:decl,para3,lex,They drink juice.,144;528,913,487.0,452.0,835.0,243.0,816.0,575.0,,,,,,913,487,452,607,835.0,816.0,575.0,654.0,767.0,116.0,149.0,728.0,607,487.0,835.0,913.0,816.0,452.0,575.0,,,,,,913;487;452;835;243;816;575,913;487;452;607;835;816;575;654;767;116;149;728,607;487;835;913;816;452;575,452;487;575;607;816;835;913,7,452;487;575;816;835;913,6,17,3,913;487;452;835;243;816;575,487;607;835;913;452;575;816,487;913;452;607;835;816;575;767;149;654;116;306,452;487;575;607;816;835;913,452;487;575;816;835;913,144;452;487;528;575;607;816;835;913,144;452;487;528;575;816;835;913,607;487;306;452;654;149;913;116,31;116;149;306;342;452;487;516;607;654;728;913,12,607;487;306;452;116;913;728;149;654;516;342;31,607;487;306;452;116;913;728;149;654;516;342;31
105,train,sem_seed_drink_modal_can,drink:modal_can,singleton,single-seed,She can drink tea.,,236,641.0,453.0,452.0,128.0,156.0,690.0,412.0,,,,,641,453,236,690,918.0,156.0,412.0,452.0,128.0,407.0,546.0,913.0,641,913.0,236.0,407.0,453.0,546.0,456.0,128.0,690.0,918.0,452.0,,236;641;453;452;128;156;690;412,641;453;236;690;918;156;412;452;128;407;546;913,641;913;236;407;453;546;456;128;690;918;452,128;156;236;407;412;452;453;546;641;690;913;918,12,128;236;452;453;641;690,6,18,4,236;641;453;452;128;690;156;412,641;236;407;453;546;913;128;452;456;690;918,641;236;453;690;918;452;128;156;412;407;913;546,128;156;236;407;412;452;453;546;641;690;913;918,128;236;452;453;641;690,128;156;236;407;412;452;453;546;641;690;913;918,128;236;452;453;641;690,641;236;918;453;407,166;236;407;453;641;770;870;918;954,9,641;407;918;453;870;236;770;166;954,641;407;918;453;870;236;770;166;954
106,train,sem_0105,call:front_time,para3,order,"Now, She contact my father.",257;291,291,817.0,439.0,392.0,320.0,631.0,856.0,202.0,196.0,285.0,435.0,739.0,291,320,392,439,817.0,856.0,196.0,202.0,631.0,875.0,850.0,45.0,291,202.0,817.0,834.0,631.0,45.0,392.0,850.0,439.0,320.0,875.0,605.0,291;817;439;392;320;631;856;202;196;285;435;739,291;320;392;439;817;856;196;202;631;875;850;45,291;202;817;834;631;45;392;850;439;320;875;605,45;196;202;291;320;392;439;631;817;850;856;875,12,202;291;320;392;439;631;817,7,27,5,291;817;439;392;320;631;856;202;196;285;435;739,291;45;202;320;392;439;631;817;834;850;605;856,291;817;392;320;439;856;202;631;45;850;834;875,45;202;291;320;392;439;631;817;834;850;856,202;291;320;392;439;631;817;856,45;202;257;291;320;392;439;631;817;834;850;856,202;257;291;320;392;439;631;817;856,291;631;817;45;392;834,45;291;392;439;605;631;817;834;850;856,10,291;856;45;817;834;605;439;850,291;856;45;817;834;605;439;850
107,train,sem_0129,move:front_place,para3,order,"at the station, You visit.",583;717,717,467.0,662.0,830.0,744.0,729.0,553.0,160.0,665.0,,,,717,830,662,467,553.0,729.0,863.0,146.0,378.0,928.0,642.0,246.0,717,662.0,830.0,467.0,553.0,863.0,729.0,140.0,928.0,583.0,744.0,521.0,717;467;662;830;744;729;553;160;665,717;830;662;467;553;729;863;146;378;928;642;246,717;662;830;467;553;863;729;140;928;583;744;521,467;553;662;717;729;744;830;863;928,9,467;553;662;717;729;830,6,26,5,717;662;467;830;744;729;553,717;467;553;662;830;863;729;93;140;146;246;378,717;662;830;467;553;863;729;146;378;246;642;928,146;246;378;467;553;662;717;729;830;863,467;553;662;717;729;830,146;246;378;467;553;583;662;717;729;830;863,467;553;583;662;717;729;830,717;467;830;662;583;744,467;583;662;717;744;830,6,717;467;583;662,717;467;583;662
108,train,sem_0090,eat:decl,para3,lex,I eat a sandwich.,51;869,177,677.0,899.0,500.0,55.0,568.0,118.0,617.0,798.0,818.0,408.0,80.0,677,177,899,55,570.0,735.0,624.0,798.0,525.0,408.0,617.0,500.0,624,677.0,735.0,500.0,408.0,525.0,798.0,617.0,177.0,754.0,100.0,171.0,177;677;899;500;55;568;118;617;798;818;408;80,677;177;899;55;570;735;624;798;525;408;617;500,624;677;735;500;408;525;798;617;177;754;100;171,55;177;408;500;525;617;624;677;735;798;899,11,177;408;500;617;677;798,6,17,4,177;677;899;55;568;500;118;818;617;798;80;624,177;408;500;525;617;624;677;735;798;100;171;754,677;177;899;570;55;735;408;617;624;525;500;798,55;177;408;500;525;617;624;677;735;798;899,177;500;617;624;677;798,51;55;177;408;500;525;617;624;677;735;798;869;899,51;177;500;617;624;677;798;869,177;617;798;500;408;677;624;525;735;55;171;80,38;55;80;100;118;171;177;408;500;525;617;623;624;677;735;798;818;899,18,177;798;617;735;677;408;899;55;624;500;525;80;100;38;818;623;118,177;798;617;735;677;408;899;55;624;500;525;80;100;38;818;623;118
109,train,sem_0068,watch:decl,para3,base,They see a game.,681;846,950,240.0,616.0,780.0,958.0,244.0,72.0,387.0,117.0,920.0,933.0,103.0,616,950,240,958,244.0,387.0,780.0,72.0,444.0,117.0,801.0,274.0,950,103.0,780.0,274.0,616.0,240.0,681.0,920.0,933.0,801.0,72.0,94.0,950;240;616;780;958;244;72;387;117;920;933;103,616;950;240;958;244;387;780;72;444;117;801;274,950;103;780;274;616;240;681;920;933;801;72;94,72;103;117;240;244;274;387;616;780;801;920;933;950;958,14,72;240;616;780;950,5,16,4,950;240;616;780;958;72;244;387;117;920;933;103,103;240;274;616;681;780;801;920;933;950;72;94,950;240;616;958;780;244;444;72;387;103;920;274,72;103;240;244;274;387;616;780;920;933;950;958,72;103;240;616;780;920;950,72;103;240;244;274;387;616;681;780;846;920;933;950;958,72;103;240;616;681;780;846;920;950,846;240;616;681;950;472;644;251;801;925;69;920,69;240;251;472;616;644;681;801;846;920;925;950,12,240;616;846;681;472;950;644,240;616;846;681;472;950;644
110,train,sem_0001,move:modal_can,para4,tense,You can return at school.,214;237;544,237,214.0,165.0,93.0,878.0,556.0,863.0,183.0,,,,,237,214,165,93,863.0,521.0,606.0,878.0,183.0,556.0,144.0,530.0,237,214.0,165.0,93.0,863.0,521.0,,,,,,,237;214;165;93;878;556;863;183,237;214;165;93;863;521;606;878;183;556;144;530,237;214;165;93;863;521,93;165;183;214;237;521;556;863;878,9,93;165;214;237;863,5,25,5,237;214;93;165;878;556;863;183,237;214;165;93;521;863,237;214;165;863;93;521;606;556;878;183;144;530,93;165;183;214;237;521;556;863;878,93;165;214;237;863,93;165;183;214;237;521;544;556;863;878,93;165;214;237;544;863,237;214,214;237,2,237;214,237;214
111,train,sem_0030,learn:front_place,para4,order,"in the cafe, We study a song.",168;781;919,168,838.0,479.0,523.0,865.0,1.0,866.0,146.0,231.0,,,,523,865,168,979,479.0,838.0,532.0,79.0,726.0,270.0,522.0,721.0,168,865.0,523.0,726.0,522.0,270.0,979.0,455.0,838.0,781.0,479.0,348.0,168;838;479;523;865;1;866;146;231,523;865;168;979;479;838;532;79;726;270;522;721,168;865;523;726;522;270;979;455;838;781;479;348,168;270;479;522;523;726;838;865;979,9,168;479;523;838;865,5,29,7,168;838;479;523;1;865;866;231;146,168;523;865;726;270;455;522;979;348;398;479;781,168;523;865;838;479;979;79;532;726;378;146;315,146;168;479;523;726;838;865;979,168;479;523;865,146;168;479;523;726;781;838;865;919;979,168;479;523;781;865;919,523,168;523,2,168;523,168;523
112,train,sem_0147,watch:front_time,para3,order,"Today, He observe a movie.",956;991,991,54.0,861.0,490.0,713.0,982.0,536.0,719.0,418.0,792.0,891.0,524.0,54,991,861,713,490.0,982.0,536.0,72.0,181.0,719.0,418.0,792.0,991,54.0,719.0,418.0,490.0,792.0,732.0,861.0,713.0,982.0,72.0,536.0,991;54;861;490;713;982;536;719;418;792;891;524,54;991;861;713;490;982;536;72;181;719;418;792,991;54;719;418;490;792;732;861;713;982;72;536,54;72;418;490;536;713;719;792;861;982;991,11,54;418;490;536;713;719;792;861;982;991,10,26,5,991;861;54;490;713;536;982;719;524;418;792;891,991;54;418;490;713;719;732;792;861;72;181;499,54;991;713;490;861;982;536;72;181;792;719;418,54;72;181;418;490;536;713;719;792;861;982;991,54;418;490;713;719;792;861;991,54;72;181;418;490;536;713;719;792;861;956;982;991,54;418;490;713;719;792;861;956;991,991;54;792;732,54;72;732;792;861;991,6,54;991;792;861;72;732,54;991;792;861;72;732
113,train,sem_seed_eat_past_cont,eat:past_cont,singleton,single-seed,He was eating a sandwich.,,40,108.0,177.0,504.0,494.0,500.0,910.0,677.0,899.0,,,,40,682,415,494,16.0,513.0,38.0,57.0,940.0,504.0,910.0,899.0,513,38.0,16.0,504.0,899.0,910.0,489.0,10.0,911.0,584.0,,,40;108;177;504;494;500;910;677;899,40;682;415;494;16;513;38;57;940;504;910;899,513;38;16;504;899;910;489;10;911;584,16;38;40;494;504;513;899;910,8,504;899;910,3,26,5,108;177;40;677;504;899,16;38;513;504;899;910;10;489;911;584,40;682;494;16;38;513;415;940;57;504;910;899,16;38;40;504;513;899;910,504;899,16;38;40;504;513;899;910,504;899,504;899;623;910,504;623;899;910,4,504;623;910;899,504;623;910;899
114,train,sem_seed_pref_past_cont,pref:past_cont,singleton,single-seed,You were loving water.,,409,,,,,,,,,,,,696,750,909,163,996.0,546.0,957.0,812.0,21.0,551.0,528.0,289.0,750,,,,,,,,,,,,409,696;750;909;163;996;546;957;812;21;551;528;289,750,750,1,,0,23,4,,750,696;750;909;996;163;957;812;551;546;528;409;405,750,,750,,,,0,,
115,train,sem_seed_move_future_will,move:future_will,singleton,single-seed,You will come to the park.,,855,840.0,608.0,300.0,535.0,182.0,718.0,,,,,,855,583,840,182,718.0,357.0,716.0,29.0,934.0,673.0,300.0,292.0,583,855.0,840.0,182.0,718.0,716.0,300.0,209.0,934.0,828.0,544.0,673.0,855;840;608;300;535;182;718,855;583;840;182;718;357;716;29;934;673;300;292,583;855;840;182;718;716;300;209;934;828;544;673,182;300;583;673;716;718;840;855;934,9,182;300;718;840;855,5,26,6,855;840;608;300;182,583;840;855;182;718;716;2;29;82;209;292;300,855;583;840;182;716;718;2;292;396;300;673;82,2;82;182;292;300;583;716;718;840;855,182;300;840;855,2;82;182;292;300;583;716;718;840;855,182;300;840;855,855,855,1,855,855
116,train,sem_0213,pref:decl,para3,lex,We enjoy juice.,409;548,516,332.0,632.0,600.0,501.0,316.0,541.0,603.0,336.0,,,,516,332,600,501,632.0,306.0,728.0,342.0,296.0,909.0,452.0,880.0,632,501.0,306.0,516.0,342.0,600.0,728.0,296.0,909.0,332.0,452.0,227.0,516;332;632;600;501;316;541;603;336,516;332;600;501;632;306;728;342;296;909;452;880,632;501;306;516;342;600;728;296;909;332;452;227,296;306;332;342;452;501;516;600;632;728;909,11,332;501;516;600;632,5,15,3,516;332;600;501;632;316;541;603;336,306;342;501;516;600;632;728;296;332;452;909;227,516;332;501;632;600;306;342;728;452;296;909;227,227;296;306;332;342;452;501;516;600;632;728;909,332;501;516;600;632,227;296;306;332;342;409;452;501;516;548;600;632;728;909,332;409;501;516;548;600;632,516;728;306;332;296;452;342;487;104;909;654,31;104;149;225;296;306;332;342;452;487;516;607;654;728;909;913,16,728;516;452;306;296;104;332;342;487;31;607;149;654;913;225,728;516;452;306;296;104;332;342;487;31;607;149;654;913;225
117,train,sem_0200,watch:front_place,para3,order,"in the city, They see a show.",330;780,780,326.0,618.0,628.0,387.0,72.0,109.0,522.0,743.0,,,,362,780,628,326,387.0,522.0,376.0,618.0,640.0,807.0,119.0,596.0,780,326.0,628.0,362.0,387.0,985.0,741.0,522.0,376.0,979.0,523.0,618.0,780;326;618;628;387;72;109;522;743,362;780;628;326;387;522;376;618;640;807;119;596,780;326;628;362;387;985;741;522;376;979;523;618,326;362;376;387;522;618;628;780,8,326;387;522;618;628;780,6,29,7,780;326;618;628;387;72;522;109;934;807;743,780;326;362;628;376;387;522;523;741;979;985;109,780;362;326;628;618;387;376;522;640;807;109;596,109;326;362;376;387;522;618;628;780;807,109;326;387;522;628;780,109;326;330;362;376;387;522;618;628;780;807,109;326;330;387;522;628;780,780,326;780,2,780;326,780;326
118,train,sem_seed_eat_decl,eat:decl,singleton,single-seed,We have a sandwich.,,818,80.0,678.0,15.0,559.0,944.0,100.0,910.0,500.0,763.0,99.0,960.0,944,818,80,678,100.0,763.0,559.0,960.0,15.0,177.0,393.0,138.0,944,678.0,393.0,80.0,818.0,177.0,960.0,763.0,889.0,559.0,100.0,138.0,818;80;678;15;559;944;100;910;500;763;99;960,944;818;80;678;100;763;559;960;15;177;393;138,944;678;393;80;818;177;960;763;889;559;100;138,15;80;100;138;177;393;559;678;763;818;944;960,12,80;100;559;678;763;818;944;960,8,19,4,818;80;678;15;559;763;99;960;617;944;623;100,944;80;177;393;678;818;15;100;138;559;763;889,944;678;80;818;559;960;15;100;763;393;177;533,15;80;100;177;393;559;678;763;818;944;960,15;80;100;559;678;763;818;944,15;80;100;177;393;559;678;763;818;944;960,15;80;100;559;678;763;818;944,678;177;80;55;944;500;393;492;617;763;138,55;80;99;100;108;138;177;393;408;492;500;568;617;623;677;678;763;798;818;944,20,80;177;678;55;818;393;944;492;138;500;763;100;617;99;623;677;108;798;408;568,80;177;678;55;818;393;944;492;138;500;763;100;617;99;623;677;108;798;408;568
119,train,sem_seed_watch_conditional_if,watch:conditional_if,singleton,single-seed,"If it is warm, He see a show.",,786,571.0,527.0,618.0,299.0,680.0,780.0,990.0,625.0,951.0,142.0,319.0,786,571,527,142,299.0,951.0,3.0,990.0,680.0,625.0,912.0,175.0,786,571.0,206.0,142.0,584.0,299.0,912.0,527.0,795.0,951.0,150.0,625.0,786;571;527;618;299;680;780;990;625;951;142;319,786;571;527;142;299;951;3;990;680;625;912;175,786;571;206;142;584;299;912;527;795;951;150;625,142;299;527;571;625;680;786;912;951;990,10,142;299;527;571;625;786;951,7,29,8,786;571;527;618;299;680;625;990;780;951;319;175,786;571;142;206;299;527;584;795;912;951;3;150,571;786;527;990;3;680;625;299;951;142;912;175,3;142;175;299;527;571;625;680;786;912;951;990,299;527;571;786;951,3;142;175;299;527;571;625;680;786;912;951;990,299;527;571;786;951,,,0,,
120,train,sem_0046,acq:perfect_pr,para4,tense,I have ordered pizza.,491;565;735,41,869.0,671.0,921.0,847.0,565.0,211.0,218.0,705.0,102.0,987.0,463.0,41,869,102,705,529.0,463.0,218.0,252.0,75.0,211.0,11.0,847.0,869,705.0,774.0,335.0,493.0,503.0,565.0,102.0,218.0,463.0,529.0,0.0,41;869;671;921;847;565;211;218;705;102;987;463,41;869;102;705;529;463;218;252;75;211;11;847,869;705;774;335;493;503;565;102;218;463;529;0,41;102;211;218;463;529;565;705;847;869,10,102;218;463;705;869,5,21,4,41;869;671;921;847;565;211;218;705;102,869;0;102;218;335;463;493;503;529;565;705;774,869;41;705;218;529;463;102;211;11;847;252;75,41;102;211;218;463;529;565;705;847;869,102;218;705;869,41;102;211;218;463;491;529;565;705;735;847;869,102;218;491;565;705;735;869,565;869;51;503;41;671;491;344;705;987;463;724,18;41;51;344;431;463;491;503;520;565;671;705;724;869;921;987,16,565;41;869;503;344;51;671;491;705;463;724;921;18;520;431,565;41;869;503;344;51;671;491;705;463;724;921;18;520;431
121,train,sem_0054,social:front_time,para4,order,"Now, They help my mother.",265;371;823,265,872.0,676.0,802.0,823.0,611.0,175.0,328.0,,,,,802,265,823,872,676.0,611.0,328.0,599.0,368.0,285.0,399.0,175.0,265,802.0,823.0,285.0,676.0,368.0,328.0,872.0,599.0,611.0,213.0,175.0,265;872;676;802;823;611;175;328,802;265;823;872;676;611;328;599;368;285;399;175,265;802;823;285;676;368;328;872;599;611;213;175,175;265;285;328;368;599;611;676;802;823;872,11,175;265;328;611;676;802;823;872,8,25,5,265;872;676;802;823;611;175;328;599;368,265;802;285;328;368;599;676;823;872;213;611;175,802;265;676;872;823;611;368;328;599;285;399;213,175;213;265;285;328;368;599;611;676;802;823;872,265;328;368;599;611;676;802;823;872,175;213;265;285;328;368;371;599;611;676;802;823;872,265;328;368;371;599;611;676;802;823;872,265;802;823;872,265;611;676;802;823;872,6,265;802;872;823;676;611,265;802;872;823;676;611
122,train,sem_0037,eat:decl,para4,lex,We eat dinner.,451;879;884,974,570.0,70.0,533.0,253.0,791.0,314.0,,,,,,974,570,70,177,694.0,268.0,533.0,314.0,683.0,55.0,986.0,228.0,268,974.0,683.0,533.0,314.0,570.0,694.0,986.0,177.0,,,,974;570;70;533;253;791;314,974;570;70;177;694;268;533;314;683;55;986;228,268;974;683;533;314;570;694;986;177,70;177;268;314;533;570;683;694;974;986,10,314;533;570;974,4,14,3,974;570;70;533;791,268;314;533;570;683;974;177;694;986,570;974;70;694;177;533;683;268;314;986;707;309,70;177;268;314;533;570;683;694;974;986,533;570;974,70;177;268;314;451;533;570;683;694;879;884;974;986,451;533;570;879;884;974,533;570;314;268;420;683;917,268;314;420;533;570;683;917;974;978;986,10,533;570;683;314;420;917;974;268;986;978,533;570;683;314;420;917;974;268;986;978
123,train,sem_0174,acq:decl,para3,base,I get a phone.,481;821,821,4.0,417.0,582.0,645.0,627.0,293.0,684.0,901.0,,,,821,4,290,993,585.0,310.0,400.0,881.0,334.0,897.0,772.0,941.0,821,4.0,290.0,585.0,261.0,704.0,310.0,772.0,651.0,735.0,568.0,241.0,821;4;417;582;645;627;293;684;901,821;4;290;993;585;310;400;881;334;897;772;941,821;4;290;585;261;704;310;772;651;735;568;241,4;290;310;585;772;821,6,4;821,2,14,4,821;4;582;645;417;627;293;684,821;4;290;585;43;78;85;108;139;186;208;230,821;4;290;993;585;881;400;310;941;897;772;592,4;290;585;821,4;821,4;290;481;585;821,4;481;821,821;627,627;821,2,821,821
124,train,sem_0087,play:decl,para3,base,They play a song.,245;511,139,984.0,892.0,473.0,523.0,801.0,134.0,198.0,550.0,851.0,511.0,267.0,198,523,892,134,139.0,473.0,984.0,851.0,550.0,485.0,267.0,726.0,198,479.0,930.0,473.0,892.0,984.0,826.0,139.0,134.0,543.0,801.0,523.0,139;984;892;473;523;801;134;198;550;851;511;267,198;523;892;134;139;473;984;851;550;485;267;726,198;479;930;473;892;984;826;139;134;543;801;523,134;139;198;267;473;523;550;801;851;892;984,11,134;139;198;473;523;892;984,7,17,4,139;984;892;473;523;801;134;851;550;198;511;267,198;134;139;473;479;543;801;826;892;930;984;523,198;473;984;892;139;134;523;267;550;485;851;726,134;139;198;267;473;523;550;801;851;892;984,134;139;198;473;523;892;984,134;139;198;245;267;473;511;523;550;801;851;892;984,134;139;198;245;473;511;523;892;984,245;892;473;511;139;550;198;595,139;198;245;473;511;543;550;595;851;892;930;984,12,198;892;245;550;473;511;139;984;851;543;930,198;892;245;550;473;511;139;984;851;543;930
125,train,sem_single_0898,call:perfect_pr,singleton,single,She has phoned my mother.,,689,461.0,391.0,693.0,400.0,66.0,368.0,367.0,,,,,689,461,631,257,693.0,391.0,243.0,401.0,698.0,660.0,478.0,370.0,693,257.0,631.0,391.0,,,,,,,,,689;461;391;693;400;66;368;367,689;461;631;257;693;391;243;401;698;660;478;370,693;257;631;391,257;391;461;631;689;693,6,391;693,2,25,5,689;461;693;400;66;368;391;367,257;631;693;391,689;461;631;693;257;391;243;401;370;599;676;701,257;391;461;631;689;693,391;693,257;391;461;631;689;693,391;693,391;693;368;257;631;66,66;257;368;391;400;461;631;693;834,9,693;391;257;631;834;400;66;461;368,693;391;257;631;834;400;66;461;368
126,train,sem_seed_social_wh_when,social:wh_when,singleton,single-seed,When does He bring?,,621,95.0,32.0,373.0,154.0,708.0,174.0,169.0,844.0,,,,621,32,154,95,373.0,708.0,174.0,169.0,844.0,916.0,613.0,819.0,154,32.0,95.0,621.0,916.0,819.0,708.0,373.0,844.0,613.0,174.0,169.0,621;95;32;373;154;708;174;169;844,621;32;154;95;373;708;174;169;844;916;613;819,154;32;95;621;916;819;708;373;844;613;174;169,32;95;154;169;174;373;613;621;708;819;844;916,12,32;95;154;169;174;373;621;708;844,9,19,4,621;373;95;32;154;169;708;844,32;95;154;621;169;174;373;613;708;819;844;916,32;621;95;154;373;169;844;708;174;819;613;916,32;95;154;169;174;373;613;621;708;819;844;916,32;95;154;169;373;621;708;844,32;95;154;169;174;373;613;621;708;819;844;916,32;95;154;169;373;621;708;844,,32;95,2,32;95,32;95
127,train,sem_0103,call:decl,para3,base,They call my father.,599,45,605.0,328.0,60.0,129.0,130.0,721.0,964.0,370.0,257.0,392.0,343.0,130,45,605,129,721.0,60.0,328.0,435.0,392.0,133.0,371.0,213.0,60,435.0,328.0,371.0,133.0,45.0,392.0,343.0,971.0,605.0,130.0,213.0,45;605;328;60;129;130;721;964;370;257;392;343,130;45;605;129;721;60;328;435;392;133;371;213,60;435;328;371;133;45;392;343;971;605;130;213,45;60;129;130;133;213;328;343;371;392;435;605;721,13,45;60;130;328;392;605,6,20,4,45;328;605;60;129;721;130;370;964;257;392;343,45;60;133;328;371;392;435;130;343;605;971;129,45;605;130;328;60;129;392;435;133;371;721;971,45;60;129;130;133;328;343;371;392;435;605;721;971,45;60;129;130;328;392;605,45;60;129;130;133;328;343;371;392;435;599;605;721;971,45;60;129;130;328;392;599;605,343;133;392;45;435;328;574;371;130;881;605;60;439;320,45;60;130;133;320;328;343;371;392;435;439;574;605;881,14,328;343;133;130;392;45;574;435,328;343;133;130;392;45;574;435
128,train,sem_0164,drink:modal_can,para3,tense,We can drink coffee.,166;576,576,835.0,999.0,452.0,105.0,893.0,437.0,,,,,,576,452,835,999,105.0,893.0,21.0,632.0,323.0,280.0,597.0,67.0,576,452.0,632.0,835.0,21.0,323.0,999.0,597.0,105.0,280.0,,,576;835;999;452;105;893;437,576;452;835;999;105;893;21;632;323;280;597;67,576;452;632;835;21;323;999;597;105;280,21;105;280;323;452;576;597;632;835;893;999,11,105;452;576;835;999,5,20,4,576;835;452;999;105;893;437,576;452;21;632;835;105;280;323;597;999,576;452;835;999;105;21;632;893;323;280;597;67,21;105;280;323;452;576;597;632;835;893;999,105;452;576;835;999,21;105;166;280;323;452;576;597;632;835;893;999,105;166;452;576;835;999,576;632;835,576;632;661;835;893,5,576;632;835;661;893,576;632;835;661;893
129,train,sem_seed_call_front_place,call:front_place,singleton,single-seed,"at home, She call my father.",,45,721.0,605.0,127.0,257.0,370.0,964.0,106.0,,,,,45,605,721,127,257.0,130.0,308.0,288.0,834.0,291.0,850.0,664.0,45,605.0,721.0,257.0,834.0,850.0,127.0,291.0,106.0,498.0,664.0,288.0,45;721;605;127;257;370;964;106,45;605;721;127;257;130;308;288;834;291;850;664,45;605;721;257;834;850;127;291;106;498;664;288,45;106;127;257;288;291;605;664;721;834;850,11,45;127;257;605;721,5,28,6,45;721;127;605;257;370;709;964,45;605;721;127;257;291;834;850;106;288;308;498,45;605;127;721;257;291;850;834;106;308;288;130,45;106;127;257;288;291;308;605;721;834;850,45;127;257;605;721,45;106;127;257;288;291;308;605;721;834;850,45;127;257;605;721,45;721;834,45;721;834,3,45;834,45;834
130,train,sem_seed_call_because_cause,call:because_cause,singleton,single-seed,"They call my father, because it is warm.",,924,799.0,482.0,206.0,127.0,710.0,988.0,912.0,6.0,795.0,510.0,279.0,799,175,6,779,912.0,988.0,482.0,710.0,924.0,329.0,347.0,206.0,175,127.0,6.0,799.0,779.0,988.0,912.0,329.0,710.0,924.0,3.0,482.0,924;799;482;206;127;710;988;912;6;795;510;279,799;175;6;779;912;988;482;710;924;329;347;206,175;127;6;799;779;988;912;329;710;924;3;482,6;127;175;206;329;482;710;779;799;912;924;988,12,6;482;710;799;912;924;988,7,40,8,924;127;799;279;988;779;482;206;912;564;6;329,175;6;127;779;799;912;988;3;329;482;710;924,799;175;6;127;912;779;988;329;924;482;710;584,6;127;175;329;482;710;779;799;912;924;988,6;127;329;482;779;799;912;924;988,6;127;175;329;482;710;779;799;912;924;988,6;127;329;482;779;799;912;924;988,127,127,1,127,127
131,train,sem_0266,acq:decl,para3,lex,You buy a film.,375;824,294,377.0,956.0,,,,,,,,,,294,935,377,484,931.0,425.0,857.0,653.0,959.0,737.0,637.0,348.0,377,294.0,935.0,484.0,931.0,857.0,539.0,820.0,814.0,251.0,992.0,348.0,294;377;956,294;935;377;484;931;425;857;653;959;737;637;348,377;294;935;484;931;857;539;820;814;251;992;348,294;348;377;484;857;931;935,7,294;377,2,15,4,294;377,294;377;484;935;931;857;8;63;69;80;151;170,294;377;484;935;425;931;653;857;348;417;737;637,294;377;484;857;931;935,294;377,294;375;377;484;824;857;931;935,294;375;377;824,230;651;185;747,185;230;248;509;614;651;747,7,230;509;614;248,230;509;614;248
132,train,sem_0153,pref:decl,para3,base,We love lunch.,164;314,164,879.0,493.0,184.0,836.0,610.0,278.0,833.0,848.0,409.0,728.0,675.0,164,610,728,409,833.0,675.0,847.0,432.0,674.0,652.0,483.0,879.0,432,483.0,409.0,610.0,728.0,847.0,164.0,879.0,652.0,674.0,884.0,675.0,164;879;493;184;836;610;278;833;848;409;728;675,164;610;728;409;833;675;847;432;674;652;483;879,432;483;409;610;728;847;164;879;652;674;884;675,164;409;432;483;610;652;674;675;728;833;847;879,12,164;409;610;675;728;879,6,14,3,164;879;184;493;836;833;610;278;409;848;728,164;409;432;483;610;652;674;728;847;879;597;675,164;409;610;728;833;675;674;652;432;847;483;879,164;409;432;483;610;652;674;675;728;833;847;879,164;409;610;728;879,164;314;409;432;483;610;652;674;675;728;833;847;879,164;314;409;610;728;879,164;879;884;432,164;242;432;652;674;879;884,7,432;879;242;652;164;674,432;879;242;652;164;674
133,train,sem_0256,call:decl,para3,base,They phone my father.,285;664,881,574.0,284.0,834.0,368.0,664.0,469.0,927.0,755.0,831.0,689.0,461.0,664,574,834,881,284.0,755.0,469.0,831.0,392.0,371.0,435.0,127.0,371,574.0,127.0,881.0,927.0,834.0,392.0,435.0,284.0,368.0,664.0,343.0,881;574;284;834;368;664;469;927;755;831;689;461,664;574;834;881;284;755;469;831;392;371;435;127,371;574;127;881;927;834;392;435;284;368;664;343,127;284;368;371;392;435;469;574;664;755;831;834;881;927,14,284;574;664;834;881,5,21,4,881;284;574;834;664;368;927;469;755;831;689;461,127;284;368;371;392;435;574;834;881;927;664;343,881;284;834;574;664;755;469;371;392;435;127;927,127;284;368;371;392;435;469;574;664;755;834;881;927,284;574;664;834;881;927,127;284;285;368;371;392;435;469;574;664;755;834;881;927,284;285;574;664;834;881;927,574;127;392;368;461;343;881;284;435;689;469;664;927;66;834;45;328;439;817;755,45;66;127;284;285;291;328;343;368;392;435;439;461;469;574;605;664;689;755;817;831;834;881;927,24,574;368;881;392;343;469;435;831;127;439;284;461;834;285;755;45;689;605;817;66;291;927;328,574;368;881;392;343;469;435;831;127;439;284;461;834;285;755;45;689;605;817;66;291;927;328
134,train,sem_seed_play_imperative,play:imperative,singleton,single-seed,Please play a song.,,984,892.0,139.0,473.0,124.0,941.0,267.0,550.0,851.0,726.0,198.0,30.0,941,984,473,139,892.0,124.0,851.0,267.0,485.0,550.0,726.0,198.0,941,892.0,984.0,139.0,473.0,124.0,485.0,267.0,550.0,851.0,198.0,726.0,984;892;139;473;124;941;267;550;851;726;198;30,941;984;473;139;892;124;851;267;485;550;726;198,941;892;984;139;473;124;485;267;550;851;198;726,124;139;198;267;473;485;550;726;851;892;941;984,12,124;139;198;267;473;550;726;851;892;941;984,11,19,4,984;892;139;473;124;941;851;550;267;726;270;198,124;139;473;892;941;984;267;485;550;851;198;726,941;473;984;892;139;124;550;485;851;267;198;726,124;139;198;267;473;485;550;726;851;892;941;984,124;139;198;267;473;550;726;851;892;941;984,124;139;198;267;473;485;550;726;851;892;941;984,124;139;198;267;473;550;726;851;892;941;984,941;139;550,139;550;941,3,,
135,train,sem_0100,pref:decl,para3,lex,We like a movie.,152;383,778,353.0,476.0,867.0,698.0,199.0,185.0,551.0,155.0,151.0,314.0,732.0,778,353,476,155,442.0,5.0,447.0,314.0,551.0,59.0,963.0,455.0,778,442.0,5.0,353.0,155.0,59.0,476.0,447.0,551.0,314.0,455.0,587.0,778;353;476;867;698;199;185;551;155;151;314;732,778;353;476;155;442;5;447;314;551;59;963;455,778;442;5;353;155;59;476;447;551;314;455;587,5;59;155;314;353;442;447;455;476;551;778,11,155;314;353;476;551;778,6,16,4,778;353;476;867;199;551;155;698;151;314;732;220,5;442;778;59;155;353;476;447;314;551;455;34,778;353;476;314;551;5;442;155;963;59;447;617,5;59;155;314;353;442;447;476;551;778,155;314;353;476;551;778,5;59;152;155;314;353;383;442;447;476;551;778,152;155;314;353;383;476;551;778,778;353;5;442,5;199;353;383;442;603;778,7,778;353;199;603;383,778;353;199;603;383
136,train,sem_seed_watch_comparative,watch:comparative,singleton,single-seed,This book is better than that film.,,885,888.0,465.0,643.0,589.0,172.0,,,,,,,643,465,885,888,172.0,589.0,614.0,687.0,795.0,347.0,951.0,,465,885.0,888.0,643.0,589.0,172.0,,,,,,,885;888;465;643;589;172,643;465;885;888;172;589;614;687;795;347;951,465;885;888;643;589;172,172;465;589;643;885;888,6,172;465;589;643;885;888,6,35,7,888;885;465;643;172;589,465;643;885;888;172;589,465;643;885;888;172;589;687;614;795;347;951;76,172;465;589;643;885;888,172;465;589;643;885;888,172;465;589;643;885;888,172;465;589;643;885;888,885;888;643,465;643;885;888,4,643;465,643;465
137,train,sem_seed_acq_emph_do,acq:emph_do,singleton,single-seed,They did buy a computer.,,959,365.0,706.0,772.0,697.0,481.0,566.0,334.0,601.0,569.0,760.0,845.0,959,706,697,772,365.0,163.0,421.0,411.0,985.0,147.0,75.0,620.0,706,959.0,697.0,772.0,365.0,421.0,163.0,411.0,985.0,,,,959;365;706;772;697;481;566;334;601;569;760;845,959;706;697;772;365;163;421;411;985;147;75;620,706;959;697;772;365;421;163;411;985,163;365;411;421;697;706;772;959;985,9,365;697;706;772;959,5,24,5,959;365;706;772;697;334;566;481;569;601;760,697;706;772;959;163;365;421;411;985,959;772;697;706;411;163;365;421;75;147;985;481,163;365;411;421;481;697;706;772;959;985,365;697;706;772;959,163;365;411;421;481;697;706;772;959;985,365;697;706;772;959,163;772,163;365;406;772;959,5,163;959;365;406;772,163;959;365;406;772
138,train,sem_seed_pref_emph_do,pref:emph_do,singleton,single-seed,We do prefer a sandwich.,,393,495.0,785.0,944.0,624.0,14.0,604.0,646.0,500.0,78.0,696.0,118.0,393,86,495,785,725.0,383.0,152.0,630.0,76.0,342.0,432.0,812.0,393,86.0,383.0,118.0,177.0,495.0,1.0,152.0,944.0,630.0,363.0,76.0,393;495;785;944;624;14;604;646;500;78;696;118,393;86;495;785;725;383;152;630;76;342;432;812,393;86;383;118;177;495;1;152;944;630;363;76,76;86;118;152;383;393;495;630;785;944,10,393;495,2,24,5,393;495;785;624;14;604;646;944;78;118;696;818,393;86;118;177;383;495;1;152;944;76;363;447,393;86;495;725;383;785;812;432;342;152;177;118,86;118;152;177;383;393;495;785;944,118;393;495,86;118;152;177;383;393;495;785;944,118;393;495,393;944;495;118;617,99;118;177;393;408;414;495;617;678;696;785;798;944,13,393;944;495;118;99;696;617;785;177;798;678;414;408,393;944;495;118;99;696;617;785;177;798;678;414;408
139,train,sem_0081,play:decl,para3,base,I play a song.,30;424,984,892.0,473.0,124.0,134.0,30.0,550.0,851.0,198.0,267.0,512.0,726.0,30,473,134,124,984.0,892.0,485.0,267.0,550.0,851.0,198.0,726.0,892,984.0,124.0,995.0,473.0,512.0,134.0,78.0,30.0,267.0,550.0,851.0,984;892;473;124;134;30;550;851;198;267;512;726,30;473;134;124;984;892;485;267;550;851;198;726,892;984;124;995;473;512;134;78;30;267;550;851,30;124;134;198;267;473;512;550;726;851;892;984,12,30;124;134;267;473;550;851;892;984,9,14,4,984;892;473;124;134;851;550;30;512;198;726;267,78;124;134;473;512;892;984;995;30;267;485;550,473;134;892;124;984;30;550;267;851;485;512;198,30;124;134;198;267;473;485;512;550;851;892;984,30;124;134;267;473;512;550;892;984,30;124;134;198;267;424;473;485;512;550;851;892;984,30;124;134;267;424;473;512;550;892;984,473;892;424;124;550;984;201;30;134,30;124;134;141;201;424;473;550;892;984,10,473;892;550;124;984;141;424,473;892;550;124;984;141;424
140,train,sem_0101,move:decl,para3,base,They arrive at the station.,744;830,744,338.0,873.0,61.0,830.0,467.0,12.0,662.0,404.0,717.0,874.0,554.0,744,977,338,830,61.0,12.0,873.0,346.0,404.0,863.0,107.0,662.0,744,977.0,830.0,338.0,717.0,346.0,467.0,107.0,863.0,662.0,730.0,287.0,744;338;873;61;830;467;12;662;404;717;874;554,744;977;338;830;61;12;873;346;404;863;107;662,744;977;830;338;717;346;467;107;863;662;730;287,12;61;107;338;346;404;467;662;717;744;830;863;873;977,14,338;662;744;830,4,27,5,744;338;873;61;830;12;662;467;977;717;874;554,744;338;830;977;12;61;107;287;346;467;662;717,744;977;338;830;61;873;346;12;404;863;107;662,12;61;107;338;346;467;662;717;744;830;873;977,12;61;338;662;744;830;977,12;61;107;338;346;467;662;717;744;830;873;977,12;61;338;662;744;830;977,744;730;287;830;583;549;526,29;287;292;322;526;549;583;670;730;744;830;998,12,730;744;287;526;549;830;670;998;292;29;583;322,730;744;287;526;549;830;670;998;292;29;583;322
141,train,sem_0024,play:decl,para4,base,You play music.,359;448;473,424,634.0,311.0,688.0,511.0,448.0,147.0,595.0,638.0,275.0,656.0,473.0,448,656,311,511,688.0,424.0,634.0,147.0,595.0,638.0,482.0,275.0,448,275.0,424.0,634.0,511.0,656.0,395.0,311.0,688.0,193.0,445.0,595.0,424;634;311;688;511;448;147;595;638;275;656;473,448;656;311;511;688;424;634;147;595;638;482;275,448;275;424;634;511;656;395;311;688;193;445;595,147;275;311;424;448;511;595;634;638;656;688,11,275;311;424;448;511;595;634;656;688,9,15,3,424;634;311;688;511;448;275;595;638;147;656;473,448;193;275;311;395;424;511;634;656;688;147;359,448;311;688;634;424;511;656;147;638;595;193;395,147;193;275;311;395;424;448;511;595;634;638;656;688,147;311;424;448;511;634;656;688,147;193;275;311;359;395;424;448;473;511;595;634;638;656;688,147;311;359;424;448;473;511;634;656;688,275;424;656;359;473;311;511,139;275;311;359;424;473;511;595;634;656;688;892,12,311;424;275;473;359;511;595;656;688;139;892;634,311;424;275;473;359;511;595;656;688;139;892;634
142,train,sem_single_0904,social:conditional_if,singleton,single,"If it is warm, You meet a friend.",,355,295.0,369.0,299.0,786.0,119.0,571.0,680.0,990.0,319.0,951.0,625.0,119,299,786,951,990.0,571.0,625.0,3.0,680.0,799.0,527.0,319.0,299,347.0,951.0,799.0,119.0,786.0,990.0,680.0,571.0,625.0,3.0,175.0,355;295;369;299;786;119;571;680;990;319;951;625,119;299;786;951;990;571;625;3;680;799;527;319,299;347;951;799;119;786;990;680;571;625;3;175,3;119;299;319;571;625;680;786;799;951;990,11,119;299;571;625;680;786;951;990,8,33,8,355;295;786;299;119;369;571;680;990;319;951;625,119;299;347;786;799;951;3;571;625;680;990;175,3;680;625;571;990;786;951;119;299;799;527;175,3;119;175;299;571;625;680;786;799;951;990,119;299;571;625;680;786;951;990,3;119;175;299;571;625;680;786;799;951;990,119;299;571;625;680;786;951;990,,299,1,299,299
143,train,sem_seed_drink_wh_where,drink:wh_where,singleton,single-seed,Where do You drink?,,970,280.0,575.0,796.0,425.0,453.0,690.0,487.0,,,,,575,280,796,425,970.0,156.0,162.0,232.0,310.0,402.0,13.0,894.0,970,575.0,425.0,796.0,280.0,156.0,487.0,453.0,894.0,999.0,162.0,232.0,970;280;575;796;425;453;690;487,575;280;796;425;970;156;162;232;310;402;13;894,970;575;425;796;280;156;487;453;894;999;162;232,156;162;232;280;425;453;487;575;796;894;970,11,280;425;575;796;970,5,19,4,970;280;575;796;425;453;690;487,280;425;575;796;970;156;453;487;13;97;162;232,280;575;796;425;970;156;402;13;993;946;310;894,13;156;280;425;453;487;575;796;970,280;425;575;796;970,13;156;280;425;453;487;575;796;970,280;425;575;796;970,280;575,280;575;970,3,970;280;575,970;280;575
144,train,sem_0156,drink:front_place,para3,order,"at school, They sip water.",104;528,528,405.0,579.0,530.0,457.0,,,,,,,,528,405,759,79,237.0,924.0,110.0,214.0,223.0,579.0,530.0,457.0,528,759.0,972.0,955.0,607.0,405.0,,,,,,,528;405;579;530;457,528;405;759;79;237;924;110;214;223;579;530;457,528;759;972;955;607;405,405;457;528;530;579;759,6,405;528,2,26,5,528;405;530;579,528;759;405;607;955;972,528;405;237;759;79;110;214;607;955;972;924;227,405;528;607;759;955;972,405;528,104;405;528;607;759;955;972,104;405;528,528,528,1,,
145,train,sem_single_0910,social:front_time,singleton,single,"Yesterday, She choose a movie.",,386,476.0,351.0,810.0,215.0,902.0,,,,,,,386,476,215,351,810.0,441.0,220.0,603.0,637.0,768.0,861.0,876.0,220,637.0,603.0,768.0,861.0,698.0,810.0,476.0,423.0,386.0,272.0,351.0,386;476;351;810;215;902,386;476;215;351;810;441;220;603;637;768;861;876,220;637;603;768;861;698;810;476;423;386;272;351,215;220;351;386;476;603;637;768;810;861,10,351;386;476;810,4,30,5,386;476;351;810;215;902,220;603;637;768;861;272;351;386;423;476;698;810,386;476;215;351;810;220;768;603;637;861;441;272,215;220;272;351;386;476;603;637;768;810;861,351;386;476;810,215;220;272;351;386;476;603;637;768;810;861,351;386;476;810,,,0,,
146,train,sem_0123,move:front_place,para3,order,"at the cafe, We visit.",378;874,378,553.0,865.0,246.0,111.0,729.0,521.0,977.0,,,,,378,553,729,467,717.0,662.0,642.0,928.0,246.0,107.0,830.0,327.0,378,553.0,729.0,246.0,467.0,977.0,107.0,93.0,61.0,662.0,830.0,928.0,378;553;865;246;111;729;521;977,378;553;729;467;717;662;642;928;246;107;830;327,378;553;729;246;467;977;107;93;61;662;830;928,107;246;378;467;553;662;729;830;928;977,10,246;378;553;729,4,22,5,378;553;246;729;865;111;977,378;553;729;12;61;93;107;246;338;346;467;521,378;553;729;662;107;467;830;642;928;717;246;338,107;246;338;378;467;553;729,246;378;553;729,107;246;338;378;467;553;729;874,246;378;553;729;874,378;553;729,378;521;553;729,4,378;553;521;729,378;553;521;729
147,train,sem_seed_play_emph_do,play:emph_do,singleton,single-seed,We did play music.,,424,311.0,634.0,688.0,141.0,511.0,595.0,638.0,448.0,656.0,,,311,424,141,634,688.0,511.0,595.0,448.0,638.0,656.0,75.0,482.0,311,141.0,634.0,511.0,600.0,657.0,424.0,433.0,919.0,446.0,688.0,638.0,424;311;634;688;141;511;595;638;448;656,311;424;141;634;688;511;595;448;638;656;75;482,311;141;634;511;600;657;424;433;919;446;688;638,141;311;424;448;511;595;634;638;656;688,10,141;311;424;511;634;638;688,7,18,4,424;311;634;688;141;511;595;638,311;141;424;433;446;511;600;634;657;688;919;269,311;141;424;688;511;634;638;448;595;75;600;657,141;311;424;511;595;600;634;638;657;688,141;311;424;511;634;688,141;311;424;511;595;600;634;638;657;688,141;311;424;511;634;688,311;275,275;311;359;550;892,5,275;311;359;892;550,275;311;359;892;550
148,train,sem_0237,move:front_time,para3,order,"Now, We travel to the station.",549;803,549,998.0,322.0,287.0,397.0,188.0,17.0,809.0,665.0,292.0,29.0,948.0,549,188,322,998,287.0,397.0,665.0,803.0,809.0,673.0,17.0,304.0,549,803.0,287.0,188.0,998.0,322.0,665.0,397.0,809.0,673.0,583.0,292.0,549;998;322;287;397;188;17;809;665;292;29;948,549;188;322;998;287;397;665;803;809;673;17;304,549;803;287;188;998;322;665;397;809;673;583;292,17;188;287;292;322;397;549;665;673;803;809;998,12,188;287;322;397;549;665;809;998,8,30,6,549;998;322;287;188;397;17;292;809;29;665;948,549;188;287;322;803;998;665;397;809;17;29;82,549;188;998;287;322;665;397;803;809;304;673;17,17;29;188;287;322;397;549;665;803;809;998,17;188;287;322;397;549;665;809;998,17;29;188;287;322;397;549;665;803;809;998,17;188;287;322;397;549;665;803;809;998,549;287;188;730;803,188;287;549;730;803,5,549;287,549;287
149,train,sem_0132,drink:decl,para3,base,You sip juice.,750;905,654,306.0,767.0,607.0,225.0,727.0,905.0,227.0,807.0,815.0,,,905,306,607,654,767.0,225.0,727.0,227.0,807.0,487.0,815.0,342.0,607,487.0,815.0,654.0,306.0,767.0,905.0,225.0,727.0,227.0,,,654;306;767;607;225;727;905;227;807;815,905;306;607;654;767;225;727;227;807;487;815;342,607;487;815;654;306;767;905;225;727;227,225;227;306;487;607;654;727;767;807;815;905,11,225;227;306;607;654;727;767;815;905,9,14,3,654;306;767;607;727;225;905;227;807;815,306;487;607;654;767;815;905;225;727;227,306;607;767;654;905;225;727;227;487;815;807;486,225;227;306;487;607;654;727;767;807;815;905,225;227;306;607;654;727;767;815;905,225;227;306;487;607;654;727;750;767;807;815;905,225;227;306;607;654;727;750;767;815;905,487;654;905;306;607;225;767;104;909,104;116;225;306;452;487;528;607;654;767;905;909,12,654;306;905;607;487;225;767;104;116;452;528,654;306;905;607;487;225;767;104;116;452;528
150,train,sem_0113,watch:going_to,para3,tense,He is going to observe a show.,418;534,418,330.0,458.0,390.0,19.0,866.0,615.0,719.0,614.0,703.0,745.0,991.0,418,866,406,19,614.0,615.0,703.0,458.0,330.0,390.0,427.0,745.0,418,614.0,866.0,406.0,19.0,703.0,615.0,427.0,458.0,745.0,991.0,792.0,418;330;458;390;19;866;615;719;614;703;745;991,418;866;406;19;614;615;703;458;330;390;427;745,418;614;866;406;19;703;615;427;458;745;991;792,19;330;390;406;418;427;458;614;615;703;745;866;991,13,19;418;458;614;615;703;745;866,8,30,7,418;458;390;330;19;615;719;866;524;36;991;792,418;19;406;614;866;615;703;427;458;745;330;390,418;615;703;614;406;866;19;390;330;458;427;745,19;330;390;406;418;427;458;614;615;703;745;866,19;330;390;418;458;615;866,19;330;390;406;418;427;458;534;614;615;703;745;866,19;330;390;418;458;534;615;866,418,330;390;418;517,4,418;330;390;517,418;330;390;517
151,train,sem_0207,watch:decl,para3,base,You see a movie.,484;531,616,444.0,531.0,72.0,958.0,778.0,185.0,135.0,713.0,,,,531,72,444,616,958.0,244.0,713.0,375.0,778.0,419.0,824.0,353.0,824,713.0,419.0,375.0,616.0,778.0,531.0,353.0,958.0,72.0,476.0,444.0,616;444;531;72;958;778;185;135;713,531;72;444;616;958;244;713;375;778;419;824;353,824;713;419;375;616;778;531;353;958;72;476;444,72;353;375;419;444;531;616;713;778;824;958,11,72;444;531;616;713;778;958,7,16,4,616;444;72;531;958;778;135;713;732,375;419;616;713;778;824;531;72;353;444;476;958,531;444;72;616;958;713;419;778;375;824;244;476,72;375;419;444;476;531;616;713;778;824;958,72;444;531;616;713;778;958,72;375;419;444;476;484;531;616;713;778;824;958,72;444;484;531;616;713;778;958,419;484;713;778;531;935;852;633;375;824;490,375;419;444;484;490;531;633;713;778;824;852;931;935,13,419;484;713;935;531;931;778;490;444,419;484;713;935;531;931;778;490;444
152,train,sem_0100,pref:front_time,para3,order,"Yesterday, We prefer a film.",135;383,383,810.0,966.0,88.0,812.0,393.0,207.0,74.0,,,,,383,810,966,88,207.0,393.0,138.0,630.0,76.0,812.0,342.0,432.0,383,393.0,207.0,88.0,966.0,138.0,810.0,630.0,76.0,432.0,342.0,812.0,383;810;966;88;812;393;207;74,383;810;966;88;207;393;138;630;76;812;342;432,383;393;207;88;966;138;810;630;76;432;342;812,76;88;138;207;342;383;393;432;630;810;812;966,12,88;207;383;393;810;812;966,7,28,5,383;810;966;88;393;207;74;794,383;207;393;88;138;810;966;76;630;342;432;812,383;810;207;393;966;88;812;342;432;138;86;76,76;88;138;207;342;383;393;432;810;812;966,88;207;383;393;810;966,76;88;135;138;207;342;383;393;432;810;812;966,88;135;207;383;393;810;966,383,383,1,383,383
153,train,sem_single_0993,social:front_place,singleton,single,"in the library, I take pizza.",,92,222.0,994.0,498.0,346.0,304.0,857.0,,,,,,92,222,994,498,857.0,620.0,628.0,183.0,466.0,807.0,186.0,522.0,92,222.0,183.0,620.0,628.0,466.0,807.0,498.0,857.0,522.0,,,92;222;994;498;346;304;857,92;222;994;498;857;620;628;183;466;807;186;522,92;222;183;620;628;466;807;498;857;522,92;183;222;466;498;522;620;628;807;857;994,11,92;222;498;857,4,29,6,92;222;498;994;304;857;346;210,92;222;183;466;620;628;807;498;522;857,92;994;222;183;498;857;628;620;466;186;807;572,92;183;222;466;498;620;628;807;857;994,92;222;498;857,92;183;222;466;498;620;628;807;857;994,92;222;498;857,92,92,1,92,92
154,train,sem_seed_learn_wh_when,learn:wh_when,singleton,single-seed,When does He review?,,621,95.0,32.0,609.0,126.0,819.0,708.0,174.0,169.0,844.0,,,126,621,32,95,169.0,708.0,844.0,174.0,609.0,789.0,613.0,916.0,32,621.0,95.0,126.0,789.0,613.0,916.0,174.0,819.0,844.0,708.0,169.0,621;95;32;609;126;819;708;174;169;844,126;621;32;95;169;708;844;174;609;789;613;916,32;621;95;126;789;613;916;174;819;844;708;169,32;95;126;169;174;609;613;621;708;789;819;844;916,13,32;95;126;169;174;621;708;844,8,20,4,609;621;95;32;819;126;169;708;844;174,32;95;126;621;789;169;174;609;613;708;819;844,126;621;32;95;708;174;169;844;609;789;613;916,32;95;126;169;174;609;613;621;708;789;819;844,32;95;126;169;174;609;621;708;844,32;95;126;169;174;609;613;621;708;789;819;844,32;95;126;169;174;609;621;708;844,,,0,,
155,train,sem_seed_pref_front_time,pref:front_time,singleton,single-seed,"Today, We like a show.",,743,197.0,447.0,517.0,506.0,135.0,,,,,,,743,447,197,506,517.0,52.0,618.0,135.0,410.0,734.0,889.0,362.0,743,447.0,197.0,618.0,135.0,52.0,889.0,517.0,734.0,506.0,410.0,362.0,743;197;447;517;506;135,743;447;197;506;517;52;618;135;410;734;889;362,743;447;197;618;135;52;889;517;734;506;410;362,52;135;197;362;410;447;506;517;618;734;743;889,12,135;197;447;506;517;743,6,22,5,743;197;517;447;135;506,743;447;52;135;197;618;410;506;517;734;889;362,743;447;197;506;517;52;618;135;314;551;734;410,52;135;197;410;447;506;517;618;734;743,135;197;447;506;517;743,52;135;197;410;447;506;517;618;734;743,135;197;447;506;517;743,743;506,506;743,2,743;506,743;506
156,train,sem_single_0901,drink:negative_simple,singleton,single,You do not drink tea.,,453,236.0,641.0,690.0,105.0,653.0,244.0,216.0,412.0,537.0,714.0,,453,690,143,970,653.0,216.0,236.0,641.0,537.0,714.0,244.0,105.0,453,143.0,970.0,690.0,216.0,653.0,537.0,714.0,244.0,641.0,236.0,487.0,453;236;641;690;105;653;244;216;412;537;714,453;690;143;970;653;216;236;641;537;714;244;105,453;143;970;690;216;653;537;714;244;641;236;487,105;143;216;236;244;453;537;641;653;690;714;970,12,216;236;244;453;537;641;653;690;714,9,21,5,453;236;641;690;105;244;216;412;653,453;143;690;970;216;653;244;537;714;236;487;641,453;690;970;143;236;641;216;653;105;537;714;244,105;143;216;236;244;453;537;641;653;690;714;970,216;236;244;453;641;653;690,105;143;216;236;244;453;537;641;653;690;714;970,216;236;244;453;641;653;690,453,236;249;453;690;918,5,453;236;690;249;918,453;236;690;249;918
157,train,sem_0065,eat:decl,para3,lex,He order dinner.,184;345,268,520.0,976.0,663.0,228.0,84.0,625.0,18.0,883.0,211.0,686.0,937.0,976,520,268,663,84.0,18.0,228.0,883.0,625.0,791.0,686.0,975.0,686,975.0,520.0,268.0,976.0,791.0,318.0,916.0,663.0,84.0,302.0,283.0,268;520;976;663;228;84;625;18;883;211;686;937,976;520;268;663;84;18;228;883;625;791;686;975,686;975;520;268;976;791;318;916;663;84;302;283,18;84;228;268;520;625;663;686;791;883;975;976,12,84;268;520;663;686;976,6,16,3,268;520;976;663;228;625;84;211;883;18;686;937,268;520;686;791;975;976;84;318;663;916;283;302,520;976;268;84;663;791;686;975;883;18;228;318,18;84;228;268;318;520;663;686;791;883;975;976,84;268;520;663;686;976,18;84;184;228;268;318;345;520;663;686;791;883;975;976,84;184;268;345;520;663;686;976,11;520;976;211;791;268,11;41;84;211;268;520;788;791;921;976,10,211;11;268;976;921;520;41;84;788,211;11;268;976;921;520;41;84;788
158,train,sem_seed_learn_negative_simple,learn:negative_simple,singleton,single-seed,I do not study a novel.,,231,814.0,1.0,168.0,838.0,479.0,,,,,,,1,271,81,814,231.0,402.0,537.0,447.0,198.0,244.0,825.0,216.0,1,81.0,333.0,85.0,241.0,261.0,271.0,231.0,814.0,871.0,28.0,77.0,231;814;1;168;838;479,1;271;81;814;231;402;537;447;198;244;825;216,1;81;333;85;241;261;271;231;814;871;28;77,1;81;231;271;814,5,1;231;814,3,23,6,231;814;1;838;168,1;81;85;231;241;261;271;333;814;871;28;77,1;271;231;814;81;402;825;447;244;198;537;216,1;81;231;271;814,1;231;814,1;81;231;271;814,1;231;814,,1;231;814;871,4,814;871;1;231,814;871;1;231
159,train,sem_0059,watch:decl,para3,base,He watch a game.,552;719,644,925.0,251.0,681.0,88.0,534.0,564.0,852.0,233.0,419.0,633.0,484.0,681,925,644,251,88.0,534.0,564.0,795.0,719.0,462.0,891.0,552.0,462,251.0,719.0,534.0,681.0,925.0,644.0,891.0,552.0,88.0,274.0,294.0,644;925;251;681;88;534;564;852;233;419;633;484,681;925;644;251;88;534;564;795;719;462;891;552,462;251;719;534;681;925;644;891;552;88;274;294,88;251;462;534;552;564;644;681;719;891;925,11,88;251;534;644;681;925,6,16,4,644;925;251;681;88;534;564;852;940;419;633;484,251;462;534;644;681;719;925;88;552;891;16;38,681;644;925;251;88;534;462;719;564;552;891;484,88;251;462;484;534;552;564;644;681;719;891;925,88;251;534;644;681;925,88;251;462;484;534;552;564;644;681;719;891;925,88;251;534;552;644;681;719;925,719;552;534;925;681;462;251;644,251;462;534;552;644;648;681;719;925;940,10,552;925;648;681;644;719;251;940,552;925;648;681;644;719;251;940
160,train,sem_0009,call:front_place,para4,order,"in the station, We text my teacher.",380;497;692,692,756.0,557.0,668.0,282.0,497.0,701.0,107.0,44.0,744.0,,,692,497,498,756,668.0,557.0,701.0,667.0,907.0,403.0,803.0,549.0,692,498.0,497.0,701.0,756.0,667.0,907.0,557.0,803.0,668.0,549.0,148.0,692;756;557;668;282;497;701;107;44;744,692;497;498;756;668;557;701;667;907;403;803;549,692;498;497;701;756;667;907;557;803;668;549;148,497;498;549;557;667;668;692;701;756;803;907,11,497;557;668;692;701;756,6,35,7,692;756;668;557;497;282;701;744,692;497;498;667;701;756;549;557;668;803;907;91,692;756;668;557;497;498;701;667;907;549;803;599,497;498;549;557;667;668;692;701;756;803;907,497;557;668;692;701;756,380;497;498;549;557;667;668;692;701;756;803;907,380;497;557;668;692;701;756,692;497,497;692,2,,
161,train,sem_seed_pref_going_to,pref:going_to,singleton,single-seed,They are going to like a novel.,,804,561.0,42.0,458.0,823.0,829.0,381.0,526.0,480.0,598.0,531.0,806.0,458,829,561,480,804.0,381.0,42.0,526.0,823.0,55.0,758.0,505.0,458,480.0,829.0,561.0,381.0,42.0,804.0,55.0,758.0,492.0,505.0,46.0,804;561;42;458;823;829;381;526;480;598;531;806,458;829;561;480;804;381;42;526;823;55;758;505,458;480;829;561;381;42;804;55;758;492;505;46,42;55;381;458;480;505;526;561;758;804;823;829,12,42;381;458;480;561;804;829,7,31,7,561;804;458;42;526;381;823;829;480;806,458;480;561;829;42;381;804;46;55;492;505;526,381;42;804;561;480;458;829;526;823;723;46;806,42;46;381;458;480;526;561;804;806;823;829,42;381;458;480;526;561;804;829,42;46;381;458;480;526;561;804;806;823;829,42;381;458;480;526;561;804;829,540,27;539;540;598,4,27;540;598;539,27;540;598;539
162,train,sem_seed_move_wh_where,move:wh_where,singleton,single-seed,Where do They jog?,,575,993.0,694.0,946.0,232.0,35.0,234.0,13.0,496.0,,,,575,694,310,13,402.0,425.0,280.0,143.0,796.0,946.0,894.0,993.0,575,864.0,310.0,280.0,796.0,496.0,894.0,143.0,993.0,331.0,232.0,816.0,575;993;694;946;232;35;234;13;496,575;694;310;13;402;425;280;143;796;946;894;993,575;864;310;280;796;496;894;143;993;331;232;816,13;143;232;280;310;496;575;694;796;894;946;993,12,575;993,2,18,4,575,575;13;35;143;232;234;280;310;331;402;425;496,575;796;143;894;232;402;946;694;280;310;13;993,13;143;232;280;310;402;575,575,13;143;232;280;310;402;575,575,,,0,,
163,train,sem_seed_acq_past_cont,acq:past_cont,singleton,single-seed,They were purchasing a computer.,,191,706.0,772.0,697.0,481.0,566.0,334.0,959.0,365.0,137.0,,,706,772,697,191,137.0,421.0,365.0,985.0,696.0,996.0,114.0,909.0,697,706.0,772.0,365.0,137.0,421.0,985.0,,,,,,191;706;772;697;481;566;334;959;365;137,706;772;697;191;137;421;365;985;696;996;114;909,697;706;772;365;137;421;985,137;191;365;421;697;706;772;985,8,137;365;697;706;772,5,32,5,191;706;772;697;566;334;959;481,697;706;772;137;365;421;985,772;706;697;191;365;421;137;996;696;114;909;985,137;191;365;421;697;706;772;985,697;706;772,137;191;365;421;697;706;772;985,697;706;772,137,137;959,2,137;959,137;959
164,train,sem_0153,pref:front_place,para3,order,"at the office, We love lunch.",132;314,132,228.0,91.0,246.0,759.0,48.0,53.0,883.0,664.0,,,,228,548,132,928,246.0,327.0,759.0,883.0,53.0,664.0,48.0,91.0,132,548.0,228.0,61.0,146.0,246.0,928.0,346.0,378.0,12.0,384.0,961.0,132;228;91;246;759;48;53;883;664,228;548;132;928;246;327;759;883;53;664;48;91,132;548;228;61;146;246;928;346;378;12;384;961,48;53;91;132;228;246;548;664;759;883;928,11,132;228;246,3,29,6,132;228;91;246;759;48;883;664;53,132;228;548;12;61;146;246;346;378;928;91;327,132;228;548;928;246;327;883;759;48;53;664;91,48;53;91;132;228;246;327;548;664;759;883;928,91;132;228;246,48;53;91;132;228;246;314;327;548;664;759;883;928,91;132;228;246;314,132,132;228;883,3,228;132;883,228;132;883
165,train,sem_0142,move:decl,para3,lex,You return at home.,553;729,93,237.0,863.0,214.0,878.0,556.0,110.0,183.0,521.0,,,,237,93,110,863,214.0,521.0,878.0,183.0,556.0,554.0,874.0,212.0,237,93.0,110.0,863.0,214.0,521.0,874.0,842.0,716.0,554.0,212.0,,93;237;863;214;878;556;110;183;521,237;93;110;863;214;521;878;183;556;554;874;212,237;93;110;863;214;521;874;842;716;554;212,93;110;183;212;214;237;521;554;556;863;874;878,12,93;110;214;237;521;863,6,19,4,93;237;863;214;878;556;183;110;521,237;93;110;214;521;863;212;554;716;842;874,237;521;214;863;93;110;183;878;556;874;212;554,93;110;183;212;214;237;521;554;556;863;874;878,93;110;214;237;521;863,93;110;183;212;214;237;521;553;554;556;729;863;874;878,93;110;214;237;521;553;729;863,716;237;874;723;554,237;554;716;723;874,5,874,874
166,train,sem_0164,drink:decl,para3,lex,We sip tea.,128;576,954,955.0,194.0,249.0,759.0,306.0,,,,,,,954,955,194,249,759.0,610.0,602.0,306.0,622.0,227.0,924.0,647.0,955,954.0,610.0,602.0,306.0,622.0,194.0,249.0,227.0,,,,954;955;194;249;759;306,954;955;194;249;759;610;602;306;622;227;924;647,955;954;610;602;306;622;194;249;227,194;227;249;306;602;610;622;759;954;955,10,194;249;306;954;955,5,11,3,954;955;194;249;759;306,306;602;610;954;955;194;622;227;249,954;955;194;249;610;602;759;306;622;227;641;236,194;227;249;306;602;610;622;759;954;955,194;249;306;954;955,128;194;227;249;306;576;602;610;622;759;954;955,128;194;249;306;576;954;955,955;236;453;764;610;602,25;105;194;236;249;306;453;602;610;751;764;815;870;954;955,15,955;954;194;453;306;610;815;249;25;105;236;870;751,955;954;194;453;306;610;815;249;25;105;236;870;751
167,train,sem_0044,learn:decl,para3,base,He read a novel.,502;965,226,949.0,992.0,712.0,660.0,965.0,474.0,775.0,877.0,979.0,460.0,989.0,965,949,226,992,712.0,660.0,979.0,474.0,775.0,877.0,541.0,374.0,949,877.0,374.0,226.0,231.0,712.0,992.0,541.0,775.0,965.0,27.0,499.0,226;949;992;712;660;965;474;775;877;979;460;989,965;949;226;992;712;660;979;474;775;877;541;374,949;877;374;226;231;712;992;541;775;965;27;499,226;374;474;541;660;712;775;877;949;965;979;992,12,226;712;775;877;949;965;992,7,16,4,949;226;992;712;660;474;965;775;877;979;989;460,226;231;374;541;712;775;877;949;992;965;27;499,992;949;226;712;965;660;775;877;979;474;541;374,226;374;474;541;660;712;775;877;949;965;979;992,226;712;775;877;949;965;992,226;374;474;502;541;660;712;775;877;949;965;979;992,226;502;712;775;877;949;965;992,877;949;712;541;992;374;226;660;231,27;226;231;374;541;660;712;877;949;992,10,949;712;660;226;992;877;231;541;27;374,949;712;660;226;992;877;231;541;27;374
168,train,sem_0030,learn:decl,para4,base,We study a song.,111;781;919,838,479.0,111.0,866.0,231.0,1.0,781.0,814.0,542.0,158.0,825.0,892.0,111,838,479,866,1.0,402.0,781.0,997.0,892.0,833.0,348.0,398.0,348,838.0,833.0,892.0,997.0,398.0,479.0,781.0,111.0,83.0,550.0,578.0,838;479;111;866;231;1;781;814;542;158;825;892,111;838;479;866;1;402;781;997;892;833;348;398,348;838;833;892;997;398;479;781;111;83;550;578,1;111;348;398;479;781;833;838;866;892;997,11,111;479;781;838;892,5,16,4,838;479;111;866;231;1;781;814;542;825;892;158,348;398;479;781;833;838;892;997;111;1;83;550,838;479;111;1;866;402;892;833;781;398;348;997,1;111;348;398;479;781;833;838;866;892;997,1;111;479;781;838;892,1;111;348;398;479;781;833;838;866;892;919;997,1;111;479;781;838;892;919,781;479;997,83;111;479;771;781;838;866;919;997,9,781;479;997;838;83;111;866;919;771,781;479;997;838;83;111;866;919;771
169,train,sem_single_0932,drink:wh_when,singleton,single,When does She have?,,736,708.0,174.0,844.0,559.0,324.0,95.0,32.0,621.0,39.0,938.0,126.0,844,174,708,736,559.0,126.0,95.0,32.0,621.0,154.0,324.0,283.0,844,174.0,708.0,736.0,559.0,102.0,957.0,836.0,95.0,324.0,32.0,938.0,736;708;174;844;559;324;95;32;621;39;938;126,844;174;708;736;559;126;95;32;621;154;324;283,844;174;708;736;559;102;957;836;95;324;32;938,32;95;126;174;324;559;621;708;736;844;938,11,32;95;174;324;559;708;736;844,8,19,4,736;708;844;174;324;559;621;95;32;154;39;126,174;708;736;844;559;102;836;957;32;39;95;126,708;174;844;736;126;95;154;32;621;559;324;283,32;39;95;126;154;174;324;559;621;708;736;844,32;95;126;174;559;708;736;844,32;39;95;126;154;174;324;559;621;708;736;844,32;95;126;174;559;708;736;844,708;736,708;736,2,708,708
170,train,sem_0219,acq:decl,para3,base,You purchase a game.,294;388,388,230.0,241.0,738.0,248.0,711.0,735.0,43.0,749.0,578.0,503.0,652.0,388,738,294,251,558.0,616.0,890.0,69.0,438.0,636.0,837.0,200.0,388,616.0,438.0,837.0,890.0,558.0,294.0,251.0,69.0,636.0,958.0,200.0,388;230;241;738;248;711;735;43;749;578;503;652,388;738;294;251;558;616;890;69;438;636;837;200,388;616;438;837;890;558;294;251;69;636;958;200,69;200;251;294;388;438;558;616;636;738;837;890,12,388,1,20,4,388;230;241;738;711;248;735;43;749;578;503;509,388;69;251;294;438;558;616;636;837;890;200;580,388;738;616;438;251;558;294;69;890;837;636;580,69;251;294;388;438;558;580;616;636;738;837;890,388,69;251;294;388;438;558;580;616;636;738;837;890,294;388,294;388,294;388,2,294;388,294;388
171,train,sem_0089,acq:modal_can,para3,tense,I can pick a sandwich.,408;503,408,513.0,489.0,303.0,500.0,100.0,16.0,456.0,118.0,617.0,818.0,108.0,408,303,513,489,536.0,747.0,617.0,735.0,624.0,798.0,500.0,108.0,408,513.0,500.0,108.0,617.0,798.0,624.0,735.0,525.0,754.0,100.0,303.0,408;513;489;303;500;100;16;456;118;617;818;108,408;303;513;489;536;747;617;735;624;798;500;108,408;513;500;108;617;798;624;735;525;754;100;303,100;108;303;408;489;500;513;617;624;735;798,11,108;303;408;500;513;617,6,22,5,408;513;489;303;16;456;118;818;617;108;80;624,408;108;500;513;525;617;624;735;798;100;303;536,408;513;303;489;108;525;735;617;500;624;798;536,108;303;408;489;500;513;525;536;617;624;735;798,108;303;408;513;617;624,108;303;408;489;500;503;513;525;536;617;624;735;798,108;303;408;503;513;617;624,408;617;108;500;624;798;513,108;408;500;513;617;624;798,7,408;513;617;798,408;513;617;798
172,train,sem_seed_drink_comparative,drink:comparative,singleton,single-seed,This movie is better than that town.,,643,888.0,589.0,885.0,465.0,136.0,,,,,,,888,643,136,885,589.0,465.0,619.0,427.0,745.0,510.0,,,888,643.0,136.0,589.0,465.0,885.0,,,,,,,643;888;589;885;465;136,888;643;136;885;589;465;619;427;745;510,888;643;136;589;465;885,136;465;589;643;885;888,6,136;465;589;643;885;888,6,36,7,643;888;465;589;885;136,643;888;136;465;589;885,888;643;589;465;136;885;619;745;427;510;76;630,136;465;589;643;885;888,136;465;589;643;885;888,136;465;589;643;885;888,136;465;589;643;885;888,888,888,1,888,888
173,train,sem_0006,move:present_cont,para4,tense,I am walking to the town.,71;352;936,936,715.0,828.0,619.0,415.0,352.0,71.0,973.0,813.0,286.0,9.0,608.0,71,352,608,936,790.0,945.0,18.0,893.0,96.0,715.0,828.0,286.0,608,71.0,352.0,936.0,790.0,945.0,948.0,873.0,878.0,769.0,828.0,450.0,936;715;828;619;415;352;71;973;813;286;9;608,71;352;608;936;790;945;18;893;96;715;828;286,608;71;352;936;790;945;948;873;878;769;828;450,71;286;352;608;715;790;828;936;945,9,71;352;608;828;936,5,25,6,936;715;828;415;352;813;608;286,71;352;608;936;790;945;17;23;286;450;669;715,352;936;608;71;790;945;18;893;286;828;973;715,71;286;352;608;715;790;828;936;945,286;352;608;715;936,71;286;352;608;715;790;828;936;945,71;286;352;608;715;936,936;71;828;608;352;715;790,71;352;415;608;715;790;828;873;878;936,10,936;715;71;608;873;828;352;878;415,936;715;71;608;873;828;352;878;415
174,train,sem_seed_call_wh_when,call:wh_when,singleton,single-seed,When does She text?,,708,169.0,844.0,32.0,621.0,95.0,736.0,39.0,748.0,126.0,154.0,938.0,169,708,844,154,126.0,95.0,621.0,32.0,350.0,850.0,609.0,39.0,169,844.0,708.0,32.0,850.0,126.0,95.0,350.0,736.0,748.0,938.0,609.0,708;169;844;32;621;95;736;39;748;126;154;938,169;708;844;154;126;95;621;32;350;850;609;39,169;844;708;32;850;126;95;350;736;748;938;609,32;39;95;126;154;169;350;609;621;708;736;748;844;850;938,15,32;95;126;169;708;844,6,19,4,169;708;844;621;32;95;736;39;154,169;708;844;32;39;95;126;154;350;609;621;736,708;169;844;32;621;154;126;95;350;850;938;748,32;39;95;126;154;169;350;621;708;736;844,32;95;154;169;621;708;844,32;39;95;126;154;169;350;621;708;736;844,32;95;154;169;621;708;844,,,0,,
175,train,sem_seed_social_conditional_if,social:conditional_if,singleton,single-seed,"If it is warm, They help my father.",,951,3.0,265.0,176.0,121.0,319.0,299.0,786.0,571.0,119.0,680.0,990.0,130,3,319,951,176.0,990.0,680.0,625.0,571.0,786.0,299.0,142.0,130,3.0,319.0,951.0,176.0,990.0,571.0,625.0,680.0,6.0,786.0,127.0,951;3;265;176;121;319;299;786;571;119;680;990,130;3;319;951;176;990;680;625;571;786;299;142,130;3;319;951;176;990;571;625;680;6;786;127,3;130;176;299;319;571;625;680;786;951;990,11,3;176;319;571;680;786;951;990,8,35,8,951;3;265;176;121;319;786;119;571;299;990;680,130;3;319;951;176;6;571;625;680;990;119;127,130;3;319;951;680;625;571;990;176;119;299;142,3;119;130;176;299;319;571;625;680;951;990,3;119;176;319;571;680;951;990,3;119;130;176;299;319;571;625;680;951;990,3;119;176;319;571;680;951;990,,,0,,
176,train,sem_seed_move_conditional_if,move:conditional_if,singleton,single-seed,"If it is warm, They visit at the park.",,951,3.0,175.0,830.0,299.0,786.0,571.0,680.0,119.0,319.0,642.0,990.0,3,175,951,990,680.0,625.0,571.0,142.0,786.0,299.0,319.0,119.0,3,951.0,175.0,830.0,625.0,680.0,6.0,990.0,571.0,119.0,130.0,779.0,951;3;175;830;299;786;571;680;119;319;642;990,3;175;951;990;680;625;571;142;786;299;319;119,3;951;175;830;625;680;6;990;571;119;130;779,3;119;175;299;319;571;625;680;786;830;951;990,12,3;119;175;571;680;951;990,7,38,9,951;830;3;175;786;299;571;642;680;119;378;319,3;175;951;830;6;571;625;680;990;119;130;142,3;951;175;680;625;571;990;299;786;319;527;119,3;119;175;299;319;571;625;680;786;830;951;990,3;119;175;571;680;951,3;119;175;299;319;571;625;680;786;830;951;990,3;119;175;571;680;951,,,0,,
177,train,sem_0124,eat:decl,para3,base,We eat a sandwich.,55;705,108,677.0,899.0,500.0,55.0,118.0,568.0,818.0,617.0,80.0,408.0,910.0,55,108,677,899,122.0,694.0,393.0,118.0,944.0,138.0,363.0,492.0,108,118.0,393.0,677.0,55.0,944.0,899.0,138.0,363.0,122.0,492.0,678.0,108;677;899;500;55;118;568;818;617;80;408;910,55;108;677;899;122;694;393;118;944;138;363;492,108;118;393;677;55;944;899;138;363;122;492;678,55;108;118;122;138;363;393;492;677;899;944,11,55;108;118;677;899,5,18,4,108;677;899;55;118;568;818;500;617;80;678;624,108;118;393;677;55;138;899;944;363;122;492;5,677;108;55;899;122;694;393;118;138;944;363;436,55;108;118;122;138;363;393;677;899;944,55;108;118;677;899,55;108;118;122;138;363;393;677;705;899;944,55;108;118;677;705;899,108;677;55;118;492;617;678;408;798;393;500;525;624,38;55;80;99;100;108;118;138;393;408;492;500;504;525;568;617;623;624;646;677;678;735;749;763;798;818;899;910;944,29,108;677;55;118;492;798;393;899;80;818;617;678;944;138;623;763;568;735;99;408;38;749;525;646;500;624;504;910;100,108;677;55;118;492;798;393;899;80;818;617;678;944;138;623;763;568;735;99;408;38;749;525;646;500;624;504;910;100
178,train,sem_0277,call:decl,para3,lex,He call a friend.,557;756,26,416.0,799.0,776.0,356.0,295.0,205.0,862.0,380.0,350.0,34.0,581.0,416,26,799,356,307.0,776.0,709.0,370.0,514.0,308.0,355.0,581.0,26,416.0,356.0,776.0,307.0,502.0,709.0,984.0,298.0,513.0,862.0,952.0,26;416;799;776;356;295;205;862;380;350;34;581,416;26;799;356;307;776;709;370;514;308;355;581,26;416;356;776;307;502;709;984;298;513;862;952,26;307;356;416;581;709;776;799;862,9,26;356;416;776,4,17,4,26;416;799;776;862;350;380;356;295;34;581;208,26;356;416;307;776;16;34;38;74;159;167;205,26;416;356;799;307;776;709;370;514;208;205;820,26;34;205;208;307;356;416;776;799,26;356;416;776,26;34;205;208;307;356;416;557;756;776;799,26;356;416;557;756;776,356;26;416,26;356;416,3,26;356,26;356
179,train,sem_single_0924,move:imperative,singleton,single,Please run to the city.,,209,64.0,803.0,396.0,301.0,769.0,450.0,385.0,,,,,209,64,450,769,803.0,385.0,673.0,934.0,396.0,301.0,842.0,61.0,209,64.0,396.0,803.0,673.0,769.0,934.0,450.0,301.0,385.0,,,209;64;803;396;301;769;450;385,209;64;450;769;803;385;673;934;396;301;842;61,209;64;396;803;673;769;934;450;301;385,64;209;301;385;396;450;673;769;803;934,10,64;209;301;385;396;450;769;803,8,23,5,209;64;803;396;769;450,209;64;396;450;673;769;803;934;301;385,209;64;769;803;450;673;385;396;934;842;301;61,64;209;301;385;396;450;673;769;803;934,64;209;396;450;769;803,64;209;301;385;396;450;673;769;803;934,64;209;396;450;769;803,209,64;209,2,209;64,209;64
180,train,sem_0011,pref:decl,para4,base,She love a song.,530;699;827,833,563.0,995.0,930.0,827.0,530.0,590.0,522.0,771.0,258.0,,,530,930,563,833,995.0,590.0,522.0,827.0,989.0,771.0,20.0,57.0,530,833.0,563.0,771.0,995.0,989.0,930.0,827.0,590.0,20.0,57.0,522.0,833;563;995;930;827;530;590;522;771;258,530;930;563;833;995;590;522;827;989;771;20;57,530;833;563;771;995;989;930;827;590;20;57;522,20;57;522;530;563;590;771;827;833;930;989;995,12,522;530;563;590;771;827;833;930;995,9,16,4,563;833;995;930;827;530;590;522;771;975;258,530;563;771;827;833;930;989;995;20;57;590;522,530;930;995;833;563;590;989;771;827;522;20;57,20;57;522;530;563;590;771;827;833;930;989;995,522;530;563;590;771;827;833;930;995,20;57;522;530;563;590;699;771;827;833;930;989;995,522;530;563;590;699;771;827;833;930;995,827;563;995;930;530;699;833;771,530;563;699;771;827;833;930;995,8,563;827;930;995;833,563;827;930;995;833
181,train,sem_0110,acq:front_time,para3,order,"Today, They get a movie.",897;943,897,72.0,185.0,568.0,290.0,772.0,670.0,54.0,112.0,743.0,,,897,72,290,112,54.0,568.0,772.0,365.0,354.0,743.0,586.0,985.0,897,72.0,568.0,772.0,185.0,633.0,112.0,290.0,54.0,586.0,365.0,444.0,897;72;185;568;290;772;670;54;112;743,897;72;290;112;54;568;772;365;354;743;586;985,897;72;568;772;185;633;112;290;54;586;365;444,54;72;112;185;290;365;568;586;743;772;897,11,54;72;112;290;568;772;897,7,24,5,897;72;568;290;772;112;670;54,897;72;185;568;633;772;54;112;290;354;365;444,897;72;290;54;112;772;568;365;633;185;354;586,54;72;112;185;290;354;365;568;633;772;897,54;72;112;290;568;772;897,54;72;112;185;290;354;365;568;633;772;897;943,54;72;112;290;568;772;897;943,72;897,72;743;897,3,897;72;743,897;72;743
182,train,sem_0077,move:modal_can,para3,tense,You can walk to the park.,209;840,840,300.0,828.0,936.0,715.0,591.0,855.0,753.0,544.0,813.0,535.0,115.0,840,300,544,828,813.0,115.0,591.0,715.0,753.0,936.0,71.0,914.0,840,544.0,300.0,828.0,813.0,115.0,936.0,855.0,973.0,673.0,715.0,853.0,840;300;828;936;715;591;855;753;544;813;535;115,840;300;544;828;813;115;591;715;753;936;71;914,840;544;300;828;813;115;936;855;973;673;715;853,115;300;544;591;715;753;813;828;840;855;936,11,115;300;544;715;813;828;840;936,8,25,6,840;300;828;936;715;591;855;753;544;813;115,840;300;544;828;115;813;71;209;583;591;673;715,840;300;828;544;813;115;591;936;71;753;715;855,71;115;300;544;591;715;753;813;828;840;855;936,115;300;544;591;715;813;828;840,71;115;209;300;544;591;715;753;813;828;840;855;936,115;209;300;544;591;715;813;828;840,840,300;840,2,840;300,840;300
183,train,sem_0261,move:decl,para3,lex,I return at the library.,277;573,878,556.0,93.0,12.0,863.0,82.0,379.0,165.0,224.0,544.0,466.0,237.0,878,556,521,93,863.0,12.0,346.0,961.0,379.0,210.0,264.0,10.0,878,346.0,467.0,93.0,863.0,521.0,873.0,556.0,12.0,961.0,210.0,327.0,878;556;93;12;863;82;379;165;224;544;466;237,878;556;521;93;863;12;346;961;379;210;264;10,878;346;467;93;863;521;873;556;12;961;210;327,12;93;210;346;379;521;556;863;878;961,10,12;93;556;863;878,5,24,5,878;556;93;12;863;82;379;165;544;237;466;210,878;12;93;346;467;521;556;863;873;153;210;327,878;863;521;556;93;346;12;237;165;379;961;210,12;93;165;210;237;346;379;521;556;863;878,12;93;210;556;863;878,12;93;165;210;237;277;346;379;521;556;573;863;878,12;93;210;277;556;573;863;878,,,0,,
184,train,sem_0065,eat:decl,para3,base,He have lunch.,157;345,879,836.0,493.0,848.0,345.0,532.0,451.0,132.0,216.0,305.0,278.0,329.0,345,836,493,879,848.0,305.0,451.0,216.0,532.0,329.0,567.0,839.0,345,836.0,278.0,562.0,770.0,486.0,879.0,766.0,757.0,791.0,567.0,493.0,879;836;493;848;345;532;451;132;216;305;278;329,345;836;493;879;848;305;451;216;532;329;567;839,345;836;278;562;770;486;879;766;757;791;567;493,216;278;305;329;345;451;493;532;567;836;848;879,12,345;493;836;879,4,14,3,836;879;493;345;532;848;451;132;216;305;278;329,345;218;278;486;493;562;567;757;766;770;791;836,345;493;879;836;305;848;757;567;278;766;839;451,278;305;345;451;493;567;757;766;836;848;879,278;345;493;836,157;278;305;345;451;493;567;757;766;836;848;879,157;278;345;493;836,839;791;836;345;278;766;218,40;218;278;345;401;493;757;766;791;836;839;879;922,13,836;839;278;493;879;345;766;791;40;401;757;922,836;839;278;493;879;345;766;791;40;401;757;922
185,train,sem_single_0897,acq:past_simple,singleton,single,They bought a movie.,,897,181.0,444.0,651.0,633.0,732.0,135.0,220.0,747.0,637.0,151.0,778.0,897,633,181,722,444.0,72.0,,,,,,,633,897.0,722.0,72.0,181.0,444.0,920.0,135.0,930.0,293.0,281.0,581.0,897;181;444;651;633;732;135;220;747;637;151;778,897;633;181;722;444;72,633;897;722;72;181;444;920;135;930;293;281;581,72;135;181;444;633;722;897,7,181;444;633;897,4,20,4,,633;897;72;181;444;722;5;33;43;90;98;99,897;633;181;444;72;722;375;419;442;490;603;637,72;181;444;633;722;897,,72;181;444;633;722;897,,651;131;747,131;651;747;897,4,897,897
186,train,sem_0180,social:decl,para3,base,I take a ticket.,572;915,572,33.0,915.0,98.0,700.0,829.0,76.0,,,,,,572,915,153,98,33.0,627.0,293.0,205.0,76.0,700.0,829.0,806.0,572,915.0,360.0,902.0,394.0,862.0,852.0,871.0,477.0,333.0,627.0,408.0,572;33;915;98;700;829;76,572;915;153;98;33;627;293;205;76;700;829;806,572;915;360;902;394;862;852;871;477;333;627;408,33;76;98;572;627;700;829;915,8,572;915,2,16,4,572;33;915;98;700;829;76,572;915;4;33;78;85;98;108;123;139;205;230,572;915;98;33;627;205;293;153;978;994;76;700,33;76;98;205;572;700;915,33;98;572;915,33;76;98;205;572;700;915,33;98;572;915,572,572,1,572,572
187,train,sem_0082,learn:decl,para3,base,He practice music.,24;775,24,91.0,502.0,269.0,702.0,321.0,333.0,543.0,752.0,28.0,537.0,340.0,24,91,502,789,634.0,316.0,545.0,752.0,702.0,321.0,543.0,333.0,24,634.0,789.0,316.0,502.0,545.0,,,,,,,24;91;502;269;702;321;333;543;752;28;537;340,24;91;502;789;634;316;545;752;702;321;543;333,24;634;789;316;502;545,24;91;316;321;333;502;543;545;634;702;752;789,12,24;502,2,18,3,24;91;502;269;321;702;333;543;752;28;537;340,24;316;634;789;502;545,24;502;91;634;316;789;545;321;702;752;543;333,24;91;316;321;333;502;543;545;634;702;752;789,24;502,24;91;316;321;333;502;543;545;634;702;752;775;789,24;502;775,634;24,24;634;688;984,4,634;24;984;688,634;24;984;688
188,train,sem_0293,move:front_time,para3,order,"Now, We travel to school.",82;809,809,148.0,549.0,573.0,649.0,313.0,17.0,998.0,606.0,322.0,468.0,449.0,809,148,649,549,606.0,468.0,313.0,573.0,17.0,998.0,449.0,322.0,809,148.0,649.0,606.0,549.0,,,,,,,,809;148;549;573;649;313;17;998;606;322;468;449,809;148;649;549;606;468;313;573;17;998;449;322,809;148;649;606;549,17;148;313;322;449;468;549;573;606;649;809;998,12,148;549;606;649;809,5,25,5,809;148;549;573;649;313;17;998;322;606;468;449,809;148;649;549;606,809;148;649;549;606;468;313;573;593;449;673;322,148;313;322;449;468;549;573;606;649;809,148;549;606;649;809,82;148;313;322;449;468;549;573;606;649;809,82;148;549;606;649;809,809;148,148;809,2,809,809
189,train,sem_seed_drink_wh_what,drink:wh_what,singleton,single-seed,What do I sip?,,622,271.0,254.0,488.0,,,,,,,,,622,271,488,254,731.0,593.0,496.0,234.0,980.0,86.0,47.0,738.0,254,488.0,622.0,271.0,25.0,654.0,638.0,373.0,980.0,234.0,894.0,738.0,622;271;254;488,622;271;488;254;731;593;496;234;980;86;47;738,254;488;622;271;25;654;638;373;980;234;894;738,234;254;271;488;622;738;980,7,254;271;488;622,4,14,4,622;271;254;488,254;271;488;622;25;654;13;47;86;225;232;234,622;254;271;488;86;234;738;496;980;47;731;593,47;86;234;254;271;488;622,254;271;488;622,47;86;234;254;271;488;622,254;271;488;622,622,622,1,622,622
190,train,sem_0039,social:decl,para4,lex,She help a film.,376;427;768,34,695.0,399.0,659.0,62.0,63.0,199.0,,,,,,430,248,199,63,219.0,509.0,695.0,34.0,659.0,62.0,399.0,131.0,430,199.0,248.0,63.0,219.0,509.0,956.0,943.0,623.0,603.0,949.0,321.0,34;695;399;659;62;63;199,430;248;199;63;219;509;695;34;659;62;399;131,430;199;248;63;219;509;956;943;623;603;949;321,34;62;63;199;219;248;399;430;509;659;695,11,63;199,2,16,4,34;695;399;659;63;199;62;956;676,63;199;248;430;219;509;14;26;34;131;180;207,430;248;199;63;509;219;695;659;34;674;62;399,34;62;63;199;219;248;399;430;509;659;695,34;63;199,34;62;63;199;219;248;376;399;427;430;509;659;695;768,34;63;199;376;427;768,63,63,1,,
191,train,sem_seed_acq_present_cont,acq:present_cont,singleton,single-seed,I am purchasing a show.,,163,,,,,,,,,,,,68,472,811,163,96.0,764.0,787.0,51.0,893.0,173.0,18.0,475.0,811,472.0,68.0,96.0,,,,,,,,,163,68;472;811;163;96;764;787;51;893;173;18;475,811;472;68;96,68;96;163;472;811,5,,0,23,5,163,68;472;811;96,811;472;68;51;787;764;163;96;18;893;173;780,68;96;163;472;811,,68;96;163;472;811,,,,0,,
192,train,sem_0008,drink:future_will,para4,tense,He will sip coffee.,538;555;770,555,25.0,929.0,815.0,655.0,538.0,36.0,661.0,562.0,,,,555,538,815,655,929.0,25.0,661.0,36.0,562.0,954.0,405.0,437.0,555,538.0,405.0,655.0,815.0,25.0,562.0,954.0,929.0,661.0,437.0,,555;25;929;815;655;538;36;661;562,555;538;815;655;929;25;661;36;562;954;405;437,555;538;405;655;815;25;562;954;929;661;437,25;36;405;437;538;555;562;655;661;815;929;954,12,25;538;555;562;655;661;815;929,8,19,4,555;25;929;815;655;538;36;661,555;538;25;405;562;655;815;929;954;437;661,555;538;25;929;655;815;661;562;405;954;36;437,25;36;405;437;538;555;562;655;661;815;929;954,25;538;555;655;661;815;929,25;36;405;437;538;555;562;655;661;770;815;929;954,25;538;555;655;661;770;815;929,555;437,25;36;249;437;555;562;655;815;929;954,10,555;36;929;815;25;655;954;562;249;437,555;36;929;815;25;655;954;562;249;437
193,train,sem_0212,learn:decl,para3,lex,You review music.,900,789,364.0,235.0,260.0,518.0,413.0,3.0,672.0,841.0,,,,364,235,789,260,518.0,3.0,413.0,275.0,395.0,141.0,841.0,445.0,141,235.0,364.0,275.0,395.0,789.0,445.0,359.0,448.0,260.0,413.0,653.0,789;364;235;260;518;413;3;672;841,364;235;789;260;518;3;413;275;395;141;841;445,141;235;364;275;395;789;445;359;448;260;413;653,3;141;235;260;275;364;395;413;445;518;789;841,12,235;260;364;413;789,5,17,3,789;364;235;260;518;413;3;841;672,141;235;275;364;395;789;260;359;413;445;448;653,364;789;235;260;413;518;395;275;141;3;445;448,3;141;235;260;275;364;395;413;445;448;518;789,235;260;364;413;789,3;141;235;260;275;364;395;413;445;448;518;789;900,235;260;364;413;789;900,235;672;789;364,235;364;672;789,4,235;789;364;672,235;789;364;672
194,train,sem_seed_drink_front_time,drink:front_time,singleton,single-seed,"Now, They sip tea.",,955,759.0,166.0,954.0,972.0,249.0,528.0,,,,,,955,759,166,954,690.0,225.0,727.0,249.0,647.0,870.0,7.0,918.0,955,759.0,607.0,528.0,7.0,954.0,647.0,166.0,972.0,870.0,225.0,727.0,955;759;166;954;972;249;528,955;759;166;954;690;225;727;249;647;870;7;918,955;759;607;528;7;954;647;166;972;870;225;727,7;166;225;249;528;647;727;759;870;954;955;972,12,166;759;954;955,4,18,4,955;759;954;166;249;528,955;759;7;166;528;607;647;870;954;972;225;690,955;954;166;759;690;727;225;249;7;647;870;607,7;166;225;249;528;607;647;690;759;870;954;955,166;759;954;955,7;166;225;249;528;607;647;690;759;870;954;955,166;759;954;955,690;955,7;166;647;690;759;954;955,7,955;166;690;7;954;647;759,955;166;690;7;954;647;759
195,train,sem_0194,move:decl,para3,base,He jog to home.,615;783,615,286.0,968.0,716.0,842.0,352.0,313.0,23.0,468.0,723.0,87.0,,615,669,23,853,286.0,948.0,352.0,718.0,429.0,535.0,665.0,313.0,615,468.0,313.0,842.0,716.0,968.0,,,,,,,615;286;968;716;842;352;313;23;468;723;87,615;669;23;853;286;948;352;718;429;535;665;313,615;468;313;842;716;968,23;286;313;352;468;615;716;842;968,9,313;615,2,15,4,615;286;716;352;842;313;23,615;313;468;716;842;968,615;313;968;716;842;468;853;352;669;286;948;23,23;286;313;352;468;615;716;842;968,313;615;716;842,23;286;313;352;468;615;716;783;842;968,313;615;716;783;842,615,615,1,615,615
196,train,sem_0021,call:front_place,para4,order,"in the town, They contact my father.",328;392;435,392,439.0,817.0,291.0,285.0,320.0,106.0,435.0,773.0,856.0,203.0,631.0,392,320,291,439,817.0,721.0,498.0,856.0,106.0,664.0,773.0,285.0,392,664.0,498.0,721.0,371.0,435.0,817.0,133.0,439.0,320.0,291.0,127.0,392;439;817;291;285;320;106;435;773;856;203;631,392;320;291;439;817;721;498;856;106;664;773;285,392;664;498;721;371;435;817;133;439;320;291;127,106;285;291;320;392;435;439;498;664;721;773;817;856,13,291;320;392;439;817,5,36,7,392;817;439;291;285;106;435;320;773;856;203;631,392;498;664;721;127;133;285;291;320;371;435;439,392;817;439;320;291;856;106;498;721;773;285;435,106;285;291;320;392;435;439;498;721;773;817;856,285;291;320;392;435;439,106;285;291;320;328;392;435;439;498;721;773;817;856,285;291;320;328;392;435;439,392;435;817,392;435;817,3,,
197,train,sem_0050,pref:decl,para4,base,They like a show.,258;517;743,743,920.0,517.0,447.0,155.0,258.0,870.0,101.0,780.0,618.0,330.0,,743,517,155,447,258.0,330.0,780.0,920.0,117.0,870.0,101.0,161.0,517,743.0,258.0,780.0,920.0,330.0,155.0,447.0,101.0,870.0,161.0,117.0,743;920;517;447;155;258;870;101;780;618;330,743;517;155;447;258;330;780;920;117;870;101;161,517;743;258;780;920;330;155;447;101;870;161;117,101;117;155;161;258;330;447;517;743;780;870;920,12,101;155;258;330;447;517;743;780;870;920,10,17,4,743;920;517;155;258;447;870;101;780;618;330,517;743;258;330;780;920;155;447;101;870;117;161,743;517;155;447;780;330;258;920;101;870;918;117,101;117;155;258;330;447;517;743;780;870;920,101;155;258;330;447;517;743;780;870;920,101;117;155;258;330;447;517;743;780;870;920,101;155;258;330;447;517;743;780;870;920,258;517;743;780,258;330;517;743;780,5,258;517;330,258;517;330
198,train,sem_seed_play_negative_simple,play:negative_simple,singleton,single-seed,They do not play a song.,,124,139.0,984.0,892.0,473.0,537.0,134.0,213.0,550.0,851.0,523.0,267.0,537,124,523,35,213.0,139.0,473.0,892.0,984.0,134.0,244.0,447.0,124,537.0,523.0,930.0,134.0,826.0,473.0,479.0,892.0,984.0,543.0,35.0,124;139;984;892;473;537;134;213;550;851;523;267,537;124;523;35;213;139;473;892;984;134;244;447,124;537;523;930;134;826;473;479;892;984;543;35,35;124;134;139;213;473;523;537;892;984,10,124;134;473;523;537;892;984,7,24,6,139;124;984;892;473;537;134;851;213;550;523,124;537;523;35;134;139;473;479;543;801;826;892,124;537;35;984;473;892;134;139;213;523;485;267,35;124;134;139;213;473;523;537;892;984,124;134;139;473;523;537;892,35;124;134;139;213;473;523;537;892;984,124;134;139;473;523;537;892,124,124;245;550;892,4,124;892;550;245,124;892;550;245
199,train,sem_0084,pref:decl,para3,base,She like a film.,430;603,430,63.0,956.0,867.0,699.0,135.0,377.0,219.0,248.0,190.0,792.0,230.0,190,248,63,430,509.0,219.0,699.0,844.0,31.0,259.0,233.0,484.0,248,63.0,430.0,190.0,219.0,509.0,699.0,920.0,263.0,336.0,603.0,484.0,430;63;956;867;699;135;377;219;248;190;792;230,190;248;63;430;509;219;699;844;31;259;233;484,248;63;430;190;219;509;699;920;263;336;603;484,63;190;219;248;430;484;509;699,8,63;190;219;248;430;699,6,16,4,430;867;63;956;135;377;699;792;248;278;219;190,63;190;248;430;219;509;699;14;26;31;131;135,430;248;63;190;699;219;509;31;844;377;383;792,31;63;135;190;219;248;377;430;509;699;792,63;190;219;248;430;699,31;63;135;190;219;248;377;430;509;603;699;792,63;190;219;248;430;603;699,63;430;603,63;135;219;220;430;603;698;778;861;956,10,63;430;603;219;956;135;698;220;778;861,63;430;603;219;956;135;698;220;778;861
200,train,sem_0217,watch:present_cont,para3,tense,You are observing a game.,69;558,719,524.0,558.0,742.0,458.0,891.0,46.0,846.0,366.0,,,,46,846,458,366,890.0,170.0,837.0,636.0,616.0,438.0,251.0,294.0,251,170.0,46.0,294.0,837.0,636.0,890.0,438.0,558.0,616.0,69.0,388.0,719;524;558;742;458;891;46;846;366,46;846;458;366;890;170;837;636;616;438;251;294,251;170;46;294;837;636;890;438;558;616;69;388,46;170;251;294;366;438;458;558;616;636;837;846;890,13,46,1,25,5,719;524;558;742;458,46;69;170;251;294;438;558;616;636;837;890;366,46;846;251;636;170;616;558;69;438;837;294;890,46;69;170;251;294;438;558;616;636;837;890,558,46;69;170;251;294;438;558;616;636;837;890,69;558,558;251;616;742;69;472;240,69;240;251;472;558;616;719;742,8,558;616;472;719,558;616;472;719
201,train,sem_seed_play_past_cont,play:past_cont,singleton,single-seed,I was playing music.,,560,245.0,445.0,,,,,,,,,,560,466,245,443,424.0,337.0,825.0,682.0,638.0,113.0,57.0,391.0,443,337.0,825.0,424.0,638.0,560.0,,,,,,,560;245;445,560;466;245;443;424;337;825;682;638;113;57;391,443;337;825;424;638;560,245;337;424;443;560;638;825,7,560,1,21,4,560,337;424;443;825;560;638,560;466;424;825;337;443;245;682;638;391;940;113,337;424;443;560;638;825,560,337;424;443;560;638;825,560,424;139;275,139;275;424,3,275,275
202,train,sem_0144,call:decl,para3,base,She contact my teacher.,26;875,773,942.0,875.0,238.0,291.0,631.0,203.0,817.0,106.0,439.0,392.0,320.0,875,942,773,203,238.0,631.0,291.0,282.0,229.0,106.0,320.0,439.0,875,773.0,229.0,942.0,291.0,631.0,282.0,238.0,106.0,203.0,392.0,740.0,773;942;875;238;291;631;203;817;106;439;392;320,875;942;773;203;238;631;291;282;229;106;320;439,875;773;229;942;291;631;282;238;106;203;392;740,106;203;229;238;282;291;320;392;439;631;773;875;942,13,106;203;238;291;631;773;875;942,8,23,4,773;942;875;238;291;203;631;817;106;439;392;285,875;229;282;291;631;773;942;106;203;238;44;45,875;942;773;238;203;291;631;229;282;106;439;320,106;203;229;238;282;291;439;631;773;875;942,106;203;238;291;631;773;875;942,26;106;203;229;238;282;291;439;631;773;875;942,26;106;203;238;291;631;773;875;942,875;773;229;942;631;291;238;709;282;203,203;229;238;262;276;282;291;547;631;709;756;773;875;927;942,15,875;229;942;203;773;547;631;291;927;756;262;238;276,875;229;942;203;773;547;631;291;927;756;262;238;276
203,train,sem_0184,call:front_time,para3,order,"Yesterday, They contact my teacher.",581;773,773,202.0,942.0,238.0,875.0,392.0,285.0,668.0,196.0,421.0,439.0,817.0,773,942,202,875,238.0,392.0,285.0,740.0,927.0,60.0,668.0,196.0,773,285.0,740.0,202.0,927.0,392.0,942.0,60.0,668.0,238.0,875.0,196.0,773;202;942;238;875;392;285;668;196;421;439;817,773;942;202;875;238;392;285;740;927;60;668;196,773;285;740;202;927;392;942;60;668;238;875;196,60;196;202;238;285;392;668;740;773;875;927;942,12,196;202;238;285;392;668;773;875;942,9,35,5,773;202;942;238;875;392;285;668;196;817;439;291,773;60;202;285;392;740;927;942;238;668;875;196,773;942;202;875;238;392;285;927;60;740;668;291,60;196;202;238;285;291;392;668;740;773;875;927;942,202;238;285;392;668;773;875;942,60;196;202;238;285;291;392;581;668;740;773;875;927;942,202;238;285;392;581;668;773;875;942,773;202,202;547;668;773;875;927;942;981,8,202;773;942;927;668;875;981;547,202;773;942;927;668;875;981;547
204,train,sem_seed_acq_wh_when,acq:wh_when,singleton,single-seed,When do We purchase?,,652,738.0,248.0,363.0,503.0,,,,,,,,738,816,324,331,373.0,725.0,97.0,970.0,35.0,843.0,886.0,81.0,652,622.0,694.0,324.0,331.0,725.0,402.0,593.0,280.0,675.0,970.0,816.0,652;738;248;363;503,738;816;324;331;373;725;97;970;35;843;886;81,652;622;694;324;331;725;402;593;280;675;970;816,324;331;652;725;738;816;970,7,,0,20,4,652;738;248;363;503,652;35;47;86;97;280;323;324;331;373;402;593,324;725;738;816;843;373;97;970;35;331;886;652,35;97;324;331;373;652;738,652,35;97;324;331;373;652;738,652,,738,1,738,738
205,train,sem_0004,social:decl,para4,lex,You take a friend.,44;761;782,820,208.0,380.0,459.0,581.0,416.0,862.0,350.0,178.0,26.0,34.0,776.0,806,208,820,416,250.0,459.0,142.0,293.0,186.0,627.0,572.0,561.0,208,416.0,820.0,459.0,250.0,806.0,356.0,778.0,473.0,294.0,475.0,293.0,820;208;380;459;581;416;862;350;178;26;34;776,806;208;820;416;250;459;142;293;186;627;572;561,208;416;820;459;250;806;356;778;473;294;475;293,208;250;293;416;459;806;820,7,208;416;459;820,4,18,4,820;208;380;459;581;416;862;350;178;26;34;356,208;416;820;250;459;806;8;26;34;69;80;131,820;416;208;459;250;806;627;293;186;978;994;572,26;34;208;250;416;459;806;820,208;416;459;820,26;34;44;208;250;416;459;761;782;806;820,44;208;416;459;761;782;820,,,0,,
206,train,sem_single_0961,play:because_cause,singleton,single,"He play a song, because it is warm.",,482,279.0,710.0,510.0,795.0,988.0,912.0,799.0,329.0,924.0,564.0,6.0,279,482,584,795,786.0,799.0,347.0,779.0,510.0,564.0,912.0,988.0,279,795.0,584.0,786.0,984.0,482.0,299.0,779.0,119.0,564.0,347.0,510.0,482;279;710;510;795;988;912;799;329;924;564;6,279;482;584;795;786;799;347;779;510;564;912;988,279;795;584;786;984;482;299;779;119;564;347;510,279;347;482;510;564;584;779;786;795;799;912;988,12,279;482;510;564;795,5,35,8,279;482;510;564;988;329;924;710;779;912;795;584,279;584;786;795;482;984;119;299;347;510;564;779,482;279;795;584;786;329;924;710;6;988;564;510,279;329;482;510;564;584;710;779;786;795;924;988,279;482;510;564;584;795,279;329;482;510;564;584;710;779;786;795;924;988,279;482;510;564;584;795,,482;851;984,3,482;984;851,482;984;851
207,train,sem_0104,acq:decl,para3,lex,We order a film.,59;442,383,483.0,671.0,446.0,14.0,268.0,152.0,956.0,624.0,63.0,,,383,152,671,446,483.0,268.0,597.0,431.0,228.0,63.0,935.0,852.0,383,152.0,446.0,671.0,483.0,268.0,833.0,792.0,199.0,781.0,230.0,255.0,383;483;671;446;14;268;152;956;624;63,383;152;671;446;483;268;597;431;228;63;935;852,383;152;446;671;483;268;833;792;199;781;230;255,63;152;268;383;446;483;671,7,152;268;383;446;483;671,6,16,4,383;483;671;14;268;446;956;152;624;63;199,383;152;268;446;483;671;5;14;34;52;63;118,383;483;446;671;268;152;597;431;230;233;259;248,14;63;152;268;383;446;483;671,152;268;383;446;483;671,14;59;63;152;268;383;442;446;483;671,59;152;268;383;442;446;483;671,,230,1,230,230
208,train,sem_0116,call:decl,para3,lex,You phone a friend.,238;942,380,581.0,307.0,585.0,205.0,820.0,416.0,862.0,350.0,262.0,178.0,26.0,380,581,585,307,820.0,205.0,416.0,250.0,459.0,142.0,806.0,262.0,820,205.0,416.0,380.0,581.0,307.0,250.0,459.0,585.0,806.0,417.0,900.0,380;581;307;585;205;820;416;862;350;262;178;26,380;581;585;307;820;205;416;250;459;142;806;262,820;205;416;380;581;307;250;459;585;806;417;900,205;250;262;307;380;416;459;581;585;806;820,11,205;307;380;416;581;585;820,7,19,4,380;581;307;585;205;820;416;862;178;350;262;26,205;380;416;581;820;250;307;459;585;806;8;26,581;380;307;585;205;820;416;250;459;262;981;806,26;205;250;262;307;380;416;459;581;585;806;820,205;307;380;416;581;585;820,26;205;238;250;262;307;380;416;459;581;585;806;820;942,205;238;307;380;416;581;585;820;942,416;380;581;952;820;585,307;380;416;581;585;820;952,7,380;581;307,380;581;307
209,train,sem_0077,move:decl,para3,lex,You run to the city.,182;840,179,64.0,842.0,396.0,301.0,769.0,450.0,803.0,385.0,,,,179,64,842,769,803.0,450.0,385.0,396.0,934.0,301.0,973.0,828.0,179,64.0,842.0,803.0,934.0,840.0,828.0,973.0,853.0,396.0,450.0,544.0,179;64;842;396;301;769;450;803;385,179;64;842;769;803;450;385;396;934;301;973;828,179;64;842;803;934;840;828;973;853;396;450;544,64;179;301;385;396;450;769;803;828;842;934;973,12,64;179;396;450;803;842,6,20,5,179;64;842;396;769;450;803;385;301,179;64;842;396;450;544;583;769;803;828;840;853,179;64;842;769;450;803;385;934;396;301;828;583,64;179;301;385;396;450;583;769;803;828;842,64;179;396;450;769;803;842,64;179;182;301;385;396;450;583;769;803;828;840;842,64;179;182;396;450;769;803;840;842,179;64,64;179,2,179,179
210,train,sem_0028,learn:front_place,para4,order,"at the library, They read music.",42;339;479,339,304.0,92.0,961.0,433.0,346.0,389.0,10.0,264.0,183.0,42.0,498.0,961,339,12,183,346.0,42.0,379.0,10.0,264.0,304.0,433.0,389.0,961,339.0,338.0,12.0,304.0,346.0,183.0,977.0,140.0,830.0,744.0,883.0,339;304;92;961;433;346;389;10;264;183;42;498,961;339;12;183;346;42;379;10;264;304;433;389,961;339;338;12;304;346;183;977;140;830;744;883,10;12;42;183;264;304;339;346;389;433;961,11,183;304;339;346;961,5,32,6,339;304;92;961;433;346;10;264;389;498;183;42,339;961;12;140;183;304;338;346;744;830;977;42,339;961;12;346;183;433;389;42;379;304;10;264,10;12;42;183;264;304;339;346;389;433;961,42;183;304;339;346;961,10;12;42;183;264;304;339;346;389;433;479;961,42;183;304;339;346;479;961,339,339,1,,
211,train,sem_single_0974,eat:past_simple,singleton,single,She ordered dinner.,,11,268.0,157.0,520.0,847.0,976.0,120.0,65.0,625.0,663.0,228.0,41.0,11,847,974,41,120.0,70.0,625.0,,,,,,974,11.0,,,,,,,,,,,11;268;157;520;847;976;120;65;625;663;228;41,11;847;974;41;120;70;625,974;11,11;41;120;625;847;974,6,11,1,19,3,11;157;268;520;847;976;625;663;120;228,11;974,11;847;974;120;41;70;625;975;917;976;791;268,11;120;268;625;847;974;976,11,11;120;268;625;847;974;976,11,11;788;520;976;268;157;921;14,11;14;157;268;520;788;921;976,8,11;157;921;976;268;788;520,11;157;921;976;268;788;520
212,train,sem_0309,move:past_simple,para3,tense,I arrived at home.,23;554,554,874.0,384.0,596.0,379.0,873.0,,,,,,,554,596,384,379,874.0,165.0,227.0,24.0,545.0,129.0,412.0,611.0,554,874.0,165.0,,,,,,,,,,554;874;384;596;379;873,554;596;384;379;874;165;227;24;545;129;412;611,554;874;165,165;379;384;554;596;874,6,554;874,2,18,4,554;874;384;596;379;873,554;165;874,554;379;596;384;165;874;227;24;545;129;412;611,165;379;384;554;596;874,554;874,23;165;379;384;554;596;874,23;554;874,554;874,554;874,2,554;874,554;874
213,train,sem_single_0941,call:negative_simple,singleton,single,They do not call my mother.,,328,964.0,370.0,257.0,714.0,198.0,127.0,45.0,599.0,60.0,368.0,,328,714,964,257,370.0,234.0,60.0,127.0,265.0,285.0,599.0,368.0,328,714.0,265.0,234.0,370.0,368.0,60.0,599.0,257.0,285.0,964.0,127.0,328;964;370;257;714;198;127;45;599;60;368,328;714;964;257;370;234;60;127;265;285;599;368,328;714;265;234;370;368;60;599;257;285;964;127,60;127;234;257;265;285;328;368;370;599;714;964,12,60;127;257;328;368;370;599;714;964,9,27,6,328;370;964;257;714;127;198;45,328;714;60;127;234;257;265;285;368;370;599;964,328;714;370;257;964;234;60;127;265;599;285;368,60;127;234;257;265;285;328;368;370;599;714;964,127;257;328;370;714;964,60;127;234;257;265;285;328;368;370;599;714;964,127;257;328;370;714;964,328;368;714;285,257;285;328;368;714;964,6,328;368;964;285;257;714,328;368;964;285;257;714
214,train,sem_0001,move:front_time,para4,order,"Today, You return at school.",110;237;544,237,110.0,165.0,93.0,863.0,521.0,878.0,556.0,277.0,,,,237,110,165,521,863.0,93.0,277.0,556.0,878.0,183.0,144.0,530.0,237,110.0,165.0,863.0,93.0,521.0,,,,,,,237;110;165;93;863;521;878;556;277,237;110;165;521;863;93;277;556;878;183;144;530,237;110;165;863;93;521,93;110;165;237;277;521;556;863;878,9,93;110;165;237;521;863,6,28,5,237;110;165;93;863;878;556;521,237;110;165;93;521;863,237;110;165;521;93;863;277;878;183;556;144;457,93;110;165;237;521;556;863;878,93;110;165;237;521;863,93;110;165;237;521;544;556;863;878,93;110;165;237;521;544;863,237;110,110;237,2,237;110,237;110
215,train,sem_0075,social:decl,para3,base,She choose coffee.,407;876,440,588.0,382.0,441.0,666.0,876.0,562.0,145.0,902.0,,,,441,876,588,440,382.0,145.0,929.0,36.0,454.0,594.0,902.0,103.0,441,440.0,588.0,876.0,929.0,382.0,145.0,,,,,,440;588;382;441;666;876;562;145;902,441;876;588;440;382;145;929;36;454;594;902;103,441;440;588;876;929;382;145,145;382;440;441;588;876;902;929,8,145;382;440;441;588;876,6,18,3,440;588;382;441;876;666;562;145;902,441;440;588;876;929;382;145,441;588;440;876;382;929;145;454;36;902;594;103,145;382;440;441;588;876;902;929,145;382;440;441;588;876,145;382;407;440;441;588;876;902;929,145;382;407;440;441;588;876,666;588;876;440;441;382;929,382;440;441;588;666;876;929,7,876;441;666;588;440,876;441;666;588;440
216,train,sem_seed_eat_negative_simple,eat:negative_simple,singleton,single-seed,You do not have lunch.,,493,184.0,879.0,836.0,848.0,244.0,653.0,156.0,,,,,653,156,848,537,714.0,244.0,731.0,431.0,283.0,879.0,184.0,836.0,848,731.0,156.0,653.0,537.0,244.0,714.0,879.0,750.0,493.0,917.0,463.0,493;184;879;836;848;244;653;156,653;156;848;537;714;244;731;431;283;879;184;836,848;731;156;653;537;244;714;879;750;493;917;463,156;184;244;493;537;653;714;731;836;848;879,11,156;244;653;848;879,5,22,5,184;493;879;836;848;244;156;653;283,731;848;156;653;244;537;714;73;184;242;309;454,848;653;156;731;714;537;244;493;836;879;184;431,156;184;244;493;537;653;714;731;836;848;879,156;184;244;653;848,156;184;244;493;537;653;714;731;836;848;879,156;184;244;653;848,848,242;309;454;493;848;879,6,309;848;493;879;242;454,309;848;493;879;242;454
217,train,sem_0229,social:front_time,para3,order,"Today, You use a book.",273;594,273,720.0,471.0,508.0,290.0,,,,,,,,720,273,471,508,290.0,459.0,506.0,413.0,752.0,8.0,340.0,983.0,273,720.0,471.0,413.0,8.0,752.0,506.0,508.0,290.0,459.0,340.0,983.0,273;720;471;508;290,720;273;471;508;290;459;506;413;752;8;340;983,273;720;471;413;8;752;506;508;290;459;340;983,8;273;290;340;413;459;471;506;508;720;752;983,12,273;290;471;508;720,5,22,5,273;720;471;508;290,273;720;8;413;471;752;290;340;459;506;508;983,273;720;471;508;290;8;413;752;506;459;340;566,8;273;290;340;413;459;471;506;508;720;752,273;290;471;508;720,8;273;290;340;413;459;471;506;508;594;720;752,273;290;471;508;594;720,,720,1,720,720
218,train,sem_0117,drink:decl,para3,base,He have pizza.,16;658,705,102.0,869.0,463.0,529.0,658.0,252.0,75.0,804.0,92.0,51.0,335.0,658,102,705,463,529.0,869.0,120.0,252.0,75.0,804.0,92.0,887.0,463,868.0,869.0,791.0,770.0,705.0,658.0,562.0,529.0,486.0,887.0,102.0,705;102;869;463;529;658;252;75;804;92;51;335,658;102;705;463;529;869;120;252;75;804;92;887,463;868;869;791;770;705;658;562;529;486;887;102,75;92;102;252;463;529;658;705;804;869;887,11,102;463;529;658;705;869,6,14,3,102;705;869;463;529;658;252;75;804;92;335;120,102;184;463;486;529;562;658;705;770;791;868;869,869;463;705;102;529;658;120;252;75;887;868;791,75;102;120;252;463;529;658;705;791;868;869,102;463;529;658;705;869,16;75;102;120;252;463;529;658;705;791;868;869,16;102;463;529;658;705;869,868;102;658;791;184;41;887,41;102;184;252;463;658;705;724;791;868;869;887,12,102;868;705;869;463;724;252;41;887;658,102;868;705;869;463;724;252;41;887;658
219,train,sem_seed_watch_emph_do,watch:emph_do,singleton,single-seed,She does see a film.,,63,956.0,903.0,199.0,,,,,,,,,63,708,956,903,430.0,199.0,248.0,190.0,509.0,559.0,297.0,700.0,63,430.0,708.0,190.0,199.0,956.0,248.0,559.0,509.0,700.0,860.0,369.0,63;956;903;199,63;708;956;903;430;199;248;190;509;559;297;700,63;430;708;190;199;956;248;559;509;700;860;369,63;190;199;248;430;509;559;700;708;903;956,11,63;199;956,3,20,5,63;956;903;199,63;190;199;248;430;708;956;509;559;297;369;700,63;708;956;903;248;430;199;190;509;559;169;609,63;190;199;248;430;509;559;708;903;956,63;199;956,63;190;199;248;430;509;559;708;903;956,63;199;956,63,63;199;220;430;603;745;861;903;956,9,63;956;199;430;903;220;745;603;861,63;956;199;430;903;220;745;603;861
220,train,sem_0051,watch:decl,para4,base,She view a movie.,63;272;745,732,272.0,648.0,745.0,48.0,5.0,882.0,52.0,185.0,635.0,637.0,69.0,272,745,732,48,648.0,635.0,603.0,861.0,637.0,768.0,145.0,423.0,272,603.0,732.0,861.0,637.0,768.0,648.0,745.0,423.0,698.0,145.0,427.0,732;272;648;745;48;5;882;52;185;635;637;69,272;745;732;48;648;635;603;861;637;768;145;423,272;603;732;861;637;768;648;745;423;698;145;427,48;145;272;423;603;635;637;648;732;745;768;861,12,272;637;648;732;745,5,17,4,732;272;48;648;745;882;5;52;635;637;69;135,272;603;637;648;732;768;861;745;145;423;698;48,272;732;745;648;48;637;603;861;768;145;698;423,48;145;272;423;603;637;648;698;732;745;768;861,48;272;637;648;732;745,48;63;145;272;423;603;637;648;698;732;745;768;861,48;63;272;637;648;732;745,63;272;861;603;732;745;768;637;648,5;63;199;219;272;603;637;648;732;745;768;792;861;882;991,15,732;861;272;603;745;991;5;63;199;792;637;219;882;768,732;861;272;603;745;991;5;63;199;792;637;219;882;768
221,train,sem_seed_play_perfect_pr,play:perfect_pr,singleton,single-seed,I have played a game.,,580,359.0,462.0,808.0,464.0,512.0,275.0,,,,,,580,359,94,275,746.0,512.0,950.0,925.0,902.0,68.0,386.0,472.0,580,950.0,512.0,746.0,902.0,925.0,386.0,472.0,94.0,68.0,100.0,579.0,580;359;462;808;464;512;275,580;359;94;275;746;512;950;925;902;68;386;472,580;950;512;746;902;925;386;472;94;68;100;579,68;94;275;359;386;472;512;580;746;902;925;950,12,512;580,2,21,5,580;359;462;808;464;512;275,580;512;746;902;925;950;68;94;100;386;472;579,580;359;275;94;512;950;925;902;746;869;493;0,94;275;359;512;580;746;902;925;950,512;580,94;275;359;512;580;746;902;925;950,512;580,580;512,512;580,2,580;512,580;512
222,train,sem_0012,social:front_place,para4,order,"in the library, I bring a book.",261;733;939,939,153.0,733.0,92.0,498.0,346.0,857.0,304.0,,,,,939,153,733,857,92.0,498.0,849.0,865.0,183.0,466.0,522.0,312.0,939,733.0,153.0,522.0,857.0,865.0,360.0,4.0,477.0,394.0,704.0,183.0,939;153;733;92;498;346;857;304,939;153;733;857;92;498;849;865;183;466;522;312,939;733;153;522;857;865;360;4;477;394;704;183,92;153;183;498;522;733;857;865;939,9,153;733;857;939,4,31,7,939;153;92;733;498;304;857;346;210,939;733;153;522;857;865;4;360;394;477;704;28,939;733;153;857;92;849;312;183;498;865;466;967,92;153;498;733;857;865;939,153;733;857;939,92;153;261;498;733;857;865;939,153;261;733;857;939,733;939,733;939,2,,
223,train,sem_single_0998,move:negative_simple,singleton,single,She does not visit at school.,,903,860.0,441.0,,,,,,,,,,441,928,246,297,369.0,860.0,700.0,691.0,530.0,283.0,249.0,237.0,441,928.0,246.0,860.0,700.0,297.0,530.0,369.0,691.0,,,,903;860;441,441;928;246;297;369;860;700;691;530;283;249;237,441;928;246;860;700;297;530;369;691,246;297;369;441;530;691;700;860;928,9,441;860,2,29,6,903,246;441;928;297;369;530;700;860;691,441;928;246;297;700;369;860;530;691;237;283;249,246;297;369;441;530;691;700;860;928,,246;297;369;441;530;691;700;860;928,,,,0,,
224,train,sem_seed_move_past_simple,move:past_simple,singleton,single-seed,She traveled to the library.,,304,82.0,544.0,466.0,17.0,12.0,322.0,183.0,379.0,313.0,498.0,998.0,544,82,304,466,264.0,498.0,357.0,396.0,322.0,591.0,934.0,2.0,286,300.0,934.0,82.0,544.0,396.0,322.0,591.0,2.0,17.0,29.0,304.0,304;82;544;466;17;12;322;183;379;313;498;998,544;82;304;466;264;498;357;396;322;591;934;2,286;300;934;82;544;396;322;591;2;17;29;304,2;17;82;304;322;396;466;498;544;591;934,11,82;304;322;544,4,28,5,304;82;544;466;17;12;322;183;379,2;17;29;82;286;300;304;322;396;544;591;934,304;544;82;466;498;264;2;286;322;396;591;934,2;17;82;286;304;322;396;466;544;591;934,82;304;322;544,2;17;82;286;304;322;396;466;544;591;934,82;304;322;544,,,0,,
225,train,sem_0169,drink:front_time,para3,order,"Now, I sip juice.",0;654,654,727.0,306.0,807.0,767.0,607.0,149.0,332.0,227.0,905.0,,,727,654,332,807,767.0,149.0,306.0,607.0,194.0,227.0,905.0,516.0,654,727.0,332.0,807.0,25.0,149.0,306.0,607.0,767.0,516.0,491.0,194.0,654;727;306;807;767;607;149;332;227;905,727;654;332;807;767;149;306;607;194;227;905;516,654;727;332;807;25;149;306;607;767;516;491;194,149;194;227;306;332;516;607;654;727;767;807;905,12,149;306;332;607;654;727;767;807,8,17,4,654;727;306;807;767;607;149;332;227;905,654;332;727;807;25;149;306;516;607;767;189;194,727;654;332;767;306;607;149;807;194;227;516;905,149;194;227;306;332;516;607;654;727;767;807;905,149;306;332;607;654;727;767;807,0;149;194;227;306;332;516;607;654;727;767;807;905,0;149;306;332;607;654;727;767;807,654;306;727;149;332;607,116;149;306;332;452;516;607;654;727;767;807;905,12,654;332;306;149;607;905;727;516;807;452;767;116,654;332;306;149;607;905;727;516;807;452;767;116
226,train,sem_0095,learn:decl,para3,lex,We read a novel.,255;762,167,949.0,992.0,712.0,660.0,474.0,965.0,460.0,979.0,587.0,775.0,877.0,712,949,992,167,660.0,474.0,965.0,979.0,460.0,433.0,702.0,587.0,167,695.0,702.0,712.0,949.0,992.0,587.0,460.0,660.0,598.0,1.0,433.0,167;949;992;712;660;474;965;460;979;587;775;877,712;949;992;167;660;474;965;979;460;433;702;587,167;695;702;712;949;992;587;460;660;598;1;433,167;433;460;474;587;660;702;712;949;965;979;992,12,167;460;587;660;712;949;992,7,16,4,167;949;992;712;660;474;965;460;979;587;775;877,167;460;587;695;702;712;949;992;1;598;660;433,992;949;167;712;660;460;433;979;965;474;702;587,167;433;460;474;587;660;702;712;949;965;979;992,167;460;587;660;712;949;992,167;255;433;460;474;587;660;702;712;762;949;965;979;992,167;255;460;587;660;712;762;949;992,460;712;587;992;949;996;167;598;85;360;859,85;167;360;460;587;598;660;712;859;949;992;996,12,712;992;167;949;460;660;598;996,712;992;167;949;460;660;598;996
227,train,sem_0172,drink:front_place,para3,order,"at home, We sip juice.",21;306,306,767.0,654.0,607.0,149.0,727.0,225.0,807.0,905.0,,,,306,874,149,607,654.0,767.0,225.0,727.0,905.0,807.0,554.0,212.0,306,874.0,654.0,342.0,767.0,728.0,607.0,116.0,149.0,166.0,,,306;767;654;607;149;727;225;807;905,306;874;149;607;654;767;225;727;905;807;554;212,306;874;654;342;767;728;607;116;149;166,149;225;306;607;654;727;767;807;874;905,10,149;306;607;654;767,5,22,5,306;767;654;607;149;727;225;807;905,306;874;116;149;166;342;607;654;728;767,306;874;767;149;607;654;727;225;165;212;554;728,149;225;306;607;654;727;728;767;874,149;306;607;654;767,21;149;225;306;607;654;727;728;767;874,21;149;306;607;654;767,306;909;654,306;654;909,3,306,306
228,train,sem_0079,acq:front_place,para3,order,"at the office, We order dinner.",268;652,883,268.0,157.0,520.0,164.0,976.0,663.0,91.0,246.0,53.0,759.0,625.0,883,164,268,246,928.0,327.0,759.0,664.0,48.0,53.0,70.0,976.0,883,164.0,268.0,61.0,928.0,12.0,246.0,146.0,378.0,346.0,379.0,759.0,883;268;157;520;164;976;663;91;246;53;759;625,883;164;268;246;928;327;759;664;48;53;70;976,883;164;268;61;928;12;246;146;378;346;379;759,53;164;246;268;759;883;928;976,8,164;246;268;759;883,5,31,6,883;268;157;520;976;164;663;91;246;759;625;53,883;164;268;12;61;146;246;346;378;928;70;91,883;268;164;246;928;520;976;157;759;327;663;84,91;157;164;246;268;520;663;759;883;928;976,164;246;268;883,91;157;164;246;268;520;652;663;759;883;928;976,164;246;268;652;883,883;268,164;268;883,3,883;164,883;164
229,train,sem_0223,call:decl,para3,lex,She phone my teacher.,264;350,927,262.0,981.0,834.0,693.0,574.0,284.0,740.0,66.0,667.0,282.0,44.0,927,262,981,282,202.0,834.0,693.0,875.0,709.0,756.0,692.0,358.0,202,927.0,693.0,262.0,282.0,834.0,875.0,981.0,44.0,881.0,667.0,400.0,927;262;981;834;693;574;284;740;66;667;282;44,927;262;981;282;202;834;693;875;709;756;692;358,202;927;693;262;282;834;875;981;44;881;667;400,44;202;262;282;667;693;834;875;927;981,10,262;282;693;834;927;981,6,21,4,927;262;981;834;693;284;574;66;667;740;756;709,202;262;282;693;834;927;875;981;44;45;60;66,262;927;981;282;202;693;834;875;547;667;942;276,66;202;262;282;667;693;834;875;927;981,262;693;834;927;981,66;202;262;264;282;350;667;693;834;875;927;981,262;264;350;693;834;927;981,202;262;927;693;834;709;282;981;875,202;262;276;282;434;547;693;709;756;834;875;907;927;981,14,202;262;547;927;709;875;693;276;834;981;907;756;434,202;262;547;927;709;875;693;276;834;981;907;756;434
230,train,sem_0171,acq:decl,para3,lex,I purchase a film.,651;747,248,509.0,614.0,241.0,735.0,503.0,170.0,711.0,43.0,749.0,578.0,652.0,248,509,614,241,735.0,852.0,81.0,503.0,77.0,711.0,749.0,43.0,735,248.0,852.0,241.0,77.0,509.0,81.0,503.0,614.0,651.0,199.0,259.0,248;509;614;241;735;503;170;711;43;749;578;652,248;509;614;241;735;852;81;503;77;711;749;43,735;248;852;241;77;509;81;503;614;651;199;259,43;77;81;241;248;503;509;614;711;735;749;852,12,241;248;503;509;614;735,6,18,4,248;509;614;241;735;503;170;711;43;749;578;388,241;248;735;852;77;509;81;503;614;4;43;63,248;509;241;735;503;614;852;77;81;170;43;749,43;77;81;170;241;248;503;509;614;735;749;852,43;241;248;503;509;614;735,43;77;81;170;241;248;503;509;614;651;735;747;749;852,43;241;248;503;509;614;651;735;747,651;131;747;248;81;852,81;131;207;248;509;614;651;747;852,9,651;248;131;509;614;747;207;81,651;248;131;509;614;747;207;81
231,train,sem_0179,learn:decl,para3,base,He study a novel.,,814,1.0,158.0,838.0,168.0,479.0,542.0,111.0,866.0,737.0,541.0,,814,1,158,838,866.0,374.0,167.0,541.0,854.0,27.0,499.0,457.0,167,838.0,374.0,814.0,541.0,854.0,1.0,27.0,499.0,158.0,457.0,965.0,814;1;158;838;168;479;542;111;866;737;541,814;1;158;838;866;374;167;541;854;27;499;457,167;838;374;814;541;854;1;27;499;158;457;965,1;27;158;167;374;457;499;541;814;838;854;866,12,1;158;541;814;838,5,17,4,814;1;158;838;168;479;542;111;737;541;825;866,167;374;541;814;838;1;27;499;854;158;457;866,814;1;838;158;541;374;167;866;27;854;499;479,1;27;158;167;374;479;499;541;814;838;854;866,1;158;541;814;838;866,1;27;158;167;374;479;499;541;814;838;854;866,1;158;541;814;838;866,374;541;167,158;167;374;499;541;814;854,7,374;541;167;814;158;854;499,374;541;167;814;158;854;499
232,train,sem_seed_social_wh_where,social:wh_where,singleton,single-seed,Where do I help?,,993,946.0,13.0,310.0,894.0,162.0,694.0,,,,,,993,13,310,946,894.0,694.0,402.0,143.0,162.0,575.0,425.0,796.0,13,993.0,310.0,946.0,894.0,425.0,280.0,694.0,254.0,271.0,886.0,796.0,993;946;13;310;894;162;694,993;13;310;946;894;694;402;143;162;575;425;796,13;993;310;946;894;425;280;694;254;271;886;796,13;162;310;425;694;796;894;946;993,9,13;310;694;894;946;993,6,16,4,946;993;13;310;894,13;310;894;946;993;143;162;189;254;271;280;324,894;13;993;310;946;694;575;425;402;280;162;143,13;143;162;280;310;894;946;993,13;310;894;946;993,13;143;162;280;310;894;946;993,13;310;894;946;993,,,0,,
233,train,sem_seed_watch_imperative,watch:imperative,singleton,single-seed,Please watch a film.,,852,484.0,795.0,159.0,644.0,534.0,925.0,251.0,681.0,,,,852,484,795,495,742.0,858.0,134.0,941.0,925.0,159.0,681.0,534.0,852,484.0,159.0,199.0,190.0,742.0,633.0,925.0,383.0,131.0,134.0,943.0,852;484;795;159;644;534;925;251;681,852;484;795;495;742;858;134;941;925;159;681;534,852;484;159;199;190;742;633;925;383;131;134;943,134;159;484;534;681;742;795;852;925,9,159;484;852;925,4,20,4,852;484;159;644;534;795;925,484;852;63;131;134;159;190;199;207;230;248;251,484;852;795;742;858;495;134;941;419;681;251;159,134;159;251;484;795;852,159;484;852,134;159;251;484;795;852,159;484;852,852,419;484;852,3,484;852;419,484;852;419
234,train,sem_single_0915,call:wh_what,singleton,single,What do They call?,,496,162.0,,,,,,,,,,,496,213,593,622,189.0,254.0,488.0,47.0,731.0,980.0,271.0,86.0,496,213.0,254.0,162.0,189.0,816.0,593.0,738.0,575.0,328.0,980.0,271.0,496;162,496;213;593;622;189;254;488;47;731;980;271;86,496;213;254;162;189;816;593;738;575;328;980;271,162;189;213;254;271;496;593;980,8,496,1,18,4,496,496;213;35;47;60;86;127;162;189;254;271;328,496;738;622;488;271;731;254;189;86;593;980;47,47;86;189;254;271;496,496,47;86;189;254;271;496,496,,,0,,
235,train,sem_0097,learn:decl,para3,base,They review music.,672;826,789,364.0,193.0,3.0,260.0,518.0,672.0,339.0,,,,,3,789,193,364,260.0,518.0,101.0,339.0,511.0,595.0,672.0,210.0,789,101.0,339.0,511.0,193.0,364.0,3.0,595.0,260.0,672.0,,,789;364;193;3;260;518;672;339,3;789;193;364;260;518;101;339;511;595;672;210,789;101;339;511;193;364;3;595;260;672,3;101;193;260;339;364;511;518;595;672;789,11,3;193;260;339;364;672;789,7,18,3,789;364;193;3;260;518;339;672,101;193;339;364;511;789;3;260;595;672,364;193;789;260;3;518;339;101;511;672;595;42,3;101;193;260;339;364;511;518;595;672;789,3;193;260;339;364;672;789,3;101;193;260;339;364;511;518;595;672;789;826,3;193;260;339;364;672;789;826,672;193;789;364;3;260,3;193;260;364;518;672;789,7,193;672;789;364;518,193;672;789;364;518
236,train,sem_0096,drink:decl,para3,base,I drink tea.,25;412,641,453.0,105.0,412.0,156.0,690.0,764.0,999.0,766.0,,,,412,641,453,690,105.0,156.0,312.0,764.0,999.0,793.0,893.0,990.0,412,312.0,641.0,453.0,690.0,764.0,793.0,999.0,105.0,156.0,,,641;453;105;412;156;690;764;999;766,412;641;453;690;105;156;312;764;999;793;893;990,412;312;641;453;690;764;793;999;105;156,105;156;312;412;453;641;690;764;793;999,10,105;156;412;453;641;690;764;999,8,12,3,641;453;105;412;690;156;999,412;312;453;641;105;690;764;793;999;156,412;453;641;690;105;156;312;764;793;999;893;602,105;156;312;412;453;641;690;764;793;999,105;156;412;453;641;690;999,25;105;156;312;412;453;641;690;764;793;999,25;105;156;412;453;641;690;999,764;453;166;870;610;955;641;312;105,105;156;166;312;412;453;610;641;764;870;955,11,453;156;764;641;870;105;312;610;412;166,453;156;764;641;870;105;312;610;412;166
237,train,sem_0001,move:decl,para4,base,You return at school.,110;214;544,214,110.0,165.0,93.0,863.0,878.0,556.0,183.0,521.0,,,,110,214,165,93,521.0,863.0,556.0,878.0,183.0,144.0,579.0,223.0,214,110.0,165.0,93.0,521.0,863.0,,,,,,,214;110;165;93;863;878;556;183;521,110;214;165;93;521;863;556;878;183;144;579;223,214;110;165;93;521;863,93;110;165;183;214;521;556;863;878,9,93;110;165;214;521;863,6,21,4,214;110;165;93;863;878;556;183;521,110;214;165;93;521;863,214;110;165;863;521;93;556;183;878;144;530;457,93;110;165;183;214;521;556;863;878,93;110;165;214;521;863,93;110;165;183;214;521;544;556;863;878,93;110;165;214;521;544;863,110;214;165,110;165;214,3,110;214,110;214
238,train,sem_0116,call:modal_can,para3,tense,You can contact my teacher.,208;942,942,202.0,773.0,875.0,203.0,739.0,358.0,439.0,817.0,44.0,291.0,631.0,942,773,202,203,875.0,739.0,44.0,262.0,782.0,358.0,714.0,761.0,942,782.0,773.0,262.0,358.0,739.0,202.0,44.0,981.0,203.0,761.0,875.0,942;202;773;875;203;739;358;439;817;44;291;631,942;773;202;203;875;739;44;262;782;358;714;761,942;782;773;262;358;739;202;44;981;203;761;875,44;202;203;262;358;739;761;773;782;875;942,11,44;202;203;358;739;773;875;942,8,27,5,942;202;773;875;203;739;358;817;439;291;631;392,942;44;202;262;358;739;773;782;203;761;875;981,942;202;773;203;875;739;262;782;358;44;761;981,44;202;203;262;358;739;761;773;782;875;942;981,202;203;358;739;773;875;942,44;202;203;208;262;358;739;761;773;782;875;942;981,202;203;208;358;739;773;875;942,942;773;358;202;875;262;60,60;202;262;358;773;875;942,7,942;875;202,942;875;202
239,train,sem_0033,social:past_simple,para4,tense,They finished lunch.,266;961;978,266,94.0,961.0,274.0,832.0,864.0,,,,,,,94,972,266,784,922.0,961.0,,,,,,,922,784.0,972.0,266.0,94.0,,,,,,,,266;94;961;274;832;864,94;972;266;784;922;961,922;784;972;266;94,94;266;784;922;961;972,6,94;266,2,20,3,266;94;961;274;864,266;784;922;972;94,94;972;784;922;266;961;766;184;788;757;242;674,94;266;784;922;961;972,94;266,94;266;784;922;961;972;978,94;266;961;978,266,266;922,2,266;922,266;922
240,train,sem_0063,watch:decl,para3,lex,We see a game.,88;644,950,109.0,616.0,618.0,958.0,244.0,387.0,956.0,63.0,846.0,746.0,,616,950,109,958,244.0,387.0,618.0,362.0,644.0,808.0,88.0,630.0,808,950.0,644.0,109.0,618.0,616.0,88.0,958.0,630.0,362.0,244.0,387.0,950;109;616;618;958;244;387;956;63;846;746,616;950;109;958;244;387;618;362;644;808;88;630,808;950;644;109;618;616;88;958;630;362;244;387,88;109;244;362;387;616;618;630;644;808;950;958,12,109;244;387;616;618;950;958,7,14,4,950;109;616;618;958;244;387;956;63;846,109;616;618;644;808;950;88;958;244;362;630;387,616;950;109;958;618;244;387;362;644;808;88;956,88;109;244;362;387;616;618;644;808;950;956;958,109;244;387;616;618;950;958,88;109;244;362;387;616;618;644;808;950;956;958,88;109;244;387;616;618;644;950;958,616;644;109;950;472;808;925;251;69;846;558;681;200;801,69;109;200;244;251;472;558;616;644;681;801;808;846;925;950,15,616;109;950;472;644;558;244;681;846;251;69,616;109;950;472;644;558;244;681;846;251;69
241,train,sem_0102,acq:decl,para3,lex,I purchase a novel.,4;290,230,735.0,503.0,170.0,248.0,711.0,43.0,749.0,578.0,81.0,652.0,509.0,735,230,81,503,333.0,871.0,85.0,261.0,626.0,158.0,170.0,711.0,85,230.0,261.0,871.0,333.0,735.0,626.0,158.0,81.0,503.0,814.0,490.0,230;735;503;170;248;711;43;749;578;81;652;509,735;230;81;503;333;871;85;261;626;158;170;711,85;230;261;871;333;735;626;158;81;503;814;490,81;85;158;170;230;261;333;503;626;711;735;871,12,81;230;503;735,4,19,4,230;735;503;170;711;248;43;749;578;81;388;509,85;230;261;333;735;871;626;81;158;503;4;43,735;230;503;333;871;85;261;81;626;749;43;711,43;81;85;230;261;333;503;626;711;735;749;871,43;81;230;503;735,4;43;81;85;230;261;290;333;503;626;711;735;749;871,4;43;81;230;290;503;735,711;737,361;711;737,3,737;361;711,737;361;711
242,train,sem_0205,pref:decl,para3,base,You enjoy lunch.,73;937,73,567.0,309.0,,,,,,,,,,372,73,309,454,848.0,494.0,216.0,632.0,501.0,600.0,774.0,316.0,454,73.0,309.0,848.0,494.0,372.0,216.0,,,,,,73;567;309,372;73;309;454;848;494;216;632;501;600;774;316,454;73;309;848;494;372;216,73;216;309;372;454;494;848,7,73;309,2,16,3,73;567;309,73;309;454;494;848;216;372,454;309;73;372;494;848;216;316;37;600;516;774,73;216;309;372;454;494;848,73;309,73;216;309;372;454;494;848;937,73;309;937,73;309;494;848;567;454;493,73;132;216;309;454;493;494;567;848;879,10,73;309;494;132;567;216;879;454,73;309;494;132;567;216;879;454
243,train,sem_0304,drink:perfect_pr,para3,tense,She has drank juice.,913;957,437,913.0,487.0,104.0,452.0,,,,,,,,437,401,125,698,660.0,478.0,913.0,767.0,31.0,727.0,724.0,41.0,913,767.0,31.0,437.0,727.0,401.0,,,,,,,437;913;487;104;452,437;401;125;698;660;478;913;767;31;727;724;41,913;767;31;437;727;401,31;401;437;727;767;913,6,437;913,2,20,4,437;913;487;104;452,767;913;31;401;437;727,437;401;767;913;660;698;125;727;31;478;41;724,31;401;437;727;767;913,437;913,31;401;437;727;767;913;957,437;913;957,913;767;31,31;486;767;913,4,913;767;486;31,913;767;486;31
244,train,sem_single_0970,watch:negative_simple,singleton,single,You do not see a game.,,950,616.0,240.0,109.0,653.0,156.0,216.0,958.0,537.0,714.0,,,616,958,537,216,653.0,156.0,714.0,240.0,109.0,950.0,198.0,81.0,616,958.0,537.0,558.0,890.0,950.0,240.0,438.0,69.0,837.0,151.0,294.0,950;616;240;109;653;156;216;958;537;714,616;958;537;216;653;156;714;240;109;950;198;81,616;958;537;558;890;950;240;438;69;837;151;294,109;156;216;240;537;616;653;714;950;958,10,240;537;616;950;958,5,22,6,950;616;240;109;958;216;156;653;537,616;958;537;69;109;151;170;240;251;294;438;558,616;958;537;156;216;653;240;950;109;714;151;198,109;151;156;216;240;537;616;653;950;958,109;240;537;616;958,109;151;156;216;240;537;616;653;950;958,109;240;537;616;958,,69;240;251;472;558;616;950;958,8,616;69;950;472;240;558;958;251,616;69;950;472;240;558;958;251
245,train,sem_0087,play:present_cont,para3,tense,They are playing a song.,124;511,797,560.0,984.0,892.0,201.0,124.0,139.0,,,,,,797,83,505,201,560.0,846.0,479.0,124.0,930.0,543.0,826.0,590.0,930,543.0,479.0,124.0,826.0,846.0,895.0,590.0,83.0,797.0,198.0,561.0,797;560;984;892;201;124;139,797;83;505;201;560;846;479;124;930;543;826;590,930;543;479;124;826;846;895;590;83;797;198;561,83;124;201;479;543;560;590;797;826;846;930,11,124;797,2,25,5,797;984;892;124;139,124;479;543;826;930;83;590;797;846;895;198;161,797;83;201;560;124;930;479;543;826;505;846;672,83;124;479;543;797;826;846;930,124;797,83;124;479;511;543;797;826;846;930,124;511;797,124;511;892,124;198;511;560;892,5,124;198;560;892,124;198;560;892
246,train,sem_0098,move:front_place,para3,order,"at the office, She visit.",2;928,928,635.0,327.0,777.0,48.0,759.0,146.0,164.0,228.0,53.0,883.0,664.0,928,327,717,553,830.0,378.0,467.0,107.0,146.0,642.0,662.0,223.0,928,327.0,467.0,717.0,146.0,662.0,2.0,553.0,378.0,107.0,830.0,642.0,928;635;327;777;48;759;146;164;228;53;883;664,928;327;717;553;830;378;467;107;146;642;662;223,928;327;467;717;146;662;2;553;378;107;830;642,107;146;327;378;467;553;642;662;717;830;928,11,146;327;928,3,25,5,928;635;48;777;327;759;146;164;228;883;664;53,928;327;2;107;146;378;467;553;642;662;717;830,928;327;378;467;553;830;642;662;146;717;107;223,107;146;327;378;467;553;642;662;717;830;928,146;327;928,2;107;146;327;378;467;553;642;662;717;830;928,2;146;327;928,928;2,2;928,2,928,928
247,train,sem_single_0966,call:front_time,singleton,single,"Yesterday, He text my father.",,850,56.0,345.0,58.0,538.0,756.0,498.0,403.0,701.0,341.0,203.0,692.0,56,850,498,756,58.0,557.0,612.0,461.0,284.0,953.0,817.0,341.0,756,850.0,56.0,817.0,953.0,612.0,461.0,284.0,58.0,341.0,557.0,831.0,850;56;345;58;538;756;498;403;701;341;203;692,56;850;498;756;58;557;612;461;284;953;817;341,756;850;56;817;953;612;461;284;58;341;557;831,56;58;284;341;461;498;557;612;756;817;850;953,12,56;58;341;756;850,5,29,5,850;56;345;498;58;538;756;701;403;203;692,56;58;284;461;612;756;817;850;953;341;557;831,56;850;58;756;284;953;817;612;461;557;498;341,56;58;284;341;461;498;557;612;756;817;850;953,56;58;756;850,56;58;284;341;461;498;557;612;756;817;850;953,56;58;756;850,341;58;850,56;58;284;341;850,5,850;56;58;341;284,850;56;58;341;284
248,train,sem_0099,acq:decl,para3,base,She purchase a film.,509;637,230,509.0,614.0,241.0,652.0,170.0,711.0,735.0,43.0,749.0,578.0,503.0,509,230,614,190,63.0,430.0,199.0,219.0,735.0,711.0,170.0,43.0,509,199.0,63.0,430.0,230.0,190.0,219.0,614.0,637.0,629.0,464.0,648.0,230;509;614;241;652;170;711;735;43;749;578;503,509;230;614;190;63;430;199;219;735;711;170;43,509;199;63;430;230;190;219;614;637;629;464;648,43;63;170;190;199;219;230;430;509;614;711;735,12,230;509;614,3,20,4,230;509;614;241;170;652;711;735;43;749;578;503,509;63;190;199;230;430;219;614;14;26;43;131,509;230;614;430;199;190;63;219;241;711;735;749,43;63;190;199;219;230;241;430;509;614;711;735;749,230;509;614,43;63;190;199;219;230;241;430;509;614;637;711;735;749,230;509;614;637,637;509;423;230;63,63;131;230;423;509;614;637;651,8,509;637;230;423;614;131;651,509;637;230;423;614;131;651
249,train,sem_seed_drink_negative_simple,drink:negative_simple,singleton,single-seed,He does not sip tea.,,954,166.0,955.0,283.0,831.0,903.0,969.0,860.0,369.0,194.0,,,954,283,969,903,831.0,955.0,166.0,194.0,156.0,441.0,759.0,369.0,954,283.0,969.0,831.0,903.0,770.0,955.0,555.0,405.0,166.0,,,954;166;955;283;831;903;969;860;369;194,954;283;969;903;831;955;166;194;156;441;759;369,954;283;969;831;903;770;955;555;405;166,166;194;283;369;831;903;954;955;969,9,166;283;831;903;954;955;969,7,20,5,954;166;955;283;903;831;860;194;691;969;369,954;283;831;903;969;166;405;555;770;955,954;283;955;166;969;903;831;194;156;441;770;555,166;194;283;555;770;831;903;954;955;969,166;283;831;903;954;955;969,166;194;283;555;770;831;903;954;955;969,166;283;831;903;954;955;969,,156;166;192;751;954;955,6,954;955;192;156;166;751,954;955;192;156;166;751
250,train,sem_0018,call:future_will,para4,tense,You will text a friend.,358;459;820,862,820.0,350.0,776.0,459.0,264.0,557.0,62.0,205.0,416.0,178.0,,820,459,350,862,776.0,62.0,264.0,557.0,416.0,205.0,208.0,353.0,820,459.0,416.0,350.0,205.0,208.0,862.0,776.0,540.0,353.0,62.0,264.0,862;820;350;776;459;264;557;62;205;416;178,820;459;350;862;776;62;264;557;416;205;208;353,820;459;416;350;205;208;862;776;540;353;62;264,62;205;208;264;350;353;416;459;557;776;820;862,12,62;205;264;350;416;459;776;820;862,9,23,5,862;820;350;776;459;264;557;62;416;178;26,820;459;205;208;350;416;862;62;353;540;776;264,820;459;862;350;776;62;557;208;205;416;264;56,62;205;208;264;350;416;459;557;776;820;862,62;264;350;416;459;776;820;862,62;205;208;264;350;358;416;459;557;776;820;862,62;264;350;358;416;459;776;820;862,820;862;459;350,350;459;776;820;862,5,820;862;459;776,820;862;459;776
251,train,sem_0233,watch:decl,para3,lex,You watch a game.,616;958,925,159.0,644.0,681.0,419.0,484.0,88.0,852.0,534.0,633.0,564.0,896.0,681,644,925,159,88.0,419.0,484.0,564.0,438.0,636.0,170.0,616.0,294,681.0,925.0,558.0,484.0,837.0,419.0,438.0,890.0,159.0,644.0,636.0,925;159;644;681;419;484;88;852;534;633;564;896,681;644;925;159;88;419;484;564;438;636;170;616,294;681;925;558;484;837;419;438;890;159;644;636,88;159;419;438;484;564;636;644;681;925,10,159;419;484;644;681;925,6,17,4,925;159;644;681;419;484;88;534;852;633;564;552,69;159;170;294;419;438;484;558;616;636;644;681,644;681;159;925;88;484;419;890;636;69;438;616,69;88;159;419;438;484;616;636;644;681;925,159;419;484;644;681,69;88;159;419;438;484;616;636;644;681;925;958,159;419;484;616;644;681;958,925;69;644;681;558;616;200;109;240;159,69;109;159;200;240;244;472;558;616;644;681;925,12,644;69;925;681;558;616;159;472;240;244,644;69;925;681;558;616;159;472;240;244
252,train,sem_0265,drink:future_will,para3,tense,She will have pizza.,102;456,102,869.0,218.0,705.0,463.0,529.0,75.0,804.0,658.0,349.0,,,102,349,529,463,869.0,705.0,218.0,120.0,75.0,658.0,92.0,804.0,102,218.0,921.0,529.0,836.0,869.0,463.0,957.0,705.0,31.0,75.0,736.0,102;869;218;705;463;529;75;804;658;349,102;349;529;463;869;705;218;120;75;658;92;804,102;218;921;529;836;869;463;957;705;31;75;736,75;102;218;349;463;529;658;705;804;869,10,75;102;218;463;529;705;869,7,20,4,102;218;869;705;463;529;75;658,102;218;463;529;705;836;869;921;957;31;75;120,102;349;463;869;529;218;705;75;120;921;31;836,31;75;102;120;218;463;529;705;836;869;921,75;102;218;463;529;705;869,31;75;102;120;218;456;463;529;705;836;869;921,75;102;218;456;463;529;705;869,102,102;218;349;705;804;868;921,7,102;349;804;921;218;705;868,102;349;804;921;218;705;868
253,train,sem_0112,acq:decl,para3,lex,I buy dinner.,787;800,791,533.0,570.0,520.0,975.0,651.0,314.0,122.0,917.0,65.0,420.0,268.0,651,13,747,570,520.0,663.0,84.0,18.0,411.0,657.0,131.0,294.0,520,570.0,651.0,13.0,663.0,84.0,747.0,,,,,,791;533;570;520;975;651;314;122;917;65;420;268,651;13;747;570;520;663;84;18;411;657;131;294,520;570;651;13;663;84;747,13;84;520;570;651;663;747,7,520;570;651,3,13,3,,520;570;13;84;651;663;747,570;520;13;651;747;84;663;411;657;18;737;417,13;84;520;570;651;663;747,,13;84;520;570;651;663;747;787;800,787;800,520;570,520;570,2,,
254,train,sem_seed_eat_wh_what,eat:wh_what,singleton,single-seed,What do I have?,,324,731.0,189.0,488.0,271.0,980.0,,,,,,,731,189,488,271,324.0,86.0,234.0,496.0,593.0,622.0,47.0,980.0,189,271.0,731.0,488.0,324.0,869.0,0.0,493.0,232.0,999.0,234.0,638.0,324;731;189;488;271;980,731;189;488;271;324;86;234;496;593;622;47;980,189;271;731;488;324;869;0;493;232;999;234;638,189;234;271;324;488;731;980,7,189;271;324;488;731,5,15,4,324;731;189;488;271,189;271;324;488;731;0;493;869;13;47;86;120,731;189;271;488;324;234;496;86;622;593;738;47,47;86;189;271;324;488;731,189;271;324;488;731,47;86;189;271;324;488;731,189;271;324;488;731,731,731,1,,
255,train,sem_0095,learn:decl,para3,base,We learn a book.,226;762,263,394.0,281.0,997.0,422.0,771.0,919.0,374.0,762.0,871.0,687.0,499.0,281,263,394,422,997.0,919.0,460.0,859.0,679.0,996.0,67.0,762.0,859,263.0,460.0,281.0,394.0,679.0,997.0,996.0,762.0,67.0,470.0,919.0,263;394;281;997;422;771;919;374;762;871;687;499,281;263;394;422;997;919;460;859;679;996;67;762,859;263;460;281;394;679;997;996;762;67;470;919,67;263;281;394;422;460;679;762;859;919;996;997,12,263;281;394;762;919;997,6,16,4,263;394;281;997;422;771;374;762;919;871;499;687,263;281;394;460;679;859;997;67;762;996;470;919,263;394;281;997;919;422;859;679;460;771;374;871,263;281;374;394;422;460;679;762;771;859;871;919;997,263;281;394;919;997,226;263;281;374;394;422;460;679;762;771;859;871;919;997,226;263;281;394;762;919;997,762;281;394;460;859,281;394;460;679;752;762;859,7,762;281;394;679;752;460,762;281;394;679;752;460
256,train,sem_0083,move:past_simple,para3,tense,He returned at the town.,556;642,556,878.0,478.0,,,,,,,,,,478,642,556,873,878.0,70.0,548.0,422.0,715.0,415.0,911.0,662.0,642,556.0,873.0,662.0,715.0,878.0,548.0,478.0,415.0,658.0,805.0,70.0,556;878;478,478;642;556;873;878;70;548;422;715;415;911;662,642;556;873;662;715;878;548;478;415;658;805;70,70;415;478;548;556;642;662;715;873;878,10,478;556;878,3,24,5,556;878;478,556;642;662;715;873;878;70;415;478;548;658;805,556;642;478;878;873;548;70;715;422;415;662;911,70;415;478;548;556;642;662;715;873;878,478;556;878,70;415;478;548;556;642;662;715;873;878,478;556;642;878,556;878,415;556;878,3,556;878;415,556;878;415
257,train,sem_0105,call:decl,para3,lex,She call my mother.,106;291,370,964.0,328.0,45.0,213.0,605.0,721.0,709.0,127.0,129.0,631.0,693.0,964,328,370,213,45.0,693.0,631.0,605.0,125.0,391.0,129.0,721.0,964,631.0,370.0,45.0,693.0,328.0,391.0,605.0,125.0,213.0,129.0,721.0,370;964;328;45;213;605;721;709;127;129;631;693,964;328;370;213;45;693;631;605;125;391;129;721,964;631;370;45;693;328;391;605;125;213;129;721,45;125;129;213;328;370;391;605;631;693;721;964,12,45;129;213;328;370;605;631;693;721;964,10,19,4,370;964;328;45;213;709;605;721;127;631;129;693,45;328;370;631;693;964;125;391;605;129;213;721,370;964;328;213;45;631;693;605;125;391;129;721,45;125;129;213;328;370;391;605;631;693;721;964,45;129;213;328;370;605;631;693;721;964,45;106;125;129;213;291;328;370;391;605;631;693;721;964,45;106;129;213;291;328;370;605;631;693;721;964,693;370;328;631;45;964;368;285;391;125;834;66;400;739;291;605,45;66;125;213;285;291;328;368;370;391;400;605;631;693;739;834;964,17,693;370;631;45;964;125;328;66;400;391;834;368;213;739,693;370;631;45;964;125;328;66;400;391;834;368;213;739
258,train,sem_0050,pref:decl,para4,lex,They love a show.,197;517;743,930,99.0,197.0,780.0,330.0,743.0,618.0,418.0,995.0,833.0,889.0,390.0,930,99,780,330,197.0,590.0,414.0,743.0,517.0,117.0,912.0,377.0,930,330.0,99.0,197.0,780.0,590.0,414.0,517.0,743.0,117.0,952.0,568.0,930;99;197;780;330;743;618;418;995;833;889;390,930;99;780;330;197;590;414;743;517;117;912;377,930;330;99;197;780;590;414;517;743;117;952;568,99;117;197;330;414;517;590;743;780;930,10,99;197;330;743;780;930,6,17,4,930;99;197;780;743;330;618;418;563;995;833;180,99;197;330;780;930;414;517;590;743;117;33;43,930;99;330;780;197;414;590;517;743;117;995;377,99;117;197;330;414;517;590;743;780;930;995,99;197;330;743;780;930,99;117;197;330;414;517;590;743;780;930;995,99;197;330;517;743;780;930,197;517;743,197;517;743,3,197;517,197;517
259,train,sem_0201,watch:decl,para3,lex,They view a film.,633;722,77,903.0,943.0,779.0,,,,,,,,,77,903,943,779,220.0,882.0,475.0,52.0,732.0,648.0,69.0,272.0,943,77.0,903.0,930.0,568.0,935.0,933.0,131.0,281.0,582.0,581.0,274.0,77;903;943;779,77;903;943;779;220;882;475;52;732;648;69;272,943;77;903;930;568;935;933;131;281;582;581;274,77;779;903;943,4,77;903;943,3,17,4,77;903;779,943;77;903;33;43;52;63;69;90;98;99;103,77;903;943;475;220;732;648;882;52;69;779;410,52;69;77;779;903;943,77;903,52;69;77;633;722;779;903;943,77;633;722;903,633;5;484;852;444,5;444;484;633;792;852;903;931;935,9,633;935;484;903;931;792,633;935;484;903;931;792
260,train,sem_0060,learn:front_time,para3,order,"Now, She review music.",364;989,364,789.0,20.0,193.0,235.0,518.0,629.0,515.0,3.0,672.0,272.0,777.0,364,20,518,789,193.0,235.0,926.0,3.0,609.0,515.0,629.0,727.0,364,20.0,518.0,688.0,542.0,699.0,789.0,193.0,235.0,609.0,629.0,727.0,364;789;20;193;235;518;629;515;3;672;272;777,364;20;518;789;193;235;926;3;609;515;629;727,364;20;518;688;542;699;789;193;235;609;629;727,3;20;193;235;364;515;518;609;629;727;789,11,20;193;235;364;518;629;789,7,22,4,364;789;20;193;235;518;629;3;515;272;777,364;20;518;193;235;542;688;699;789;515;560;609,364;20;235;789;193;518;926;609;629;515;727;699,20;193;235;364;515;518;609;629;699;789,20;193;235;364;515;518;789,20;193;235;364;515;518;609;629;699;789;989,20;193;235;364;515;518;789;989,364;20;518;235,20;235;364;518,4,20,20
261,train,sem_0012,social:decl,para4,lex,I meet a novel.,222;733;939,355,295.0,539.0,369.0,167.0,226.0,647.0,,,,,,241,871,85,333,355.0,626.0,295.0,158.0,369.0,647.0,142.0,782.0,85,333.0,241.0,871.0,626.0,158.0,336.0,231.0,226.0,712.0,814.0,798.0,355;295;539;369;167;226;647,241;871;85;333;355;626;295;158;369;647;142;782,85;333;241;871;626;158;336;231;226;712;814;798,85;158;226;241;295;333;355;369;626;647;871,11,,0,15,4,355,85;241;333;871;626;158;4;78;90;108;123;139,333;241;871;85;355;647;626;295;158;748;782;369,85;158;241;333;355;626;871,,85;158;222;241;333;355;626;733;871;939,222;733;939,871;85,85;871,2,871,871
262,train,sem_0154,call:decl,para3,base,You phone my teacher.,416;981,981,229.0,927.0,44.0,740.0,667.0,358.0,692.0,276.0,756.0,881.0,709.0,981,229,927,358,44.0,782.0,942.0,761.0,238.0,434.0,667.0,202.0,981,358.0,927.0,782.0,229.0,942.0,44.0,761.0,238.0,434.0,400.0,667.0,981;229;927;44;740;667;358;692;276;756;881;709,981;229;927;358;44;782;942;761;238;434;667;202,981;358;927;782;229;942;44;761;238;434;400;667,44;229;238;358;434;667;761;782;927;942;981,11,44;229;358;667;927;981,6,21,4,981;229;927;667;740;358;756;709;692;276;881;400,981;44;229;358;782;927;942;238;761;434;56;60,981;229;927;44;942;782;358;238;761;434;547;692,44;229;238;358;434;692;761;782;927;942;981,229;358;927;981,44;229;238;358;416;434;692;761;782;927;942;981,229;358;416;927;981,358;927;981;942;229;60;434;709;238;276;907;773;547,60;202;229;238;276;358;434;547;692;709;773;875;907;927;942;981,16,942;927;434;981;229;276;358;907;547;773;875;709;202;60;692,942;927;434;981;229;276;358;907;547;773;875;709;202;60;692
263,train,sem_0022,learn:decl,para4,base,She learn a book.,422;515;687,255,394.0,281.0,422.0,771.0,997.0,374.0,762.0,687.0,871.0,919.0,499.0,422,394,255,281,771.0,519.0,592.0,629.0,794.0,687.0,810.0,650.0,794,771.0,281.0,394.0,255.0,629.0,592.0,422.0,519.0,810.0,687.0,650.0,255;394;281;422;771;997;374;762;687;871;919;499,422;394;255;281;771;519;592;629;794;687;810;650,794;771;281;394;255;629;592;422;519;810;687;650,255;281;394;422;519;592;629;650;687;771;794;810,12,255;281;394;422;687;771,6,17,4,255;394;281;422;771;374;997;762;499;871;687;854,255;281;394;592;629;771;794;422;519;687;810;650,394;281;255;422;771;519;592;629;794;687;810;374,255;281;374;394;422;519;592;629;687;771;794;810,255;281;394;422;687;771,255;281;374;394;422;515;519;592;629;687;771;794;810,255;281;394;422;515;687;771,687;592;422;281,281;394;422;592;687,5,687;394;422,687;394;422
264,train,sem_0223,call:front_place,para3,order,"at the library, She text a friend.",229;350,350,498.0,862.0,820.0,776.0,459.0,346.0,250.0,10.0,210.0,304.0,961.0,498,350,10,820,862.0,12.0,346.0,183.0,250.0,776.0,459.0,210.0,350,498.0,10.0,422.0,26.0,820.0,862.0,355.0,246.0,12.0,346.0,295.0,350;498;862;820;776;459;346;250;10;210;304;961,498;350;10;820;862;12;346;183;250;776;459;210,350;498;10;422;26;820;862;355;246;12;346;295,10;12;210;250;346;350;459;498;776;820;862,11,10;346;350;498;820;862,6,34,7,350;498;862;820;776;459;250;346;210;10;304;961,350;10;422;498;26;355;820;862;12;183;224;246,350;498;862;820;12;346;183;459;250;776;10;224,10;12;183;224;250;346;350;459;498;776;820;862,10;350;498;820;862,10;12;183;224;229;250;346;350;459;498;776;820;862,10;229;350;498;820;862,498;350,350;498,2,498,498
265,train,sem_0054,social:decl,para4,base,They help my mother.,121;371;823,121,872.0,676.0,802.0,823.0,611.0,175.0,328.0,599.0,368.0,659.0,964.0,121,823,872,676,802.0,611.0,328.0,599.0,285.0,368.0,175.0,213.0,121,285.0,368.0,872.0,676.0,328.0,599.0,823.0,802.0,213.0,611.0,66.0,121;872;676;802;823;611;175;328;599;368;659;964,121;823;872;676;802;611;328;599;285;368;175;213,121;285;368;872;676;328;599;823;802;213;611;66,121;175;213;285;328;368;599;611;676;802;823;872,12,121;328;368;599;611;676;802;823;872,9,20,4,121;872;676;802;823;611;175;328;599;368;370;659,121;285;328;368;599;676;872;823;802;213;611;58,121;676;872;802;823;611;285;599;328;368;213;659,121;213;285;328;368;599;611;659;676;802;823;872,121;328;368;599;611;676;802;823;872,121;213;285;328;368;371;599;611;659;676;802;823;872,121;328;368;371;599;611;676;802;823;872,823;121;872;676;971,121;611;676;823;872;971,6,872;823;121;676;611;971,872;823;121;676;611;971
266,train,sem_0033,social:decl,para4,base,They finish lunch.,239;961;978,832,961.0,239.0,274.0,864.0,586.0,612.0,765.0,,,,,961,832,864,274,586.0,239.0,922.0,784.0,972.0,765.0,683.0,612.0,972,784.0,239.0,961.0,922.0,864.0,832.0,274.0,586.0,,,,832;961;239;274;864;586;612;765,961;832;864;274;586;239;922;784;972;765;683;612,972;784;239;961;922;864;832;274;586,239;274;586;612;765;784;832;864;922;961;972,11,239;274;586;832;864;961,6,18,3,961;832;239;274;864;586,239;784;922;961;972;274;832;864;586,961;832;274;864;239;972;784;922;586;765;683;986,239;274;586;784;832;864;922;961;972,239;274;586;832;864;961,239;274;586;784;832;864;922;961;972;978,239;274;586;832;864;961;978,239;961;683;922;832,239;683;832;922;961,5,239;922,239;922
267,train,sem_seed_play_ynq_do,play:ynq_do,singleton,single-seed,does He play a song?,,984,892.0,621.0,139.0,613.0,473.0,124.0,134.0,270.0,462.0,851.0,550.0,984,851,613,621,270.0,206.0,473.0,124.0,139.0,134.0,892.0,550.0,984,851.0,892.0,473.0,462.0,838.0,139.0,775.0,134.0,270.0,563.0,124.0,984;892;621;139;613;473;124;134;270;462;851;550,984;851;613;621;270;206;473;124;139;134;892;550,984;851;892;473;462;838;139;775;134;270;563;124,124;134;139;270;462;473;550;613;621;851;892;984,12,124;134;139;270;473;851;892;984,8,20,5,984;892;139;621;613;473;124;134;270;462;851;464,984;851;124;134;139;270;462;473;563;613;621;775,984;613;621;851;139;134;473;124;892;270;39;550,124;134;139;270;462;473;613;621;851;892;984,124;134;139;270;473;613;621;851;984,124;134;139;270;462;473;613;621;851;892;984,124;134;139;270;473;613;621;851;984,851;984,851;984,2,984;851,984;851
268,train,sem_0079,acq:decl,para3,base,We order dinner.,228;652,157,520.0,976.0,663.0,228.0,84.0,625.0,18.0,883.0,211.0,686.0,937.0,228,976,520,157,84.0,663.0,883.0,18.0,625.0,314.0,122.0,533.0,314,683.0,446.0,976.0,122.0,533.0,157.0,228.0,671.0,483.0,520.0,84.0,157;520;976;663;228;84;625;18;883;211;686;937,228;976;520;157;84;663;883;18;625;314;122;533,314;683;446;976;122;533;157;228;671;483;520;84,18;84;122;157;228;314;520;533;625;663;883;976,12,84;157;228;520;976,5,16,3,157;520;976;663;228;84;625;18;883;211;686;937,122;157;228;314;446;483;520;533;671;683;976;84,157;976;520;228;663;84;314;533;683;122;483;671,84;122;157;228;314;483;520;533;663;671;683;976,84;157;228;520;976,84;122;157;228;314;483;520;533;652;663;671;683;976,84;157;228;520;652;976,976;520;11;483;533;122;671;663;847;211;228;157;800;314,11;18;122;157;211;228;314;344;483;520;533;565;597;663;671;800;847;976;987,19,520;976;671;483;11;157;344;663;211;18;565;987;597;533;122;847,520;976;671;483;11;157;344;663;211;18;565;987;597;533;122;847
269,train,sem_seed_learn_perfect_pr,learn:perfect_pr,singleton,single-seed,We have practiced music.,,340,187.0,24.0,91.0,702.0,502.0,359.0,321.0,333.0,,,,340,359,600,446,433.0,311.0,919.0,657.0,147.0,533.0,705.0,879.0,533,600.0,433.0,446.0,879.0,919.0,705.0,311.0,657.0,147.0,359.0,118.0,340;187;24;91;702;502;359;321;333,340;359;600;446;433;311;919;657;147;533;705;879,533;600;433;446;879;919;705;311;657;147;359;118,147;311;340;359;433;446;533;600;657;705;879;919,12,359,1,24,4,340;187;24;91;702;502;359;321,311;433;446;533;600;657;705;879;919;118;147;296,340;359;657;433;311;600;446;919;879;533;705;147,147;311;340;359;433;446;533;600;657;705;879;919,,147;311;340;359;433;446;533;600;657;705;879;919,,,,0,,
270,train,sem_0026,play:front_place,para4,order,"in the office, He play a song.",634;851;984,984,965.0,892.0,53.0,139.0,48.0,267.0,473.0,124.0,635.0,523.0,134.0,523,965,726,984,777.0,635.0,53.0,851.0,267.0,91.0,522.0,111.0,984,523.0,965.0,267.0,851.0,726.0,635.0,777.0,30.0,522.0,53.0,911.0,984;965;892;53;139;48;267;473;124;635;523;134,523;965;726;984;777;635;53;851;267;91;522;111,984;523;965;267;851;726;635;777;30;522;53;911,53;267;522;523;635;726;777;851;965;984,10,53;267;523;635;965;984,6,30,7,984;965;892;53;139;48;124;473;523;267;635;134,984;523;965;267;851;726;30;48;53;111;522;635,523;965;984;726;267;851;777;635;91;53;134;124,48;53;124;134;267;523;635;726;851;965;984,53;267;523;635;965;984,48;53;124;134;267;523;634;635;726;851;965;984,53;267;523;634;635;851;965;984,984,91;984,2,91,91
271,train,sem_single_0929,learn:wh_what,singleton,single,What do I study?,,189,254.0,488.0,402.0,,,,,,,,,488,254,189,158,402.0,622.0,738.0,593.0,47.0,731.0,86.0,496.0,189,488.0,254.0,158.0,825.0,638.0,593.0,496.0,402.0,234.0,373.0,894.0,189;254;488;402,488;254;189;158;402;622;738;593;47;731;86;496,189;488;254;158;825;638;593;496;402;234;373;894,158;189;254;402;488;496;593,7,189;254;402;488,4,16,4,189;254;488;402,189;254;488;158;825;13;47;86;232;234;310;324,488;254;189;158;402;980;234;496;86;731;593;47,47;86;158;189;234;254;402;488,189;254;488,47;86;158;189;234;254;402;488,189;254;488,,,0,,
272,train,sem_0051,watch:front_time,para4,order,"Now, She view a movie.",63;220;745,220,732.0,648.0,20.0,745.0,48.0,635.0,260.0,5.0,882.0,52.0,,220,745,732,48,648.0,20.0,15.0,635.0,768.0,861.0,603.0,637.0,220,861.0,768.0,603.0,637.0,732.0,648.0,745.0,698.0,423.0,20.0,145.0,220;732;648;20;745;48;635;260;5;882;52,220;745;732;48;648;20;15;635;768;861;603;637,220;861;768;603;637;732;648;745;698;423;20;145,20;48;220;603;635;637;648;732;745;768;861,11,20;220;648;732;745,5,22,5,220;732;48;648;20;882;745;5;52;260;635,220;603;637;648;732;745;768;861;15;20;145;423,220;732;745;648;48;15;20;768;637;861;603;727,15;20;48;220;603;637;648;732;745;768;861,20;220;648;732;745,15;20;48;63;220;603;637;648;732;745;768;861,20;63;220;648;732;745,220;603;861;63,63;220;603;732;861,5,220;861;732,220;861;732
273,train,sem_0229,social:decl,para3,base,You use a book.,217;594,217,471.0,508.0,720.0,867.0,,,,,,,,217,471,508,720,413.0,8.0,752.0,340.0,983.0,841.0,566.0,645.0,217,413.0,752.0,471.0,8.0,720.0,340.0,508.0,983.0,841.0,778.0,205.0,217;471;508;720;867,217;471;508;720;413;8;752;340;983;841;566;645,217;413;752;471;8;720;340;508;983;841;778;205,8;217;340;413;471;508;720;752;841;983,10,217;471;508;720,4,15,4,217;471;508;720;867,217;8;413;471;752;340;508;720;983;841;4;69,217;471;508;720;413;752;8;340;706;645;566;983,8;217;340;413;471;508;720;752;983,217;471;508;720,8;217;340;413;471;508;594;720;752;983,217;471;508;594;720,471,471;508,2,471;508,471;508
274,train,sem_0055,social:decl,para4,base,They finish a game.,94;586;933,586,266.0,864.0,768.0,94.0,858.0,239.0,612.0,961.0,427.0,765.0,376.0,586,266,864,961,933.0,801.0,109.0,103.0,920.0,681.0,94.0,846.0,586,801.0,920.0,933.0,681.0,109.0,103.0,94.0,846.0,266.0,458.0,719.0,586;266;864;768;94;858;239;612;961;427;765;376,586;266;864;961;933;801;109;103;920;681;94;846,586;801;920;933;681;109;103;94;846;266;458;719,94;103;109;266;586;681;801;846;864;920;933;961,12,94;266;586,3,19,4,586;266;864;768;94;239;858;961;427;376,586;103;109;681;801;920;933;94;846;266;458;33,586;266;864;920;103;109;681;933;801;858;768;961,94;103;109;266;586;681;768;801;858;864;920;933;961,266;586,94;103;109;266;586;681;768;801;858;864;920;933;961,94;266;586;933,94;586,94;586,2,94;586,94;586
275,train,sem_seed_play_past_simple,play:past_simple,singleton,single-seed,You played music.,,359,141.0,448.0,424.0,580.0,634.0,311.0,221.0,688.0,,,,359,580,221,193,395.0,141.0,445.0,448.0,653.0,639.0,656.0,,359,193.0,395.0,141.0,445.0,448.0,653.0,580.0,,,,,359;141;448;424;580;634;311;221;688,359;580;221;193;395;141;445;448;653;639;656,359;193;395;141;445;448;653;580,141;193;221;359;395;445;448;580;653,9,141;359;448;580,4,17,3,359;141;448;424;634;580;311;688;221,359;141;193;395;445;448;580;653,359;580;193;395;141;221;445;448;653;656;639;433,141;193;221;359;395;445;448;580;653,141;359;448;580,141;193;221;359;395;445;448;580;653,141;359;448;580,359;141;395;201;147,141;147;201;311;359;395;473;656,8,359;141;147;201;473;656;311,359;141;147;201;473;656;311
276,train,sem_0300,call:decl,para3,base,I call my teacher.,288;862,709,60.0,358.0,907.0,288.0,514.0,308.0,434.0,964.0,547.0,44.0,692.0,288,709,60,358,514.0,907.0,308.0,434.0,964.0,257.0,45.0,328.0,358,709.0,964.0,60.0,288.0,907.0,514.0,308.0,434.0,257.0,740.0,881.0,709;60;358;907;288;514;308;434;964;547;44;692,288;709;60;358;514;907;308;434;964;257;45;328,358;709;964;60;288;907;514;308;434;257;740;881,60;257;288;308;358;434;514;709;907;964,10,60;288;308;358;434;514;709;907;964,9,18,4,709;60;358;288;907;514;308;434;964;547;756;692,60;358;709;964;288;514;907;308;434;44;45;127,358;60;709;288;514;907;964;434;308;328;45;370,45;60;288;308;358;434;514;709;907;964,60;288;308;358;434;514;709;907;964,45;60;288;308;358;434;514;709;862;907;964,60;288;308;358;434;514;709;862;907;964,60;358;907;709;927;547;262;773;288,60;202;229;262;288;358;434;547;692;709;773;875;907;927;942;981,16,907;60;547;262;927;709;434;942;358;229;981;773;875;692;202;288,907;60;547;262;927;709;434;942;358;229;981;773;875;692;202;288
277,train,sem_0261,move:front_time,para3,order,"Today, I go to school.",183;573,573,606.0,649.0,809.0,290.0,214.0,,,,,,,573,606,670,214,429.0,945.0,914.0,973.0,783.0,730.0,723.0,526.0,573,606.0,670.0,945.0,914.0,429.0,,,,,,,573;606;649;809;290;214,573;606;670;214;429;945;914;973;783;730;723;526,573;606;670;945;914;429,214;429;573;606;670;914;945,7,573;606,2,22,5,573;606;649;809;188,573;606;429;670;914;945,573;606;670;214;973;783;730;914;945;429;809;649,429;573;606;649;670;809;914;945,573;606,183;429;573;606;649;670;809;914;945,183;573;606,573,573,1,573,573
278,train,sem_0057,pref:decl,para3,lex,He like lunch.,318;686,867,184.0,493.0,132.0,879.0,836.0,848.0,,,,,,867,567,766,839,184.0,757.0,40.0,345.0,682.0,962.0,805.0,703.0,839,567.0,757.0,766.0,184.0,867.0,40.0,345.0,682.0,,,,867;184;493;132;879;836;848,867;567;766;839;184;757;40;345;682;962;805;703,839;567;757;766;184;867;40;345;682,40;184;345;567;682;757;766;839;867,9,184;867,2,14,3,184;132;493;879;836;867;199;699,184;567;757;766;839;40;345;682;867,567;766;757;184;839;867;345;682;40;805;703;962,40;184;345;567;682;757;766;839;867,184;867,40;184;318;345;567;682;686;757;766;839;867,184;318;686;867,757;839;567;184,184;567;757;766;836;839,6,184;839;757;836;766,184;839;757;836;766
279,train,sem_seed_play_because_cause,play:because_cause,singleton,single-seed,"I play a game, because it is warm.",,564,779.0,482.0,206.0,510.0,988.0,710.0,6.0,795.0,799.0,329.0,912.0,482,206,779,564,299.0,786.0,710.0,799.0,584.0,510.0,912.0,795.0,482,786.0,779.0,299.0,206.0,564.0,710.0,512.0,795.0,799.0,584.0,988.0,564;779;482;206;510;988;710;6;795;799;329;912,482;206;779;564;299;786;710;799;584;510;912;795,482;786;779;299;206;564;710;512;795;799;584;988,206;299;482;510;564;584;710;779;786;795;799;912;988,13,206;482;564;710;779;795;799,7,34,8,564;779;206;482;510;988;6;329;710;924;795;912,482;206;299;564;779;786;512;710;347;510;584;795,482;206;564;779;710;786;299;924;329;6;799;912,6;206;299;329;482;510;564;710;779;786;795;912;924,206;482;564;710;779,6;206;299;329;482;510;564;710;779;786;795;912;924,206;482;564;710;779,564;482,299;482;564,3,299;482;564,299;482;564
280,train,sem_single_0983,drink:wh_where,singleton,single,Where do We drink?,,143,575.0,694.0,402.0,,,,,,,,,143,575,694,402,323.0,162.0,232.0,310.0,425.0,13.0,946.0,894.0,323,143.0,402.0,694.0,575.0,576.0,21.0,128.0,946.0,425.0,310.0,593.0,143;575;694;402,143;575;694;402;323;162;232;310;425;13;946;894,323;143;402;694;575;576;21;128;946;425;310;593,143;310;323;402;425;575;694;946,8,143;402;575;694,4,18,4,575;143;694;402;816,143;323;402;575;694;21;576;13;47;86;128;162,143;575;402;694;323;232;13;425;946;894;162;796,13;143;162;323;402;575;694,143;402;575;694,13;143;162;323;402;575;694,143;402;575;694,143;575,143;575;622,3,143;622;575,143;622;575
281,train,sem_0286,learn:decl,para3,lex,They learn a book.,712;979,394,255.0,263.0,422.0,997.0,771.0,871.0,374.0,687.0,762.0,854.0,519.0,394,263,255,422,711.0,997.0,871.0,771.0,374.0,923.0,854.0,519.0,394,711.0,255.0,263.0,422.0,360.0,374.0,897.0,867.0,877.0,859.0,413.0,394;255;263;422;997;771;871;374;687;762;854;519,394;263;255;422;711;997;871;771;374;923;854;519,394;711;255;263;422;360;374;897;867;877;859;413,255;263;374;394;422;519;711;771;854;871;997,11,255;263;374;394;422,5,18,4,394;255;263;422;997;771;374;871;762;687;854,255;263;394;711;422;4;8;33;43;74;90;98,263;394;255;422;711;997;374;871;771;919;854;923,255;263;374;394;422;711;771;854;871;997,255;263;394;422,255;263;374;394;422;711;712;771;854;871;979;997,255;263;394;422;712;979,255;394;762;263,255;263;394;752;762,5,255;762;752;394,255;762;752;394
282,train,sem_0138,social:decl,para3,lex,She start my teacher.,295;355,44,692.0,756.0,202.0,229.0,276.0,773.0,709.0,160.0,942.0,740.0,782.0,229,202,875,709,547.0,756.0,740.0,782.0,667.0,276.0,60.0,692.0,202,229.0,875.0,667.0,547.0,709.0,692.0,693.0,44.0,740.0,45.0,262.0,44;692;756;202;229;276;773;709;160;942;740;782,229;202;875;709;547;756;740;782;667;276;60;692,202;229;875;667;547;709;692;693;44;740;45;262,44;202;229;276;547;667;692;709;740;756;782;875,12,202;229;692;709;740,5,21,4,756;692;202;709;229;773;276;942;44;160;782;60,202;229;875;44;45;60;257;262;276;291;358;547,229;202;875;547;358;667;692;709;262;756;740;773,44;60;202;229;262;276;358;547;692;709;756;773;875,202;229,44;60;202;229;262;276;295;355;358;547;692;709;756;773;875,202;229;295;355,202;229,202;229,2,,
283,train,sem_single_0953,drink:negative_simple,singleton,single,He does not have dinner.,,791,533.0,917.0,420.0,249.0,831.0,975.0,903.0,302.0,969.0,860.0,,249,791,969,831,903.0,302.0,441.0,223.0,860.0,700.0,369.0,297.0,791,249.0,302.0,831.0,903.0,969.0,420.0,917.0,533.0,562.0,975.0,770.0,791;533;917;420;249;831;975;903;302;969;860,249;791;969;831;903;302;441;223;860;700;369;297,791;249;302;831;903;969;420;917;533;562;975;770,249;302;420;533;791;831;860;903;917;969;975,11,249;302;791;831;903;969,6,24,5,791;533;917;420;249;975;302;831;903;326;860;969,791;249;302;831;903;969;157;184;218;420;486;533,791;249;903;831;969;302;420;533;917;441;736;169,249;302;420;533;791;831;903;917;969,249;302;420;533;791;831;903;969,249;302;420;533;791;831;903;917;969,249;302;420;533;791;831;903;969,,318;420;686;791,4,791;318;420;686,791;318;420;686
284,train,sem_0086,call:decl,para3,base,He phone my father.,370;461,574,834.0,881.0,133.0,755.0,469.0,461.0,831.0,66.0,693.0,664.0,689.0,831,834,133,574,881.0,755.0,469.0,664.0,953.0,817.0,461.0,612.0,831,881.0,461.0,133.0,834.0,612.0,817.0,574.0,953.0,755.0,341.0,469.0,574;834;881;133;755;469;461;831;66;693;664;689,831;834;133;574;881;755;469;664;953;817;461;612,831;881;461;133;834;612;817;574;953;755;341;469,133;461;469;574;612;664;755;817;831;834;881;953,12,133;461;469;574;755;831;834;881,8,19,4,834;574;881;133;755;461;469;693;831;66;229;664,831;133;461;574;612;817;834;881;953;247;341;469,831;881;133;834;574;469;755;461;817;612;953;341,133;341;461;469;574;612;755;817;831;834;881;953,133;461;469;574;831;834;881,133;341;370;461;469;574;612;755;817;831;834;881;953,133;370;461;469;574;831;834;881,461;834;817;133;574;370;881;45;689;831;693;469,45;133;247;291;343;370;461;469;574;605;689;693;817;831;834;850;881,17,461;834;689;881;817;45;831;133;469;574;291;343;850;693;605;247,461;834;689;881;817;45;831;133;469;574;291;343;850;693;605;247
285,train,sem_0256,call:decl,para3,lex,They contact my mother.,133;664,631,739.0,392.0,773.0,714.0,439.0,817.0,291.0,196.0,22.0,203.0,202.0,631,739,714,392,773.0,368.0,328.0,599.0,265.0,203.0,121.0,213.0,392,773.0,739.0,328.0,631.0,599.0,265.0,368.0,203.0,121.0,213.0,714.0,631;739;392;773;714;439;817;291;196;22;203;202,631;739;714;392;773;368;328;599;265;203;121;213,392;773;739;328;631;599;265;368;203;121;213;714,121;203;213;265;328;368;392;599;631;714;739;773,12,203;392;631;714;739;773,6,23,4,631;739;392;773;714;817;439;291;196;203;202;22,265;328;368;392;599;631;739;773;121;203;213;714,739;631;714;392;773;265;599;368;328;203;121;213,121;203;213;265;328;368;392;599;631;714;739;773,203;392;631;714;739;773,121;133;203;213;265;328;368;392;599;631;664;714;739;773,133;203;392;631;664;714;739;773,631;739;368;392;328;599;435;22;257;291;773;66;370;964;693;213,22;66;133;213;257;291;328;368;370;392;435;599;631;693;701;714;739;773;964,19,368;739;599;328;392;66;631;133;213;435;773;964;714;22;701,368;739;599;328;392;66;631;133;213;435;773;964;714;22;701
286,train,sem_0133,move:decl,para3,base,She jog to the town.,17;619,352,619.0,973.0,195.0,608.0,23.0,948.0,17.0,936.0,669.0,715.0,9.0,352,17,619,691,853.0,669.0,948.0,23.0,429.0,718.0,665.0,535.0,17,352.0,619.0,691.0,828.0,322.0,396.0,591.0,973.0,2.0,936.0,224.0,352;619;973;195;608;23;948;17;936;669;715;9,352;17;619;691;853;669;948;23;429;718;665;535,17;352;619;691;828;322;396;591;973;2;936;224,17;23;352;619;669;691;936;948;973,9,17;352;619,3,20,5,352;195;608;23;619;17;948;715;936;973;415;669,17;352;619;691;2;23;29;71;224;300;322;396,352;17;619;669;23;853;948;691;535;718;429;665,17;23;352;619;669;691;948,17;23;352;619,17;23;352;619;669;691;948,17;23;352;619,619;352;17,17;352;619;715,4,619;352;715;17,619;352;715;17
287,train,sem_0036,move:decl,para4,lex,They travel to the station.,526;670;730,998,549.0,322.0,148.0,397.0,468.0,17.0,730.0,948.0,292.0,29.0,769.0,549,322,998,148,397.0,304.0,730.0,670.0,526.0,468.0,673.0,17.0,549,322.0,304.0,998.0,730.0,670.0,148.0,526.0,468.0,397.0,803.0,948.0,998;549;322;148;397;468;17;730;948;292;29;769,549;322;998;148;397;304;730;670;526;468;673;17,549;322;304;998;730;670;148;526;468;397;803;948,17;148;304;322;397;468;526;549;670;730;948;998,12,148;322;397;468;549;730;998,7,27,5,998;549;322;148;397;468;17;730;292;948;29;769,304;322;549;730;998;148;670;397;468;526;17;29,998;549;322;148;397;304;730;468;670;17;673;526,17;29;148;304;322;397;468;526;549;670;730;998,17;148;322;397;468;549;730;998,17;29;148;304;322;397;468;526;549;670;730;998,17;148;322;397;468;526;549;670;730;998,730;549;526;140;148;670;998;830;322;744,140;148;322;468;526;549;670;717;730;744;830;998,12,549;730;140;526;998;830;148;322;468;717,549;730;140;526;998;830;148;322;468;717
288,train,sem_0300,call:front_place,para3,order,"at the cafe, I call my teacher.",276;862,308,276.0,709.0,60.0,358.0,907.0,721.0,514.0,434.0,964.0,547.0,45.0,308,276,721,60,358.0,709.0,907.0,514.0,434.0,129.0,146.0,93.0,308,276.0,721.0,358.0,709.0,964.0,60.0,378.0,878.0,183.0,553.0,23.0,308;276;709;60;358;907;721;514;434;964;547;45,308;276;721;60;358;709;907;514;434;129;146;93,308;276;721;358;709;964;60;378;878;183;553;23,60;276;308;358;434;514;709;721;907;964,10,60;276;308;358;709;721,6,31,7,308;276;709;60;358;721;514;907;547;434;964;370,308;276;721;60;358;709;964;23;93;146;183;338,308;276;709;358;60;721;514;907;964;521;977;146,60;146;276;308;358;514;709;721;907;964,60;276;308;358;709;721;964,60;146;276;308;358;514;709;721;862;907;964,60;276;308;358;709;721;862;964,308;276,276;308,2,308;276,308;276
289,train,sem_0227,pref:decl,para3,lex,I like water.,332;516,551,963.0,0.0,409.0,957.0,335.0,750.0,443.0,,,,,551,963,0,793,443.0,335.0,685.0,617.0,990.0,754.0,957.0,405.0,443,551.0,335.0,0.0,963.0,685.0,793.0,617.0,754.0,,,,551;963;0;409;957;335;750;443,551;963;0;793;443;335;685;617;990;754;957;405,443;551;335;0;963;685;793;617;754,0;335;443;551;617;685;754;793;957;963,10,0;335;443;551;963,5,13,3,551;963;0;957;409;335;750;443,0;335;443;551;617;685;793;963;754,551;963;0;443;335;793;617;685;754;528;546;409,0;335;409;443;551;617;685;754;793;963,0;335;443;551;963,0;332;335;409;443;516;551;617;685;754;793;963,0;332;335;443;516;551;963,551;0;409;963;812,0;409;551;812;963,5,551;409;963;812;0,551;409;963;812;0
290,train,sem_0102,acq:front_time,para3,order,"Today, I get a book.",4;241,4,592.0,821.0,217.0,181.0,277.0,,,,,,,4,181,592,217,123.0,821.0,54.0,993.0,477.0,939.0,704.0,360.0,4,394.0,123.0,939.0,477.0,360.0,592.0,704.0,821.0,217.0,28.0,926.0,4;592;821;217;181;277,4;181;592;217;123;821;54;993;477;939;704;360,4;394;123;939;477;360;592;704;821;217;28;926,4;123;181;217;360;477;592;704;821;939,10,4;217;592;821,4,20,5,4;592;821;181;217,4;123;360;394;477;592;704;939;28;54;181;217,4;592;181;217;123;821;993;704;477;394;939;360,4;123;181;217;360;394;477;592;704;821;939,4;181;217;592,4;123;181;217;241;360;394;477;592;704;821;939,4;181;217;241;592,4,4,1,4,4
291,train,sem_0105,call:decl,para3,base,She contact my father.,106;257,817,439.0,106.0,392.0,320.0,631.0,856.0,202.0,196.0,285.0,435.0,739.0,106,439,320,392,817.0,856.0,196.0,202.0,631.0,875.0,834.0,45.0,106,850.0,439.0,631.0,817.0,834.0,392.0,45.0,320.0,202.0,856.0,875.0,817;439;106;392;320;631;856;202;196;285;435;739,106;439;320;392;817;856;196;202;631;875;834;45,106;850;439;631;817;834;392;45;320;202;856;875,45;106;196;202;320;392;439;631;817;834;856;875,12,106;202;320;392;439;631;817;856,8,22,4,817;439;106;392;320;631;856;202;196;285;435;739,106;45;202;320;392;439;631;817;834;850;605;856,106;320;817;392;439;856;631;202;45;850;834;875,45;106;202;320;392;439;631;817;834;850;856,106;202;320;392;439;631;817;856,45;106;202;257;320;392;439;631;817;834;850;856,106;202;257;320;392;439;631;817;856,106;631;817;45;834;392;435;202;850;605;285;439;693;257,45;106;133;202;257;284;285;320;343;392;435;439;461;605;631;693;817;834;850;856,20,817;834;45;106;631;435;850;605;439;284;392;202;133;856;461;343;320,817;834;45;106;631;435;850;605;439;284;392;202;133;856;461;343;320
292,train,sem_0214,move:decl,para3,base,He come to the station.,89;662,29,583.0,89.0,948.0,730.0,769.0,803.0,753.0,998.0,549.0,853.0,322.0,583,29,998,89,934.0,82.0,855.0,2.0,608.0,396.0,790.0,945.0,29,998.0,583.0,89.0,853.0,803.0,322.0,948.0,855.0,769.0,753.0,730.0,29;583;89;948;730;769;803;753;998;549;853;322,583;29;998;89;934;82;855;2;608;396;790;945,29;998;583;89;853;803;322;948;855;769;753;730,29;89;322;583;730;753;769;803;853;855;948;998,12,29;89;583;998,4,23,5,29;583;948;730;89;769;753;396;998;803;322;549,29;583;998;89;2;82;287;322;396;549;608;662,583;29;998;89;934;855;608;396;82;2;730;287,2;29;82;89;287;322;396;549;583;608;730;998,29;89;396;583;998,2;29;82;89;287;322;396;549;583;608;662;730;998,29;89;396;583;662;998,89;29;998;662;583,29;89;140;322;397;467;526;549;583;662;670;717;730;998,14,29;89;998;662;322;583;730;526;397;670;140;467;549;717,29;89;998;662;322;583;730;526;397;670;140;467;549;717
293,train,sem_0106,social:decl,para3,base,They take a phone.,561;697,627,561.0,806.0,978.0,645.0,901.0,43.0,417.0,123.0,582.0,,,561,627,806,978,581.0,582.0,43.0,901.0,186.0,205.0,572.0,988.0,581,627.0,43.0,582.0,561.0,901.0,978.0,806.0,681.0,678.0,684.0,659.0,627;561;806;978;645;901;43;417;123;582,561;627;806;978;581;582;43;901;186;205;572;988,581;627;43;582;561;901;978;806;681;678;684;659,43;561;581;582;627;806;901;978,8,43;561;582;627;806;901;978,7,18,4,627;561;806;978;645;43;901;123;417;582,43;581;582;627;561;901;978;806;33;90;98;99,627;561;978;806;43;582;581;901;205;186;927;368,43;561;581;582;627;806;901;978,43;561;582;627;806;901;978,43;561;581;582;627;697;806;901;978,43;561;582;627;697;806;901;978,627;561;806,561;582;627;684;806;901,6,627;561;806;901;582;684,627;561;806;901;582;684
294,train,sem_0219,acq:decl,para3,lex,You buy a game.,170;388,131,837.0,512.0,462.0,808.0,,,,,,,,131,425,890,558,837.0,636.0,616.0,170.0,69.0,438.0,251.0,653.0,170,616.0,438.0,69.0,636.0,890.0,131.0,558.0,837.0,251.0,388.0,580.0,131;837;512;462;808,131;425;890;558;837;636;616;170;69;438;251;653,170;616;438;69;636;890;131;558;837;251;388;580,69;131;170;251;438;558;616;636;837;890,10,131;837,2,15,4,131;837;512;462;808,69;131;170;251;438;558;616;636;837;890;200;388,131;425;251;438;558;170;636;837;616;890;69;653,69;131;170;251;438;558;616;636;837;890,131;837,69;131;170;251;388;438;558;616;636;837;890,131;170;388;837,170;388,170;388,2,170;388,170;388
295,train,sem_0138,social:modal_can,para3,tense,She can meet a friend.,282;355,355,369.0,776.0,142.0,26.0,350.0,862.0,178.0,820.0,356.0,205.0,952.0,355,369,142,776,748.0,26.0,350.0,509.0,760.0,297.0,264.0,261.0,355,369.0,350.0,26.0,509.0,760.0,776.0,297.0,264.0,799.0,142.0,,355;369;776;142;26;350;862;178;820;356;205;952,355;369;142;776;748;26;350;509;760;297;264;261,355;369;350;26;509;760;776;297;264;799;142,26;142;264;297;350;355;369;509;760;776,10,26;142;350;355;369;776,6,22,5,355;369;776;142;26;178;350;862;356;820,355;369;26;350;509;760;776;297;264;142;799,355;369;776;748;142;26;350;261;509;760;105;647,26;142;350;355;369;509;760;776,26;142;350;355;369;776,26;142;282;350;355;369;509;760;776,26;142;282;350;355;369;776,355,355;369,2,355;369,355;369
296,train,sem_0016,pref:perfect_pr,para4,tense,We have loved juice.,640;728;812,602,728.0,486.0,827.0,636.0,,,,,,,,602,486,728,342,306.0,116.0,452.0,909.0,827.0,636.0,227.0,640.0,486,879.0,342.0,306.0,602.0,728.0,705.0,533.0,116.0,452.0,269.0,909.0,602;728;486;827;636,602;486;728;342;306;116;452;909;827;636;227;640,486;879;342;306;602;728;705;533;116;452;269;909,116;306;342;452;486;602;636;728;827;909,10,486;602;728,3,21,4,728;486,116;306;342;486;533;602;705;728;879;118;269;452,602;486;306;342;116;728;452;909;636;827;879;533,116;306;342;452;486;533;602;728;879,486;728,116;306;342;452;486;533;602;640;728;812;879,486;640;728;812,728;116,116;342;452;516;728,5,728;116;452;516;342,728;116;452;516;342
297,train,sem_single_0986,call:negative_simple,singleton,single,She does not contact a friend.,,356,369.0,952.0,480.0,691.0,298.0,441.0,714.0,307.0,860.0,,,369,860,700,441,223.0,952.0,356.0,691.0,307.0,903.0,969.0,480.0,369,860.0,700.0,26.0,356.0,350.0,952.0,355.0,295.0,441.0,219.0,307.0,356;369;952;480;691;298;441;714;307;860,369;860;700;441;223;952;356;691;307;903;969;480,369;860;700;26;356;350;952;355;295;441;219;307,307;356;369;441;480;691;700;860;952,9,307;356;369;441;860;952,6,30,6,356;952;369;480;298;691;307;714;441;860,369;700;860;26;350;355;356;952;219;295;307;441,369;356;952;441;860;700;223;307;691;903;969;283,307;356;369;441;691;700;860;952,307;356;369;441;860;952,307;356;369;441;691;700;860;952,307;356;369;441;860;952,369,26;369;480,3,26;369;480,26;369;480
298,train,sem_seed_call_past_simple,call:past_simple,singleton,single-seed,We contacted a friend.,,356,952.0,435.0,480.0,297.0,380.0,,,,,,,34,380,435,399,659.0,820.0,952.0,205.0,208.0,862.0,26.0,355.0,380,34.0,399.0,348.0,859.0,862.0,393.0,383.0,442.0,892.0,350.0,355.0,356;952;435;480;297;380,34;380;435;399;659;820;952;205;208;862;26;355,380;34;399;348;859;862;393;383;442;892;350;355,34;355;380;399;435;862;952,7,380,1,22,4,356;952;435;297;480,34;380;399;5;26;52;118;135;168;177;178;205,380;34;435;399;205;208;581;659;416;820;862;355,34;205;380;399;435,,34;205;380;399;435,,952,356;952,2,356;952,356;952
299,train,sem_seed_play_conditional_if,play:conditional_if,singleton,single-seed,"If it is warm, We play a game.",,786,808.0,462.0,464.0,279.0,512.0,119.0,571.0,680.0,990.0,951.0,625.0,786,279,564,119,142.0,951.0,990.0,680.0,625.0,571.0,3.0,527.0,786,279.0,564.0,808.0,119.0,951.0,142.0,779.0,206.0,680.0,571.0,990.0,786;808;462;464;279;512;119;571;680;990;951;625,786;279;564;119;142;951;990;680;625;571;3;527,786;279;564;808;119;951;142;779;206;680;571;990,119;142;279;564;571;625;680;786;808;951;990,11,119;279;571;680;786;951;990,7,30,8,786;808;462;464;279;119;512;571;680;990;951;625,786;279;564;808;119;142;206;779;951;3;482;571,786;279;564;3;680;625;571;990;119;142;951;319,3;119;142;279;564;571;625;680;786;808;951;990,119;279;571;786;951,3;119;142;279;564;571;625;680;786;808;951;990,119;279;571;786;951,786,142;279;564;786,4,786;279;142;564,786;279;142;564
300,train,sem_0020,move:decl,para4,lex,She walk to the park.,301;396;934,840,182.0,591.0,715.0,936.0,828.0,855.0,753.0,535.0,544.0,813.0,115.0,840,182,591,71,828.0,753.0,715.0,544.0,936.0,813.0,914.0,855.0,840,591.0,182.0,71.0,934.0,855.0,828.0,753.0,715.0,673.0,544.0,936.0,840;182;591;715;936;828;855;753;535;544;813;115,840;182;591;71;828;753;715;544;936;813;914;855,840;591;182;71;934;855;828;753;715;673;544;936,71;182;544;591;715;753;813;828;840;855;936,11,182;544;591;715;753;828;840;855;936,9,21,5,840;182;591;715;936;828;855;753;544;813;535;914,591;840;182;2;17;29;71;224;286;322;396;544,840;182;591;544;715;753;71;936;828;855;673;813,71;182;544;591;715;753;813;828;840;855;936,182;544;591;840,71;182;301;396;544;591;715;753;813;828;840;855;934;936,182;301;396;544;591;840;934,591;840,182;591;840,3,840;182,840;182
301,train,sem_0020,move:present_cont,para4,tense,She is coming to the city.,300;396;934,396,619.0,209.0,934.0,179.0,64.0,397.0,61.0,,,,,396,934,619,397,179.0,209.0,64.0,478.0,376.0,876.0,518.0,36.0,934,396.0,619.0,397.0,322.0,591.0,209.0,300.0,286.0,29.0,224.0,17.0,396;619;209;934;179;64;397;61,396;934;619;397;179;209;64;478;376;876;518;36,934;396;619;397;322;591;209;300;286;29;224;17,64;179;209;396;397;619;934,7,209;396;397;619;934,5,26,6,396;209,396;934;619;397;2;17;29;179;209;224;286;300,934;396;209;179;619;397;64;478;376;876;36;518,179;209;396;397;619;934,209;396,179;209;300;396;397;619;934,209;300;396;934,396;934,396;478;934,3,396;478,396;478
302,train,sem_0078,drink:front_place,para3,order,"in home, He have dinner.",766;791,791,533.0,917.0,420.0,975.0,283.0,326.0,,,,,,326,791,283,412,917.0,420.0,533.0,470.0,726.0,611.0,195.0,451.0,791,283.0,326.0,486.0,770.0,533.0,218.0,975.0,184.0,917.0,157.0,420.0,791;533;917;420;975;283;326,326;791;283;412;917;420;533;470;726;611;195;451,791;283;326;486;770;533;218;975;184;917;157;420,283;326;420;533;791;917;975,7,283;326;420;533;791;917,6,24,5,791;533;917;420;283;975;326,791;283;326;157;184;218;420;486;533;562;686;770,791;326;283;420;533;917;412;686;975;157;726;470,157;283;326;420;533;686;791;917;975,283;326;420;533;791,157;283;326;420;533;686;766;791;917;975,283;326;420;533;766;791,791,791,1,791,791
303,train,sem_0173,acq:modal_can,para3,tense,They can pick a novel.,90;711,90,171.0,943.0,,,,,,,,,,90,171,372,854,943.0,50.0,722.0,444.0,895.0,590.0,712.0,628.0,90,712.0,943.0,895.0,722.0,590.0,854.0,171.0,444.0,372.0,979.0,50.0,90;171;943,90;171;372;854;943;50;722;444;895;590;712;628,90;712;943;895;722;590;854;171;444;372;979;50,50;90;171;372;444;590;712;722;854;895;943,11,90;171;943,3,22,5,90;171;943,90;712;943;171;372;444;590;722;854;895;50;161,90;171;943;50;854;372;712;444;895;590;722;408,50;90;171;372;444;590;712;722;854;895;943,90;171;943,50;90;171;372;444;590;711;712;722;854;895;943,90;171;711;943,90,67;90;594,3,90;594;67,90;594;67
304,train,sem_seed_move_front_place,move:front_place,singleton,single-seed,"to the library, They travel.",,224,92.0,210.0,961.0,346.0,82.0,287.0,544.0,153.0,222.0,498.0,468.0,287,468,673,322,17.0,998.0,549.0,224.0,544.0,82.0,148.0,397.0,287,468.0,322.0,673.0,730.0,82.0,998.0,549.0,17.0,224.0,544.0,670.0,224;92;210;961;346;82;287;544;153;222;498;468,287;468;673;322;17;998;549;224;544;82;148;397,287;468;322;673;730;82;998;549;17;224;544;670,17;82;224;287;322;468;544;549;673;998,10,82;224;287;468;544,5,28,5,92;210;224;961;82;287;346;544;498;153;468;222,287;468;17;82;224;322;544;549;673;730;998;92,287;468;998;673;549;17;322;544;224;82;148;466,17;82;92;224;287;322;468;544;549;673;998,82;224;287;468;544,17;82;92;224;287;322;468;544;549;673;998,82;224;287;468;544,,,0,,
305,train,sem_single_0950,eat:perfect_pr,singleton,single,I have had lunch.,,401,493.0,184.0,879.0,836.0,763.0,848.0,,,,,,401,493,763,836,184.0,879.0,848.0,345.0,451.0,216.0,65.0,532.0,493,0.0,800.0,869.0,184.0,879.0,836.0,345.0,120.0,848.0,401.0,254.0,401;493;184;879;836;763;848,401;493;763;836;184;879;848;345;451;216;65;532,493;0;800;869;184;879;836;345;120;848;401;254,184;345;401;493;763;836;848;879,8,184;401;493;836;848;879,6,17,4,401;493;184;879;836;763,493;0;184;800;836;869;879;120;254;324;345;401,493;401;763;879;836;184;65;345;848;800;451;216,184;345;401;493;763;800;836;879,184;401;493;836;879,184;345;401;493;763;800;836;879,184;401;493;836;879,493;401;879,401;493;879,3,493;401;879,493;401;879
306,train,sem_0172,drink:decl,para3,base,We sip juice.,21;227,767,654.0,607.0,149.0,727.0,227.0,225.0,807.0,905.0,909.0,342.0,166.0,227,767,607,654,149.0,225.0,727.0,905.0,807.0,728.0,116.0,342.0,227,149.0,654.0,166.0,607.0,342.0,728.0,767.0,116.0,225.0,727.0,909.0,767;654;607;149;727;227;225;807;905;909;342;166,227;767;607;654;149;225;727;905;807;728;116;342,227;149;654;166;607;342;728;767;116;225;727;909,116;149;166;225;227;342;607;654;727;728;767;807;905;909,14,149;225;227;342;607;654;727;767,8,13,3,767;654;607;149;727;227;225;807;905;166;486;728,227;116;149;166;342;607;654;728;767;225;296;452,227;767;654;607;149;225;727;728;342;116;807;905,116;149;166;225;227;342;607;654;727;728;767;807;905,149;225;227;607;654;728;767,21;116;149;166;225;227;342;607;654;727;728;767;807;905,21;149;225;227;607;654;728;767,607;909;654;149;116;452;227;104;487;728;225;905;342;767;516,104;116;149;166;225;227;342;452;487;516;528;607;654;728;767;905;909;913,18,607;654;149;116;104;225;452;767;909;487;905;728;166;227;516;913;528,607;654;149;116;104;225;452;767;909;487;905;728;166;227;516;913;528
307,train,sem_seed_call_emph_do,call:emph_do,singleton,single-seed,He does phone a friend.,,380,581.0,208.0,585.0,369.0,297.0,205.0,831.0,178.0,862.0,350.0,,831,208,581,380,585.0,369.0,297.0,938.0,356.0,178.0,776.0,417.0,356,380.0,208.0,178.0,417.0,581.0,645.0,891.0,426.0,898.0,776.0,585.0,380;581;208;585;369;297;205;831;178;862;350,831;208;581;380;585;369;297;938;356;178;776;417,356;380;208;178;417;581;645;891;426;898;776;585,178;208;297;356;369;380;417;581;585;776;831,11,178;208;380;581;585,5,23,5,380;581;208;585;369;297,178;208;356;380;417;581;645;267;426;585;776;891,581;208;380;831;585;938;297;369;178;356;417;645,178;208;297;356;369;380;417;581;585;645,208;380;581;585,178;208;297;356;369;380;417;581;585;645,208;380;581;585,581,208;581,2,581;208,581;208
308,train,sem_0002,call:front_place,para4,order,"at the cafe, He call my teacher.",356;547;709,288,709.0,276.0,514.0,60.0,358.0,721.0,907.0,547.0,434.0,370.0,805.0,288,709,514,721,60.0,276.0,358.0,805.0,907.0,489.0,434.0,370.0,288,709.0,514.0,805.0,489.0,403.0,721.0,60.0,756.0,547.0,370.0,358.0,288;709;276;514;60;358;721;907;547;434;370;805,288;709;514;721;60;276;358;805;907;489;434;370,288;709;514;805;489;403;721;60;756;547;370;358,60;276;288;358;370;434;489;514;547;709;721;805;907,13,60;288;358;370;514;709;721;805,8,32,7,288;709;276;514;60;721;358;907;547;370;45;257,288;709;514;805;403;489;721;60;276;358;370;547,288;709;514;358;276;60;721;907;805;370;489;547,60;276;288;358;370;489;514;547;709;721;805;907,60;276;288;358;370;514;547;709;721,60;276;288;356;358;370;489;514;547;709;721;805;907,60;276;288;356;358;370;514;547;709;721,288;709;721,288;709;721,3,288;721,288;721
309,train,sem_0197,eat:decl,para3,base,You eat lunch.,494;917,839,922.0,707.0,242.0,,,,,,,,,839,922,707,454,242.0,73.0,494.0,848.0,216.0,570.0,122.0,436.0,922,839.0,73.0,242.0,707.0,454.0,848.0,494.0,216.0,,,,839;922;707;242,839;922;707;454;242;73;494;848;216;570;122;436,922;839;73;242;707;454;848;494;216,73;216;242;454;494;707;839;848;922,9,242;707;839;922,4,14,3,839;922;707;242,73;242;454;707;839;922;494;848;216,839;922;707;242;454;73;848;494;216;932;122;436,73;216;242;454;494;707;839;848;922,242;707;839;922,73;216;242;454;494;707;839;848;917;922,242;494;707;839;917;922,494;242;922;848;493;454;73;879,73;216;242;454;493;494;836;839;848;879;922,11,242;494;922;493;216;879;454;848;839;73;836,242;494;922;493;216;879;454;848;839;73;836
310,train,sem_single_0912,call:wh_where,singleton,single,Where do I phone?,,946,993.0,232.0,13.0,894.0,585.0,,,,,,,993,13,946,894,232.0,585.0,796.0,425.0,143.0,694.0,402.0,162.0,993,13.0,232.0,894.0,946.0,585.0,796.0,254.0,881.0,886.0,189.0,725.0,946;993;232;13;894;585,993;13;946;894;232;585;796;425;143;694;402;162,993;13;232;894;946;585;796;254;881;886;189;725,13;232;585;796;894;946;993,7,13;232;585;894;946;993,6,17,4,946;993;13;232;894;585,13;232;894;946;993;585;123;143;162;189;254;271,232;13;946;894;993;585;280;162;402;143;425;575,13;143;162;232;585;894;946;993,13;232;585;894;946;993,13;143;162;232;585;894;946;993,13;232;585;894;946;993,,,0,,
311,train,sem_0120,play:decl,para3,lex,We play music.,892,634,688.0,424.0,141.0,511.0,147.0,595.0,638.0,448.0,656.0,892.0,808.0,147,634,688,511,424.0,141.0,638.0,595.0,448.0,656.0,482.0,657.0,147,511.0,600.0,433.0,446.0,141.0,919.0,634.0,424.0,688.0,657.0,269.0,634;688;424;141;511;147;595;638;448;656;892;808,147;634;688;511;424;141;638;595;448;656;482;657,147;511;600;433;446;141;919;634;424;688;657;269,141;147;424;448;511;595;634;638;656;657;688,11,141;147;424;511;634;688,6,14,3,634;688;424;141;511;595;147;638;448;656;892;808,147;141;424;433;446;511;600;634;657;688;919;269,147;688;511;141;424;634;448;595;638;919;657;446,141;147;424;446;448;511;595;634;638;657;688;919,141;147;424;511;634;688,141;147;424;446;448;511;595;634;638;657;688;892;919,141;147;424;511;634;688;892,511;424;141;892;147;600;919;550,141;147;275;424;511;550;595;600;892;919,10,141;511;424;147;595;892;275,141;511;424;147;595;892;275
312,train,sem_0159,social:decl,para3,lex,I bring tea.,382;440,939,967.0,764.0,373.0,,,,,,,,,373,939,967,733,236.0,222.0,764.0,412.0,98.0,126.0,684.0,849.0,236,373.0,967.0,764.0,939.0,733.0,412.0,,,,,,939;967;764;373,373;939;967;733;236;222;764;412;98;126;684;849,236;373;967;764;939;733;412,236;373;412;733;764;939;967,7,373;764;939;967,4,12,3,939;967;373,236;373;764;939;967;412;733,373;967;939;236;733;764;412;222;126;684;98;870,236;373;412;733;764;939;967,373;939;967,236;373;382;412;440;733;764;939;967,373;382;440;939;967,236,236;453,2,236;453,236;453
313,train,sem_0058,move:decl,para3,base,She travel to home.,449;591,449,468.0,17.0,322.0,809.0,998.0,549.0,673.0,188.0,148.0,287.0,968.0,449,468,17,322,397.0,809.0,549.0,998.0,287.0,304.0,188.0,673.0,449,468.0,322.0,17.0,397.0,716.0,809.0,968.0,842.0,195.0,,,449;468;17;322;809;998;549;673;188;148;287;968,449;468;17;322;397;809;549;998;287;304;188;673,449;468;322;17;397;716;809;968;842;195,17;188;287;322;397;449;468;549;673;809;968;998,12,17;322;449;468;809,5,19,4,449;468;17;322;998;809;549;673;188;148;287;716,449;468;17;322;397;195;716;809;842;968,449;468;17;322;397;809;968;842;716;195;549;673,17;195;322;397;449;468;549;673;716;809;842;968,17;322;449;468;716;809,17;195;322;397;449;468;549;591;673;716;809;842;968,17;322;449;468;591;716;809,449;468;17;322,17;322;449;468,4,449,449
314,train,sem_0153,pref:decl,para3,lex,We like dinner.,132;164,978,533.0,975.0,791.0,917.0,420.0,551.0,135.0,253.0,122.0,,,551,122,268,533,683.0,963.0,135.0,986.0,155.0,447.0,228.0,,533,268.0,122.0,683.0,551.0,986.0,963.0,135.0,155.0,,,,978;533;975;791;917;420;551;135;253;122,551;122;268;533;683;963;135;986;155;447;228,533;268;122;683;551;986;963;135;155,122;135;155;268;533;551;683;963;986,9,122;135;533;551,4,15,3,978;533;791;975;917;420;551;135,122;268;533;551;683;135;963;986;155,551;268;533;683;122;135;963;986;155;447;228;870,122;135;155;268;533;551;683;963;986,135;533;551,122;132;135;155;164;268;533;551;683;963;986,132;135;164;533;551,122;533;268,122;268;533;570;686;917;937;975,8,533;122;975;937;686;570;917,533;122;975;937;686;570;917
315,train,sem_0143,learn:front_place,para3,order,"in school, She study music.",542;771,542,825.0,530.0,362.0,451.0,,,,,,,,542,825,451,111,362.0,849.0,363.0,91.0,639.0,223.0,530.0,699.0,542,699.0,688.0,364.0,825.0,,,,,,,,542;825;530;362;451,542;825;451;111;362;849;363;91;639;223;530;699,542;699;688;364;825,362;451;530;542;699;825,6,542;825,2,27,5,542;825;530;362;451,542;364;688;699;825,542;825;451;849;362;363;111;699;688;364;639;91,362;364;451;542;688;699;825,542;825,362;364;451;542;688;699;771;825,542;771;825,542,542,1,542,542
316,train,sem_0152,pref:decl,para3,base,He enjoy music.,545;563,600,545.0,880.0,541.0,632.0,501.0,603.0,116.0,336.0,634.0,567.0,,545,600,880,541,27.0,457.0,187.0,634.0,789.0,24.0,37.0,632.0,545,600.0,789.0,634.0,187.0,541.0,27.0,24.0,,,,,600;545;880;541;632;501;603;116;336;634;567,545;600;880;541;27;457;187;634;789;24;37;632,545;600;789;634;187;541;27;24,24;27;187;541;545;600;632;634;789;880,10,541;545;600;634,4,15,3,600;545;880;541;603;336;501;116;632;634,545;187;600;634;789;541;24;27,545;600;541;880;187;634;789;27;457;24;774;116,24;27;116;187;541;545;600;634;789;880,541;545;600;634,24;27;116;187;541;545;563;600;634;789;880,541;545;563;600;634,545;634;600,545;600;634;699,4,699;600;545,699;600;545
317,train,sem_seed_eat_front_time,eat:front_time,singleton,single-seed,"Now, You order a sandwich.",,646,908.0,624.0,14.0,604.0,354.0,741.0,10.0,393.0,15.0,500.0,366.0,646,908,15,624,604.0,14.0,491.0,354.0,741.0,10.0,388.0,958.0,646,908.0,14.0,604.0,80.0,624.0,960.0,958.0,366.0,354.0,388.0,696.0,646;908;624;14;604;354;741;10;393;15;500;366,646;908;15;624;604;14;491;354;741;10;388;958,646;908;14;604;80;624;960;958;366;354;388;696,10;14;15;354;366;388;604;624;646;741;908;958,12,14;354;604;624;646;908,6,26,5,646;908;624;14;604;354;741;10;393;15;366;80,646;908;14;80;604;624;15;354;366;388;696;763,646;908;14;604;624;491;15;354;344;958;388;80,14;15;80;354;366;388;604;624;646;908,14;15;80;354;604;624;646;908,14;15;80;354;366;388;604;624;646;908,14;15;80;354;604;624;646;908,646;624;604;366;908;354,354;366;604;624;646;908,6,646;354;908;624;366;604,646;354;908;624;366;604
318,train,sem_0057,pref:modal_can,para3,tense,He can prefer dinner.,278;686,686,937.0,663.0,157.0,520.0,268.0,976.0,,,,,,686,937,663,757,975.0,791.0,157.0,74.0,776.0,302.0,283.0,854.0,686,975.0,791.0,757.0,157.0,937.0,74.0,663.0,,,,,686;937;663;157;520;268;976,686;937;663;757;975;791;157;74;776;302;283;854,686;975;791;757;157;937;74;663,74;157;663;686;757;791;937;975,8,157;663;686;937,4,21,4,686;937;663;157;520;268;976,686;157;757;791;937;975;74;663,686;937;663;757;791;157;975;74;776;854;302;283,74;157;663;686;757;791;937;975,157;663;686;937,74;157;278;663;686;757;791;937;975,157;278;663;686;937,686;757,283;686;757;937,4,686;937;283;757,686;937;283;757
319,train,sem_seed_call_conditional_if,call:conditional_if,singleton,single-seed,"If it is warm, I text my mother.",,701,58.0,990.0,599.0,299.0,175.0,786.0,119.0,571.0,680.0,625.0,951.0,990,175,3,571,680.0,625.0,299.0,527.0,786.0,142.0,119.0,951.0,990,175.0,625.0,482.0,571.0,710.0,3.0,680.0,142.0,119.0,58.0,701.0,701;58;990;599;299;175;786;119;571;680;625;951,990;175;3;571;680;625;299;527;786;142;119;951,990;175;625;482;571;710;3;680;142;119;58;701,3;58;119;142;175;299;571;625;680;701;786;951;990,13,119;175;571;625;680;990,6,32,8,58;701;990;599;175;786;299;119;571;680;625;951,990;175;3;482;571;625;680;710;58;119;130;142,990;175;680;625;571;3;951;119;299;786;527;142,3;58;119;142;175;299;571;625;680;786;951;990,119;175;571;625;680;990,3;58;119;142;175;299;571;625;680;786;951;990,119;175;571;625;680;990,,,0,,
320,train,sem_seed_call_imperative,call:imperative,singleton,single-seed,Please contact my father.,,817,291.0,439.0,392.0,106.0,856.0,631.0,196.0,202.0,285.0,435.0,739.0,392,291,439,817,106.0,856.0,196.0,942.0,285.0,739.0,773.0,202.0,439,817.0,291.0,392.0,856.0,106.0,196.0,953.0,967.0,461.0,881.0,942.0,817;291;439;392;106;856;631;196;202;285;435;739,392;291;439;817;106;856;196;942;285;739;773;202,439;817;291;392;856;106;196;953;967;461;881;942,106;196;202;285;291;392;439;739;817;856;942,11,106;196;291;392;439;817;856,7,25,4,817;291;439;392;106;856;631;196;202;285;435;739,291;392;439;817;106;856;196;45;56;127;133;202,439;392;817;291;856;106;196;285;202;631;773;739,106;196;202;285;291;392;439;631;739;817;856,106;196;202;291;392;439;817;856,106;196;202;285;291;392;439;631;739;817;856,106;196;202;291;392;439;817;856,439;392;817;435;127,127;291;392;435;439;574;817,7,439;392;435;817;291;574,439;392;435;817;291;574
321,train,sem_0061,learn:decl,para3,base,She practice a novel.,,702,333.0,502.0,543.0,752.0,187.0,28.0,537.0,24.0,269.0,91.0,340.0,333,702,949,737,515.0,336.0,660.0,361.0,519.0,650.0,752.0,543.0,737,949.0,515.0,336.0,333.0,702.0,361.0,519.0,660.0,650.0,474.0,777.0,702;333;502;543;752;187;28;537;24;269;91;340,333;702;949;737;515;336;660;361;519;650;752;543,737;949;515;336;333;702;361;519;660;650;474;777,333;336;361;515;519;543;650;660;702;737;752;949,12,333;702,2,21,4,702;333;502;187;543;752;28;537;24;91;269;340,333;336;515;702;737;949;361;519;660;650;474;777,333;702;949;515;336;737;361;519;660;502;752;543,333;336;361;502;515;519;543;660;702;737;752;949,333;702,333;336;361;502;515;519;543;660;702;737;752;949,333;702,333,333;519;702,3,333;702;519,333;702;519
322,train,sem_0303,move:decl,para3,base,She travel to the station.,29;397,998,549.0,287.0,148.0,397.0,17.0,313.0,29.0,292.0,948.0,730.0,583.0,397,998,549,287,148.0,17.0,29.0,313.0,449.0,673.0,304.0,769.0,397,998.0,549.0,17.0,29.0,287.0,148.0,313.0,803.0,673.0,853.0,753.0,998;549;287;148;397;17;313;29;292;948;730;583,397;998;549;287;148;17;29;313;449;673;304;769,397;998;549;17;29;287;148;313;803;673;853;753,17;29;148;287;313;397;549;673;998,9,17;29;148;287;313;397;549;998,8,26,5,998;549;287;148;397;17;313;29;292;948;730;583,397;17;29;287;549;998;148;313;2;224;286;292,998;287;549;397;148;17;29;313;449;304;673;583,17;29;148;287;292;313;397;549;583;998,17;29;148;287;313;397;549;998,17;29;148;287;292;313;397;549;583;998,17;29;148;287;313;397;549;998,397;998;29;17;287;313;549,17;29;89;140;287;292;313;397;467;526;549;583;662;670;717;730;753;998,18,998;29;397;292;549;662;730;526;670;287;583;89;140;467;753;717,998;29;397;292;549;662;730;526;670;287;583;89;140;467;753;717
323,train,sem_seed_drink_emph_do,drink:emph_do,singleton,single-seed,We do drink water.,,21,546.0,793.0,990.0,,,,,,,,,21,280,546,793,990.0,143.0,575.0,970.0,816.0,999.0,156.0,551.0,21,280.0,812.0,551.0,409.0,546.0,576.0,204.0,402.0,452.0,593.0,143.0,21;546;793;990,21;280;546;793;990;143;575;970;816;999;156;551,21;280;812;551;409;546;576;204;402;452;593;143,21;143;280;546;551;793;990,7,21;546,2,18,4,21;546;793;990,21;280;409;546;551;576;812;47;86;128;143;204,21;546;280;793;999;970;816;143;575;409;812;551,21;143;280;409;546;551;793;812,21;546,21;143;280;409;546;551;793;812,21;546,21,21;551;812;963,4,21;812;963;551,21;812;963;551
324,train,sem_seed_eat_wh_when,eat:wh_when,singleton,single-seed,When do I have?,,254,886.0,169.0,725.0,373.0,,,,,,,,886,725,373,254,843.0,35.0,204.0,169.0,331.0,816.0,97.0,970.0,254,725.0,373.0,886.0,493.0,869.0,0.0,488.0,169.0,331.0,999.0,946.0,254;886;169;725;373,886;725;373;254;843;35;204;169;331;816;97;970,254;725;373;886;493;869;0;488;169;331;999;946,169;254;331;373;725;886,6,169;254;373;725;886,5,15,4,254;886;169;725;373,254;373;725;886;0;493;869;13;35;97;120;169,886;725;373;254;169;970;204;331;35;843;816;97,35;97;169;254;373;725;886,169;254;373;725;886,35;97;169;254;373;725;886,169;254;373;725;886,,,0,,
325,train,sem_seed_drink_present_cont,drink:present_cont,singleton,single-seed,He is sipping water.,,751,909.0,,,,,,,,,,,751,405,990,924,909.0,79.0,40.0,341.0,552.0,504.0,703.0,571.0,751,405.0,40.0,,,,,,,,,,751;909,751;405;990;924;909;79;40;341;552;504;703;571,751;405;40,40;405;751;909,4,751,1,20,4,751,751;405;40,751;405;909;990;924;79;40;957;812;750;551;546,40;405;751,751,40;405;751,751,405,405;751,2,405;751,405;751
326,train,sem_0107,drink:front_place,para3,order,"in the city, They have dinner.",420;972,420,791.0,533.0,117.0,917.0,628.0,658.0,92.0,302.0,522.0,596.0,975.0,628,596,117,302,92.0,420.0,807.0,640.0,376.0,522.0,384.0,658.0,628,92.0,596.0,420.0,117.0,302.0,384.0,640.0,532.0,658.0,807.0,883.0,420;791;533;117;917;628;658;92;302;522;596;975,628;596;117;302;92;420;807;640;376;522;384;658,628;92;596;420;117;302;384;640;532;658;807;883,92;117;302;384;420;522;596;628;640;658;807,11,92;117;302;420;596;628;658,7,30,6,420;791;533;117;917;628;658;302;92;596;522;975,92;420;596;628;117;302;384;532;620;640;658;807,628;420;596;302;117;92;640;807;384;658;376;522,92;117;302;384;420;522;596;628;640;658;807,92;117;302;420;596;628;658,92;117;302;384;420;522;596;628;640;658;807;972,92;117;302;420;596;628;658;972,420,117;420;628,3,117;628,117;628
327,train,sem_seed_move_modal_can,move:modal_can,singleton,single-seed,I can visit at the office.,,928,246.0,378.0,553.0,642.0,467.0,662.0,717.0,830.0,729.0,669.0,2.0,246,928,467,53,662.0,642.0,378.0,830.0,717.0,553.0,107.0,146.0,246,467.0,928.0,53.0,662.0,107.0,146.0,669.0,450.0,642.0,378.0,553.0,928;246;378;553;642;467;662;717;830;729;669;2,246;928;467;53;662;642;378;830;717;553;107;146,246;467;928;53;662;107;146;669;450;642;378;553,53;107;146;246;378;467;553;642;662;669;717;830;928,13,246;378;467;553;642;662;928,7,26,6,928;246;378;642;553;467;662;717;830;729;669;2,246;467;928;53;107;146;183;378;450;553;642;662,246;928;467;146;662;642;717;553;378;107;830;53,53;107;146;246;378;467;553;642;662;717;830;928,246;378;467;553;642;662;928,53;107;146;246;378;467;553;642;662;717;830;928,246;378;467;553;642;662;928,,,0,,
328,train,sem_0021,call:decl,para4,lex,They call my mother.,196;392;435,964,370.0,257.0,127.0,213.0,60.0,45.0,285.0,599.0,368.0,605.0,265.0,213,964,257,370,127.0,60.0,265.0,285.0,368.0,599.0,121.0,823.0,213,368.0,127.0,265.0,257.0,370.0,964.0,599.0,60.0,285.0,121.0,823.0,964;370;257;127;213;60;45;285;599;368;605;265,213;964;257;370;127;60;265;285;368;599;121;823,213;368;127;265;257;370;964;599;60;285;121;823,60;121;127;213;257;265;285;368;370;599;823;964,12,60;127;213;257;265;285;368;370;599;964,10,20,4,370;964;257;127;213;60;285;45;599;368;265;58,213;60;127;257;265;285;368;370;599;964;121;823,964;257;370;213;60;127;368;265;285;599;121;358,60;121;127;213;257;265;285;368;370;599;964,60;127;213;257;265;285;368;370;599;964,60;121;127;196;213;257;265;285;368;370;392;435;599;964,60;127;196;213;257;265;285;368;370;392;435;599;964,368;257;964;285;370;213;127;66;599;400;739;631;133;45;693;60;22,22;45;60;66;127;133;213;257;285;368;370;400;599;631;693;739;964,17,213;368;127;285;964;257;66;739;599;133,213;368;127;285;964;257;66;739;599;133
329,train,sem_seed_eat_because_cause,eat:because_cause,singleton,single-seed,"She have lunch, because it is warm.",,584,482.0,710.0,206.0,510.0,795.0,799.0,988.0,279.0,924.0,912.0,564.0,799,510,710,924,482.0,6.0,584.0,206.0,347.0,130.0,564.0,279.0,510,799.0,836.0,680.0,625.0,710.0,482.0,6.0,924.0,130.0,584.0,779.0,584;482;710;206;510;795;799;988;279;924;912;564,799;510;710;924;482;6;584;206;347;130;564;279,510;799;836;680;625;710;482;6;924;130;584;779,6;130;206;279;482;510;564;584;710;799;924,11,482;510;584;710;799;924,6,35,7,584;279;564;206;710;482;510;924;988;779;795;912,510;799;836;6;482;625;680;710;924;130;206;279,799;510;924;6;482;710;912;206;584;564;279;779,6;206;279;482;510;564;584;710;779;799;912;924,206;279;482;510;710;924,6;206;279;482;510;564;584;710;779;799;912;924,206;279;482;510;710;924,836,836,1,,
330,train,sem_0200,watch:decl,para3,lex,They observe a show.,117;780,418,390.0,150.0,719.0,524.0,490.0,991.0,792.0,558.0,861.0,713.0,935.0,390,418,150,197,258.0,780.0,743.0,517.0,458.0,117.0,912.0,935.0,390,258.0,418.0,197.0,780.0,743.0,517.0,458.0,117.0,150.0,281.0,274.0,418;390;150;719;524;490;991;792;558;861;713;935,390;418;150;197;258;780;743;517;458;117;912;935,390;258;418;197;780;743;517;458;117;150;281;274,117;150;197;258;390;418;458;517;743;780;935,11,150;390;418,3,20,4,418;390;150;719;524;991;490;792;861;558;713;935,197;258;390;418;780;517;743;117;150;458;33;43,390;418;150;258;197;780;517;743;458;117;490;524,117;150;197;258;390;418;458;490;517;524;743;780,150;390;418,117;150;197;258;390;418;458;490;517;524;743;780,117;150;390;418;780,390;780;418;52;618,52;150;197;390;418;517;618;780,8,390;418;780;52;150;517;618;197,390;418;780;52;150;517;618;197
331,train,sem_single_0903,watch:wh_when,singleton,single,When do They watch?,,35,816.0,681.0,633.0,,,,,,,,,816,35,204,324,373.0,725.0,843.0,970.0,886.0,97.0,896.0,681.0,35,816.0,970.0,633.0,864.0,843.0,324.0,681.0,234.0,373.0,886.0,725.0,35;816;681;633,816;35;204;324;373;725;843;970;886;97;896;681,35;816;970;633;864;843;324;681;234;373;886;725,35;324;373;633;681;725;816;843;886;970,10,35;681;816,3,19,4,35;816;681;633,35;816;97;162;204;234;324;373;496;575;633;681,816;35;324;843;97;725;373;886;204;970;896;633,35;97;204;324;373;633;681;816,35;633;816,35;97;204;324;373;633;681;816,35;633;816,,,0,,
332,train,sem_0227,pref:front_time,para3,order,"Now, I enjoy juice.",289;516,516,116.0,225.0,774.0,,,,,,,,,516,225,116,727,774.0,654.0,798.0,491.0,926.0,821.0,807.0,632.0,516,225.0,116.0,774.0,654.0,491.0,798.0,727.0,,,,,516;116;225;774,516;225;116;727;774;654;798;491;926;821;807;632,516;225;116;774;654;491;798;727,116;225;491;516;654;727;774;798,8,116;225;516;774,4,19,4,516;116;225,516;225;116;654;774;491;727;798,516;225;116;727;774;654;798;491;926;821;807;501,116;225;491;516;654;727;774;798,116;225;516,116;225;289;491;516;654;727;774;798,116;225;289;516,516;116;225,116;225;516;728,4,516;225;116;728,516;225;116;728
333,train,sem_0043,learn:decl,para4,lex,I practice a novel.,477;704;926,702,321.0,502.0,543.0,752.0,28.0,537.0,187.0,347.0,24.0,269.0,,702,321,28,261,241.0,85.0,871.0,626.0,502.0,752.0,543.0,158.0,871,261.0,321.0,241.0,702.0,85.0,28.0,626.0,158.0,477.0,939.0,481.0,702;321;502;543;752;28;537;187;347;24;269,702;321;28;261;241;85;871;626;502;752;543;158,871;261;321;241;702;85;28;626;158;477;939;481,28;85;158;241;261;321;502;543;626;702;752;871,12,28;321;702,3,19,4,702;321;502;543;752;28;187;537;24,85;241;261;321;702;871;28;626;158;4;78;90,702;321;28;261;871;241;85;543;752;502;626;187,28;85;187;241;261;321;502;543;626;702;752;871,28;321;702,28;85;187;241;261;321;477;502;543;626;702;704;752;871;926,28;321;477;702;704;926,702;321,28;321;702;871,4,321;702;871;28,321;702;871;28
334,train,sem_0126,acq:decl,para3,base,He get a computer.,406;417,772,760.0,365.0,406.0,985.0,569.0,601.0,481.0,566.0,959.0,706.0,697.0,406,772,760,365,985.0,569.0,426.0,868.0,697.0,481.0,601.0,566.0,772,569.0,406.0,365.0,760.0,426.0,868.0,985.0,732.0,706.0,178.0,167.0,772;760;365;406;985;569;601;481;566;959;706;697,406;772;760;365;985;569;426;868;697;481;601;566,772;569;406;365;760;426;868;985;732;706;178;167,365;406;426;481;566;569;601;697;706;760;772;868;985,13,365;406;569;760;772;985,6,18,4,772;760;365;406;985;569;601;566;481;959;706;697,569;772;406;365;426;760;868;985;4;16;38;74,772;406;365;760;569;985;868;426;481;601;566;706,365;406;426;481;566;569;601;706;760;772;868;985,365;406;569;760;772;985,365;406;417;426;481;566;569;601;706;760;772;868;985,365;406;417;569;760;772;985,406,406;760;772;959,4,406;760;772;959,406;760;772;959
335,train,sem_0066,pref:decl,para3,base,I like pizza.,685;798,685,869.0,218.0,705.0,102.0,994.0,463.0,289.0,443.0,529.0,,,685,443,289,617,869.0,503.0,774.0,565.0,754.0,51.0,491.0,120.0,685,289.0,565.0,503.0,443.0,774.0,869.0,491.0,120.0,51.0,617.0,754.0,685;869;218;705;102;994;463;289;443;529,685;443;289;617;869;503;774;565;754;51;491;120,685;289;565;503;443;774;869;491;120;51;617;754,51;120;289;443;491;503;565;617;685;754;774;869,12,289;443;685;869,4,13,3,685;869;218;705;102;994;463;529;289;443,685;289;443;503;565;774;869;51;120;491;617;754,685;443;289;503;565;774;869;617;491;51;120;754,51;120;289;443;491;503;565;617;685;754;774;869,289;443;685;869,51;120;289;443;491;503;565;617;685;754;774;798;869,289;443;685;798;869,774;685;501;869;565;51;37;707;503;705,37;51;501;503;565;685;705;707;774;869,10,774;685;501;869;37;707;51,774;685;501;869;37;707;51
336,train,sem_0236,pref:decl,para3,lex,She enjoy a novel.,794;810,541,372.0,27.0,603.0,457.0,798.0,632.0,600.0,316.0,737.0,501.0,116.0,541,27,372,457,603.0,321.0,737.0,949.0,515.0,519.0,660.0,361.0,737,949.0,515.0,541.0,321.0,603.0,519.0,27.0,372.0,361.0,660.0,650.0,541;372;27;603;457;798;632;600;316;737;501;116,541;27;372;457;603;321;737;949;515;519;660;361,737;949;515;541;321;603;519;27;372;361;660;650,27;321;361;372;457;515;519;541;603;660;737;949,12,27;372;541;603;737,5,18,4,541;27;457;603;372;316;798;600;737;501;116;632,321;515;541;603;737;949;27;361;372;519;660;457,541;372;27;603;457;321;737;515;949;361;519;660,27;321;361;372;457;515;519;541;603;660;737;949,27;372;457;541;603;737,27;321;361;372;457;515;519;541;603;660;737;794;810;949,27;372;457;541;603;737;794;810,541;949;515;660;737,27;372;515;541;650;660;737;949,8,541;27;660;949;737;650;372,541;27;660;949;737;650;372
337,train,sem_0130,pref:decl,para3,lex,I prefer music.,522;995,446,78.0,812.0,342.0,,,,,,,,,78,725,424,443,825.0,201.0,638.0,53.0,482.0,,,,424,443.0,825.0,638.0,78.0,201.0,725.0,,,,,,446;78;812;342,78;725;424;443;825;201;638;53;482,424;443;825;638;78;201;725,78;201;424;443;638;725;825,7,78,1,15,3,446;78,424;443;825;78;201;638;725,825;443;424;78;725;201;638;53;757;904;686;432,78;201;424;443;638;725;825,78,78;201;424;443;522;638;725;825;995,78;522;995,78;443,78;443,2,443;78,443;78
338,train,sem_0278,move:decl,para3,base,They arrive at the cafe.,468;977,404,140.0,977.0,61.0,873.0,12.0,874.0,554.0,744.0,596.0,378.0,553.0,977,404,140,744,346.0,61.0,12.0,873.0,553.0,93.0,378.0,146.0,977,140.0,744.0,404.0,378.0,346.0,93.0,521.0,61.0,12.0,873.0,146.0,404;140;977;61;873;12;874;554;744;596;378;553,977;404;140;744;346;61;12;873;553;93;378;146,977;140;744;404;378;346;93;521;61;12;873;146,12;61;93;140;146;346;378;404;553;744;873;977,12,12;61;140;378;404;744;873;977,8,24,5,404;977;140;61;873;12;874;554;744;596;378;553,977;140;744;404;12;61;93;146;346;378;521;553,977;404;744;140;346;12;873;61;553;521;378;146,12;61;140;146;346;378;404;521;553;744;873;977,12;61;140;378;404;553;744;977,12;61;140;146;346;378;404;468;521;553;744;873;977,12;61;140;378;404;468;553;744;977,977,93;378;404;553;977,5,977;553;404;378;93,977;553;404;378;93
339,train,sem_0028,learn:decl,para4,base,They read music.,42;210;479,433,210.0,389.0,42.0,826.0,712.0,235.0,496.0,,,,,210,42,389,433,712.0,496.0,826.0,895.0,511.0,101.0,235.0,979.0,511,389.0,433.0,210.0,235.0,101.0,42.0,595.0,826.0,672.0,496.0,712.0,433;210;389;42;826;712;235;496,210;42;389;433;712;496;826;895;511;101;235;979,511;389;433;210;235;101;42;595;826;672;496;712,42;101;210;235;389;433;496;511;712;826,10,42;210;235;389;433;496;712;826,8,16,3,433;210;389;42;826;712;235;496,42;101;210;235;389;433;511;496;595;672;712;826,389;433;42;210;826;496;712;511;235;101;895;595,42;101;210;235;389;433;496;511;595;712;826,42;210;235;389;433;496;712;826,42;101;210;235;389;433;479;496;511;595;712;826,42;210;235;389;433;479;496;712;826,433;42;895;210,42;210;389;433;479;895,6,433;895;42;389;479,433;895;42;389;479
340,train,sem_0162,learn:perfect_pr,para3,tense,You have practiced a book.,752;992,269,502.0,752.0,28.0,702.0,187.0,321.0,,,,,,269,273,413,752,8.0,80.0,217.0,763.0,580.0,960.0,983.0,841.0,273,80.0,413.0,8.0,752.0,217.0,763.0,960.0,580.0,983.0,463.0,750.0,269;502;752;28;702;187;321,269;273;413;752;8;80;217;763;580;960;983;841,273;80;413;8;752;217;763;960;580;983;463;750,8;80;217;269;273;413;580;752;763;960;983,11,752,1,26,5,269;502;752;28;702;187;321,8;80;273;413;752;217;580;763;960;983;463;750,269;413;752;8;273;80;750;463;917;217;763;960,8;80;217;269;273;413;463;750;752;763;960,752,8;80;217;269;273;413;463;750;752;763;960;992,752;992,752,28;347;502;752,4,752;502;28;347,752;502;28;347
341,train,sem_seed_call_present_cont,call:present_cont,singleton,single-seed,He is texting my father.,,967,850.0,56.0,971.0,612.0,247.0,284.0,45.0,881.0,,,,461,284,953,817,612.0,130.0,175.0,247.0,831.0,689.0,439.0,45.0,817,953.0,612.0,284.0,461.0,247.0,831.0,130.0,175.0,,,,967;850;56;971;612;247;284;45;881,461;284;953;817;612;130;175;247;831;689;439;45,817;953;612;284;461;247;831;130;175,45;130;175;247;284;461;612;817;831;953,10,247;284;612,3,24,5,967;850;56,284;461;612;817;953;247;831;130;175,461;953;817;612;284;247;831;175;130;689;435;439,130;175;247;284;461;612;817;831;953,,130;175;247;284;461;612;817;831;953,,56;850;58;247;557;756,56;58;247;557;756;850,6,850;56;247,850;56;247
342,train,sem_0263,pref:decl,para3,lex,We prefer juice.,551;963,812,432.0,383.0,393.0,74.0,757.0,794.0,686.0,306.0,78.0,630.0,654.0,116,728,306,432,812.0,452.0,909.0,296.0,393.0,383.0,86.0,227.0,432,116.0,812.0,306.0,728.0,909.0,393.0,383.0,86.0,452.0,296.0,152.0,812;432;383;393;74;757;794;686;306;78;630;654,116;728;306;432;812;452;909;296;393;383;86;227,432;116;812;306;728;909;393;383;86;452;296;152,86;116;296;306;383;393;432;452;728;812;909,11,306;383;393;432;812,5,16,3,432;383;812;393;74;757;794,116;306;432;728;812;86;296;383;393;452;909;138,116;306;728;432;812;909;296;452;383;393;86;227,86;116;296;306;383;393;432;452;728;812;909,383;393;432;812,86;116;296;306;383;393;432;452;551;728;812;909;963,383;393;432;551;812;963,116;812;728;306;452;516,104;116;296;306;452;487;516;728;812,9,116;728;812;452;516;104;487;296,116;728;812;452;516;104;487;296
343,train,sem_seed_call_perfect_pr,call:perfect_pr,singleton,single-seed,They have called my father.,,547,45.0,127.0,906.0,605.0,689.0,461.0,435.0,953.0,,,,547,906,127,435,392.0,371.0,133.0,971.0,664.0,196.0,175.0,130.0,133,392.0,371.0,127.0,435.0,906.0,971.0,196.0,529.0,420.0,664.0,130.0,547;45;127;906;605;689;461;435;953,547;906;127;435;392;371;133;971;664;196;175;130,133;392;371;127;435;906;971;196;529;420;664;130,127;130;133;196;371;392;435;547;664;906;971,11,127;435;906,3,27,5,547;45;127;906;689;461;605;953;435,127;133;371;392;435;906;971;196;420;529;664;130,547;906;133;371;392;127;435;971;664;196;612;574,127;133;196;371;392;435;547;664;906;971,127;435;906,127;133;196;371;392;435;547;664;906;971,127;435;906,127;133;435;392;574;461,45;127;133;284;291;392;435;461;469;574;605;689;817;834;881,15,133;127;435;45;284;461;817;469;605;574;834;689;881;392;291,133;127;435;45;284;461;817;469;605;574;834;689;881;392;291
344,train,sem_0013,eat:decl,singleton,base,You order pizza.,,565,671.0,921.0,987.0,431.0,491.0,381.0,646.0,317.0,41.0,120.0,,987,565,671,921,491.0,431.0,381.0,463.0,707.0,646.0,317.0,908.0,707,921.0,671.0,565.0,463.0,987.0,75.0,646.0,491.0,431.0,317.0,908.0,565;671;921;987;431;491;381;646;317;41;120,987;565;671;921;491;431;381;463;707;646;317;908,707;921;671;565;463;987;75;646;491;431;317;908,317;381;431;463;491;565;646;671;707;908;921;987,12,317;431;491;565;646;671;921;987,8,16,3,565;671;921;987;491;431;381;646;317,463;565;671;707;921;987;75;491;646;317;431;908,671;987;565;921;491;431;463;707;381;646;75;908,75;317;381;431;463;491;565;646;671;707;908;921;987,431;491;565;646;671;921;987,75;317;381;431;463;491;565;646;671;707;908;921;987,431;491;565;646;671;921;987,565;671;987;707;463;120;503;491,41;120;268;381;411;431;436;463;491;503;520;565;577;671;705;707;921;987,18,671;565;987;707;491;503;268;120;577;411;921;520;463;431;381;436;705;41,671;565;987;707;491;503;268;120;577;411;921;520;463;431;381;436;705;41
345,train,sem_0065,eat:front_time,para3,order,"Yesterday, He have lunch.",157;184,184,879.0,836.0,493.0,538.0,247.0,960.0,848.0,,,,,184,960,493,836,879.0,848.0,305.0,538.0,451.0,216.0,247.0,532.0,184,278.0,757.0,836.0,791.0,493.0,486.0,218.0,567.0,770.0,879.0,562.0,184;879;836;493;538;247;960;848,184;960;493;836;879;848;305;538;451;216;247;532,184;278;757;836;791;493;486;218;567;770;879;562,184;247;493;538;836;848;879;960,8,184;493;836;879,4,25,4,184;836;879;493;538;247;960;532;848;351,184;218;278;486;493;562;567;757;766;770;791;836,184;836;879;493;960;305;848;538;766;278;567;757,184;278;493;538;567;757;766;836;848;879;960,184;493;836,157;184;278;493;538;567;757;766;836;848;879;960,157;184;493;836,184,184,1,184,184
346,train,sem_0003,move:front_place,para4,order,"at the library, We arrive.",12;379;649,12,379.0,210.0,264.0,304.0,10.0,961.0,92.0,222.0,498.0,153.0,61.0,12,61,379,874,873.0,977.0,338.0,140.0,744.0,404.0,183.0,210.0,12,61.0,379.0,874.0,183.0,378.0,744.0,977.0,146.0,140.0,873.0,82.0,12;379;210;264;304;10;961;92;222;498;153;61,12;61;379;874;873;977;338;140;744;404;183;210,12;61;379;874;183;378;744;977;146;140;873;82,12;61;140;183;210;379;744;873;874;977,10,12;61;379,3,26,5,12;379;210;304;264;10;961;92;498;222;61;153,12;61;379;874;82;140;146;183;338;378;744;873,12;61;874;379;977;744;873;338;140;183;404;554,12;61;140;183;338;379;744;873;874,12;61;379,12;61;140;183;338;379;649;744;873;874,12;61;379;649,12;379;82,12;82;379,3,12;82;379,12;82;379
347,train,sem_seed_learn_because_cause,learn:because_cause,singleton,single-seed,"You practice a book, because it is warm.",,752,482.0,206.0,710.0,988.0,795.0,279.0,510.0,912.0,502.0,799.0,329.0,357,799,510,912,988.0,206.0,795.0,279.0,584.0,779.0,564.0,710.0,752,564.0,279.0,988.0,951.0,206.0,584.0,779.0,912.0,795.0,510.0,799.0,752;482;206;710;988;795;279;510;912;502;799;329,357;799;510;912;988;206;795;279;584;779;564;710,752;564;279;988;951;206;584;779;912;795;510;799,206;279;510;564;584;710;752;779;795;799;912;988,12,206;279;510;795;799;912;988,7,40,8,752;502;279;206;482;564;988;329;924;510;710;779,752;142;206;279;510;564;584;779;795;799;912;951,6;710;329;482;924;912;779;279;988;795;584;206,206;279;329;482;510;564;584;710;752;779;795;912;924;988,206;279;779,206;279;329;482;510;564;584;710;752;779;795;912;924;988,206;279;779,,340;752,2,752;340,752;340
348,train,sem_0032,acq:decl,para4,base,We buy a song.,446;797;966,966,797.0,959.0,417.0,637.0,737.0,657.0,892.0,139.0,984.0,473.0,651.0,966,959,657,892,781.0,833.0,168.0,398.0,997.0,83.0,578.0,797.0,966,398.0,892.0,833.0,168.0,997.0,781.0,959.0,83.0,578.0,550.0,797.0,966;797;959;417;637;737;657;892;139;984;473;651,966;959;657;892;781;833;168;398;997;83;578;797,966;398;892;833;168;997;781;959;83;578;550;797,83;168;398;578;657;781;797;833;892;959;966;997,12,797;892;959;966,4,14,4,966;959;637;737;417;657;797;892;139;984;473;124,966;168;398;781;833;892;959;997;83;550;578;797,966;959;657;997;398;781;168;833;892;578;550;83,83;168;398;550;578;657;781;797;833;892;959;966;997,892;959;966,83;168;398;446;550;578;657;781;797;833;892;959;966;997,446;797;892;959;966,797;578;657;966,398;578;657;797;966,5,797;578;657;398;966,797;578;657;398;966
349,train,sem_0246,eat:future_will,para3,tense,They will eat pizza.,436;678,436,707.0,932.0,899.0,252.0,,,,,,,,436,932,707,899,252.0,680.0,571.0,922.0,677.0,661.0,37.0,50.0,436,707.0,37.0,411.0,987.0,577.0,932.0,50.0,922.0,529.0,252.0,677.0,436;707;932;899;252,436;932;707;899;252;680;571;922;677;661;37;50,436;707;37;411;987;577;932;50;922;529;252;677,37;50;252;436;677;707;899;922;932,9,252;436;707;932,4,20,4,436;707;932;899,436;37;50;411;529;577;707;922;932;987;252;661,436;932;707;899;252;922;677;987;37;529;50;577,37;50;252;436;529;577;707;899;922;932;987,436;707;932,37;50;252;436;529;577;678;707;899;922;932;987,436;678;707;932,436;37;804;529;411,37;50;252;381;411;436;529;577;671;705;707;804;987,13,436;804;381;252;411;987;577;37;671;529;707;705;50,436;804;381;252;411;987;577;37;671;529;707;705;50
350,train,sem_0223,call:decl,para3,base,She text a friend.,229;264,862,820.0,776.0,264.0,250.0,459.0,355.0,295.0,26.0,356.0,205.0,380.0,264,820,862,459,776.0,250.0,355.0,26.0,295.0,297.0,369.0,850.0,355,820.0,862.0,26.0,264.0,776.0,459.0,250.0,295.0,369.0,297.0,416.0,862;820;776;264;250;459;355;295;26;356;205;380,264;820;862;459;776;250;355;26;295;297;369;850,355;820;862;26;264;776;459;250;295;369;297;416,26;250;264;295;297;355;369;459;776;820;862,11,26;250;264;295;355;459;776;820;862,9,18,4,862;820;776;264;250;459;355;356;26;178;380;952,26;355;820;862;264;250;295;459;776;297;369;14,820;862;264;250;776;459;355;26;850;174;295;297,26;250;264;295;297;355;459;776;820;862,26;250;264;355;459;776;820;862,26;229;250;264;295;297;355;459;776;820;862,26;229;250;264;355;459;776;820;862,862;820;26;264;250,26;250;264;776;820;862,6,26;862;776;820,26;862;776;820
351,train,sem_seed_play_front_time,play:front_time,singleton,single-seed,"Yesterday, She play a game.",,464,462.0,808.0,810.0,485.0,512.0,88.0,386.0,145.0,837.0,801.0,448.0,464,485,386,88,448.0,808.0,801.0,837.0,512.0,462.0,810.0,145.0,464,462.0,524.0,512.0,808.0,648.0,801.0,837.0,145.0,940.0,386.0,485.0,464;462;808;810;485;512;88;386;145;837;801;448,464;485;386;88;448;808;801;837;512;462;810;145,464;462;524;512;808;648;801;837;145;940;386;485,88;145;386;448;462;464;485;512;801;808;810;837,12,145;386;462;464;485;512;801;808;837,9,27,5,464;462;808;485;810;512;88;386;837;145;801;448,464;462;512;524;648;801;808;837;88;145;386;485,464;485;448;386;88;462;808;837;512;801;810;145,88;145;386;448;462;464;485;512;801;808;810;837,88;145;386;462;464;485;512;801;808;837,88;145;386;448;462;464;485;512;801;808;810;837,88;145;386;462;464;485;512;801;808;837,464,464,1,464,464
352,train,sem_0006,move:decl,para4,lex,I jog to the town.,71;173;936,286,619.0,23.0,948.0,669.0,973.0,608.0,429.0,936.0,715.0,9.0,415.0,286,948,23,669,429.0,936.0,608.0,71.0,173.0,945.0,790.0,853.0,669,23.0,936.0,608.0,71.0,948.0,286.0,173.0,945.0,429.0,790.0,973.0,286;619;23;948;669;973;608;429;936;715;9;415,286;948;23;669;429;936;608;71;173;945;790;853,669;23;936;608;71;948;286;173;945;429;790;973,23;71;173;286;429;608;669;790;936;945;948;973,12,23;286;429;608;669;936;948,7,18,5,286;23;948;669;608;936;973;619;715;429;415;17,23;71;286;608;669;936;948;173;429;790;945;17,286;669;948;23;608;936;71;429;173;945;790;853,17;23;71;173;286;429;608;669;790;936;945;948,23;286;429;608;669;936;948,17;23;71;173;286;429;608;669;790;936;945;948,23;71;173;286;429;608;669;936;948,936;286;619;948;173;23;71,23;71;173;286;619;936;948,7,286;936;619;173;948,286;936;619;173;948
353,train,sem_0027,pref:future_will,para4,tense,You will like a movie.,377;476;778,778,135.0,517.0,963.0,31.0,982.0,476.0,540.0,59.0,423.0,,,778,476,517,135,423.0,59.0,982.0,31.0,963.0,890.0,250.0,540.0,778,476.0,135.0,375.0,419.0,151.0,890.0,824.0,713.0,540.0,982.0,423.0,778;135;517;963;31;982;476;540;59;423,778;476;517;135;423;59;982;31;963;890;250;540,778;476;135;375;419;151;890;824;713;540;982;423,31;59;135;423;476;517;540;778;890;963;982,11,135;423;476;540;778;982,6,22,5,778;135;517;963;31;476;540;423;982;59,778;476;135;151;375;419;713;824;890;59;250;423,778;476;135;517;31;963;423;59;982;890;713;151,31;59;135;151;423;476;517;713;778;890;963;982,59;135;423;476;778,31;59;135;151;377;423;476;517;713;778;890;963;982,59;135;377;423;476;778,778;135;531;419,135;377;419;531;778,5,778;135;377,778;135;377
354,train,sem_seed_acq_front_time,acq:front_time,singleton,single-seed,"Today, They order a sandwich.",,604,624.0,741.0,14.0,646.0,908.0,317.0,10.0,393.0,500.0,784.0,678.0,604,741,646,624,14.0,908.0,317.0,10.0,584.0,72.0,181.0,586.0,604,14.0,749.0,741.0,646.0,568.0,677.0,678.0,99.0,624.0,181.0,908.0,604;624;741;14;646;908;317;10;393;500;784;678,604;741;646;624;14;908;317;10;584;72;181;586,604;14;749;741;646;568;677;678;99;624;181;908,10;14;181;317;604;624;646;678;741;908,10,14;604;624;646;741;908,6,29,5,604;624;741;14;646;908;317;10;393;784;678;987,604;14;99;568;624;646;677;678;741;749;72;181,604;14;624;646;741;908;317;987;976;784;586;181,14;181;317;604;624;646;678;741;784;908;987,14;604;624;646;741,14;181;317;604;624;646;678;741;784;908;987,14;604;624;646;741,604;317,14;99;317;568;604;624;646;677;678;749;908,11,604;317;908;646;749;568;624;678;677;14;99,604;317;908;646;749;568;624;678;677;14;99
355,train,sem_0138,social:decl,para3,base,She meet a friend.,282;295,295,369.0,142.0,350.0,862.0,820.0,776.0,26.0,356.0,205.0,261.0,380.0,295,369,142,748,26.0,350.0,297.0,264.0,261.0,799.0,647.0,782.0,295,369.0,350.0,26.0,297.0,264.0,952.0,336.0,949.0,321.0,416.0,430.0,295;369;142;350;862;820;776;26;356;205;261;380,295;369;142;748;26;350;297;264;261;799;647;782,295;369;350;26;297;264;952;336;949;321;416;430,26;142;261;264;295;297;350;369,8,26;295;350;369,4,18,4,295;369;142;350;862;820;356;26;178;380;776;952,295;369;26;350;297;264;14;34;63;142;178;180,295;369;748;142;26;350;261;647;297;264;782;799,26;142;178;264;295;297;350;369,26;142;295;350;369,26;142;178;264;282;295;297;350;369,26;142;282;295;350;369,295;26,26;295;369,3,295;369,295;369
356,train,sem_0002,call:decl,para4,lex,He contact a friend.,308;547;709,952,297.0,480.0,298.0,817.0,776.0,862.0,350.0,178.0,820.0,295.0,355.0,952,297,480,178,307.0,776.0,817.0,416.0,26.0,862.0,355.0,659.0,178,952.0,307.0,776.0,297.0,480.0,541.0,991.0,820.0,513.0,534.0,231.0,952;297;480;298;817;776;862;350;178;820;295;355,952;297;480;178;307;776;817;416;26;862;355;659,178;952;307;776;297;480;541;991;820;513;534;231,178;297;307;355;480;776;817;820;862;952,10,178;297;480;776;952,5,20,4,952;297;480;298;817;862;350;291;631;202;178;820,178;952;307;776;297;480;16;26;34;38;74;159,952;297;178;480;817;776;307;862;350;355;380;659,178;297;307;350;480;776;817;862;952,178;297;480;952,178;297;307;308;350;480;547;709;776;817;862;952,178;297;308;480;547;709;952,178;952;817,26;178;298;480;817;952,6,178;952;298;26;480,178;952;298;26;480
357,train,sem_seed_move_because_cause,move:because_cause,singleton,single-seed,"You come to the library, because it is warm.",,482,206.0,710.0,82.0,329.0,279.0,795.0,988.0,510.0,799.0,6.0,924.0,527,347,710,924,329.0,6.0,482.0,988.0,510.0,564.0,584.0,206.0,347,527.0,544.0,82.0,583.0,115.0,482.0,924.0,329.0,710.0,6.0,130.0,482;206;710;82;329;279;795;988;510;799;6;924,527;347;710;924;329;6;482;988;510;564;584;206,347;527;544;82;583;115;482;924;329;710;6;130,6;82;206;329;347;482;510;527;710;924;988,11,6;329;482;710;924,5,44,9,82;279;329;564;206;482;779;924;988;710;510;795,347;527;82;544;583;115;6;329;482;710;924;130,527;347;82;6;329;924;710;482;584;510;564;206,6;82;206;329;347;482;510;527;564;710;924,82;329;482;710;924,6;82;206;329;347;482;510;527;564;710;924,82;329;482;710;924,,,0,,
358,train,sem_0018,call:decl,para4,lex,You call my teacher.,250;459;820,276,709.0,60.0,907.0,514.0,434.0,288.0,308.0,238.0,44.0,547.0,942.0,434,709,276,60,514.0,907.0,308.0,288.0,942.0,262.0,44.0,782.0,276,942.0,782.0,709.0,44.0,262.0,60.0,434.0,907.0,761.0,514.0,238.0,276;709;60;907;514;434;288;308;238;44;547;942,434;709;276;60;514;907;308;288;942;262;44;782,276;942;782;709;44;262;60;434;907;761;514;238,44;60;238;262;276;288;308;434;514;709;782;907;942,13,44;60;276;434;514;709;907;942,8,20,4,709;276;60;907;514;434;288;308;547;238;942;756,44;60;262;276;709;782;942;434;238;514;761;907,709;276;60;434;514;907;44;782;262;942;288;308,44;60;238;262;276;288;308;434;514;709;782;907;942,60;276;434;514;709;907;942,44;60;238;250;262;276;288;308;434;459;514;709;782;820;907;942,60;250;276;434;459;514;709;820;907;942,60;262;942;276;709;927;434;907;547;238;773;981;782,44;60;238;262;276;434;547;709;773;782;907;927;942;981,14,60;434;262;782;44;276;942;547;907;981;709,60;434;262;782;44;276;942;547;907;981;709
359,train,sem_0024,play:perfect_pr,para4,tense,You have played music.,141;448;473,275,580.0,221.0,634.0,311.0,269.0,688.0,463.0,,,,,275,580,221,269,395.0,141.0,193.0,448.0,445.0,750.0,463.0,917.0,275,580.0,750.0,917.0,193.0,463.0,141.0,395.0,507.0,269.0,848.0,731.0,275;580;221;634;311;269;688;463,275;580;221;269;395;141;193;448;445;750;463;917,275;580;750;917;193;463;141;395;507;269;848;731,141;193;221;269;275;395;463;580;750;917,10,269;275;463;580,4,22,4,275;580;221;634;311;269;688;463;141,275;580;141;193;395;463;750;917;75;80;269;445,275;580;221;269;193;395;141;917;750;463;445;448,141;193;221;269;275;395;445;463;580;750;917,141;269;275;463;580,141;193;221;269;275;395;445;448;463;473;580;750;917,141;269;275;448;463;473;580,275;141;395;656,141;147;275;395;473;656,6,275;141;147;656;473,275;141;147;656;473
360,train,sem_0249,learn:decl,para3,base,I read a book.,,877,460.0,758.0,704.0,477.0,775.0,989.0,900.0,167.0,226.0,826.0,949.0,877,460,758,704,394.0,477.0,939.0,4.0,733.0,926.0,290.0,28.0,394,704.0,477.0,460.0,4.0,877.0,939.0,290.0,733.0,926.0,28.0,96.0,877;460;758;704;477;775;989;900;167;226;826;949,877;460;758;704;394;477;939;4;733;926;290;28,394;704;477;460;4;877;939;290;733;926;28;96,4;28;290;394;460;477;704;733;758;877;926;939,12,460;477;704;877,4,14,4,877;460;758;704;477;775;989;167;900;226;826;949,4;394;460;477;704;877;939;28;290;733;926;96,460;877;758;4;477;704;394;939;28;733;926;290,4;28;290;394;460;477;704;733;758;877;926;939,460;477;704;877,4;28;290;394;460;477;704;733;758;877;926;939,460;477;704;877,460;704;477;877;394;226;992;96;4;926,4;96;226;394;460;477;704;877;926;992,10,460;877,460;877
361,train,sem_0092,acq:future_will,para3,tense,She will buy a novel.,592;737,423,737.0,519.0,27.0,626.0,540.0,,,,,,,737,423,519,27,626.0,540.0,637.0,949.0,336.0,321.0,515.0,510.0,737,423.0,519.0,321.0,515.0,637.0,336.0,949.0,27.0,540.0,660.0,626.0,423;737;519;27;626;540,737;423;519;27;626;540;637;949;336;321;515;510,737;423;519;321;515;637;336;949;27;540;660;626,27;321;336;423;515;519;540;626;637;737;949,11,27;423;519;540;626;737,6,21,5,423;737;27;519;540;626,737;423;519;321;336;515;637;949;27;540;626;660,737;423;519;27;540;626;637;515;336;949;321;31,27;321;336;423;515;519;540;626;637;737;949,27;423;519;540;626;737,27;321;336;423;515;519;540;592;626;637;737;949,27;423;519;540;592;626;737,737;519;423;949;660,27;241;423;519;660;737;949,7,737;241;27;660;519;949,737;241;27;660;519;949
362,train,sem_seed_watch_front_place,watch:front_place,singleton,single-seed,"in school, We see a show.",,618,451.0,363.0,849.0,780.0,315.0,,,,,,,618,117,849,363,451.0,780.0,119.0,315.0,240.0,52.0,410.0,889.0,618,363.0,849.0,117.0,240.0,52.0,780.0,734.0,451.0,410.0,155.0,889.0,618;451;363;849;780;315,618;117;849;363;451;780;119;315;240;52;410;889,618;363;849;117;240;52;780;734;451;410;155;889,52;117;240;315;363;410;451;618;780;849;889,11,363;451;618;780;849,5,25,6,618;451;363;849;780;315,618;363;849;117;52;240;780;155;410;451;734;889,618;117;780;363;849;451;240;315;52;119;809;649,52;117;240;315;363;451;618;780;849,363;451;618;780;849,52;117;240;315;363;451;618;780;849,363;451;618;780;849,618,618,1,,
363,train,sem_single_0991,acq:front_place,singleton,single,"in school, We purchase a sandwich.",,735,749.0,362.0,451.0,849.0,652.0,248.0,204.0,230.0,241.0,578.0,,849,362,451,735,749.0,315.0,578.0,911.0,741.0,652.0,649.0,204.0,362,849.0,749.0,177.0,735.0,118.0,393.0,578.0,451.0,944.0,138.0,726.0,735;749;362;451;849;652;248;204;230;241;578,849;362;451;735;749;315;578;911;741;652;649;204,362;849;749;177;735;118;393;578;451;944;138;726,204;362;451;578;652;735;749;849,8,362;451;578;735;749;849,6,34,6,735;749;362;451;849;652;248;204;230;241;578,362;849;118;177;393;735;749;138;451;578;944;470,362;849;451;735;749;315;652;578;649;204;809;393,204;362;393;451;578;652;735;749;849,362;451;578;735;749;849,204;362;393;451;578;652;735;749;849,362;451;578;735;749;849,,,0,,
364,train,sem_0060,learn:decl,para3,base,She review music.,260;989,789,260.0,193.0,235.0,518.0,629.0,515.0,3.0,672.0,20.0,859.0,587.0,260,518,235,193,789.0,3.0,515.0,629.0,609.0,20.0,699.0,542.0,260,193.0,542.0,789.0,518.0,235.0,699.0,688.0,560.0,515.0,629.0,609.0,789;260;193;235;518;629;515;3;672;20;859;587,260;518;235;193;789;3;515;629;609;20;699;542,260;193;542;789;518;235;699;688;560;515;629;609,3;20;193;235;260;515;518;542;609;629;699;789,12,193;235;260;515;518;629;789,7,17,3,789;260;193;235;518;629;3;515;20;672;859;587,260;193;235;518;542;688;699;789;515;560;609;629,260;789;235;193;518;629;609;515;688;699;542;3,3;193;235;260;515;518;542;609;629;688;699;789,193;235;260;515;518;629;789,3;193;235;260;515;518;542;609;629;688;699;789;989,193;235;260;515;518;629;789;989,260;518;789;235;193;20;699;672;629,20;193;235;260;518;629;672;699;789,9,789;235;518;193;672,789;235;518;193;672
365,train,sem_single_0905,acq:emph_do,singleton,single,They do get a computer.,,772,334.0,760.0,406.0,985.0,137.0,706.0,697.0,601.0,569.0,481.0,566.0,772,985,334,760,406.0,993.0,697.0,706.0,897.0,568.0,163.0,421.0,772,985.0,706.0,568.0,697.0,897.0,334.0,163.0,901.0,760.0,181.0,421.0,772;334;760;406;985;137;706;697;601;569;481;566,772;985;334;760;406;993;697;706;897;568;163;421,772;985;706;568;697;897;334;163;901;760;181;421,163;334;406;421;568;697;706;760;772;897;985,11,334;697;706;760;772;985,6,23,5,772;334;406;760;985;706;569;601;697;566;959;481,772;334;568;697;706;897;985;137;163;181;421;760,772;334;985;760;406;993;697;706;897;568;163;421,163;334;406;421;568;697;706;760;772;897;985,334;697;706;760;772;985,163;334;406;421;568;697;706;760;772;897;985,334;697;706;760;772;985,772,137;760;772,3,772;137;760,772;137;760
366,train,sem_0019,eat:present_cont,para4,tense,You are ordering a sandwich.,463;646;908,14,696.0,624.0,646.0,604.0,317.0,500.0,787.0,504.0,200.0,80.0,354.0,55,492,787,200,646.0,80.0,763.0,960.0,908.0,317.0,696.0,46.0,646,80.0,763.0,908.0,317.0,200.0,696.0,960.0,785.0,531.0,55.0,46.0,14;696;624;646;604;317;500;787;504;200;80;354,55;492;787;200;646;80;763;960;908;317;696;46,646;80;763;908;317;200;696;960;785;531;55;46,46;55;80;200;317;646;696;763;787;908;960,11,80;200;317;646;696,5,28,5,14;624;646;604;317;696;354;80;504,80;646;200;317;696;763;908;960;785;46;55;492,787;80;646;200;492;55;494;445;696;908;960;317,55;80;200;317;492;646;696;908;960,80;317;646;696,55;80;200;317;463;492;646;696;908;960,80;317;463;646;696;908,646;624;317;604,14;80;317;604;624;646;735;749,8,646;624;317;604;735;14;80;749,646;624;317;604;735;14;80;749
367,train,sem_single_0979,call:past_simple,singleton,single,We texted my mother.,,701,58.0,599.0,403.0,125.0,964.0,66.0,370.0,257.0,400.0,693.0,328.0,66,701,631,285,693.0,58.0,265.0,676.0,400.0,328.0,370.0,599.0,701,66.0,692.0,58.0,739.0,328.0,257.0,574.0,631.0,676.0,667.0,693.0,701;58;599;403;125;964;66;370;257;400;693;328,66;701;631;285;693;58;265;676;400;328;370;599,701;66;692;58;739;328;257;574;631;676;667;693,58;66;257;328;370;400;599;631;676;693;701,11,58;66;328;693;701,5,20,4,701;58;599;403;125;370,66;701;58;257;265;285;328;368;370;400;574;599,701;66;257;400;265;599;285;328;368;676;631;964,58;66;257;265;285;328;368;370;400;599;701,599;701,58;66;257;265;285;328;368;370;400;599;701,599;701,701;599;58;66;850,58;66;599;701;850,5,701;58;599;66;850,701;58;599;66;850
368,train,sem_0115,call:decl,para3,base,They phone my mother.,,400,66.0,693.0,133.0,927.0,881.0,574.0,284.0,664.0,834.0,125.0,328.0,400,693,66,285,599.0,328.0,265.0,927.0,133.0,121.0,213.0,823.0,599,927.0,285.0,66.0,265.0,133.0,400.0,693.0,328.0,121.0,213.0,823.0,400;66;693;133;927;881;574;284;664;834;125;328,400;693;66;285;599;328;265;927;133;121;213;823,599;927;285;66;265;133;400;693;328;121;213;823,66;121;133;213;265;285;328;400;599;693;823;927,12,66;133;328;400;693;927,6,21,4,400;66;693;133;927;881;284;574;664;834;328;125,66;133;265;285;328;400;599;693;927;121;213;664,400;693;66;285;328;265;599;927;133;121;213;367,66;121;133;213;265;285;328;400;599;664;693;927,66;133;328;400;693;927,66;121;133;213;265;285;328;400;599;664;693;927,66;133;328;400;693;927,328;66;133;285;400;693;391;599;257;125;964;927;213;574;370;739;631,66;125;133;213;257;285;328;370;391;400;574;599;631;693;701;739;927;964,18,285;66;133;599;328;400;964;739;213;693;927;574;701;257;631;125,285;66;133;599;328;400;964;739;213;693;927;574;701;257;631;125
369,train,sem_seed_social_negative_simple,social:negative_simple,singleton,single-seed,She does not meet a friend.,,297,355.0,295.0,860.0,307.0,142.0,350.0,441.0,691.0,862.0,249.0,700.0,297,355,295,748,860.0,700.0,441.0,223.0,691.0,142.0,307.0,903.0,297,355.0,295.0,700.0,860.0,26.0,748.0,350.0,559.0,307.0,219.0,441.0,297;355;295;860;307;142;350;441;691;862;249;700,297;355;295;748;860;700;441;223;691;142;307;903,297;355;295;700;860;26;748;350;559;307;219;441,142;295;297;307;350;355;441;691;700;748;860,11,295;297;307;355;441;700;860,7,27,6,355;297;295;307;860;142;350;903;249,297;355;295;700;860;26;350;748;219;307;441;559,297;355;748;295;441;700;860;223;307;691;903;969,295;297;307;350;355;441;700;748;860;903,295;297;307;355;860,295;297;307;350;355;441;700;748;860;903,295;297;307;355;860,297,295;297;355,3,355;295;297,355;295;297
370,train,sem_0086,call:decl,para3,lex,He call my mother.,284;461,257,964.0,328.0,213.0,709.0,45.0,127.0,605.0,58.0,514.0,276.0,308.0,328,964,257,213,709.0,58.0,676.0,514.0,802.0,308.0,403.0,60.0,964,58.0,709.0,676.0,257.0,328.0,514.0,802.0,213.0,308.0,403.0,285.0,257;964;328;213;709;45;127;605;58;514;276;308,328;964;257;213;709;58;676;514;802;308;403;60,964;58;709;676;257;328;514;802;213;308;403;285,58;213;257;308;328;403;514;676;709;802;964,11,58;213;257;308;328;514;709;964,8,18,4,257;964;328;213;45;709;127;605;721;58;276;308,58;257;328;676;709;964;514;802;213;308;403;45,964;328;257;213;709;58;676;514;802;308;45;358,45;58;213;257;308;328;514;676;709;802;964,45;58;213;257;308;328;709;964,45;58;213;257;284;308;328;461;514;676;709;802;964,45;58;213;257;284;308;328;461;709;964,257;328;45;693;284;631;58;709;368;964;817;285,45;58;257;284;285;328;368;400;631;676;693;709;817;964,14,257;693;964;58;45;709;676;400,257;693;964;58;45;709;676;400
371,train,sem_0054,social:decl,para4,lex,They make my father.,121;265;823,933,133.0,822.0,881.0,574.0,284.0,834.0,127.0,697.0,33.0,45.0,392.0,133,392,127,435,971.0,343.0,664.0,196.0,822.0,175.0,130.0,49.0,392,435.0,127.0,133.0,971.0,343.0,822.0,664.0,196.0,49.0,284.0,60.0,933;133;822;881;574;284;834;127;697;33;45;392,133;392;127;435;971;343;664;196;822;175;130;49,392;435;127;133;971;343;822;664;196;49;284;60,49;127;133;196;284;343;392;435;664;822;971,11,127;133;392;822,4,20,4,933;133;822;881;284;574;834;127;697;33;45;392,127;133;392;435;343;971;822;196;664;33;45;49,435;133;127;392;822;971;343;33;697;661;49;933,33;45;49;127;133;343;392;435;697;822;933;971,33;127;133;392;822,33;45;49;121;127;133;265;343;392;435;697;822;823;933;971,33;121;127;133;265;392;822;823,127,127,1,,
372,train,sem_seed_pref_modal_can,pref:modal_can,singleton,single-seed,You can enjoy a novel.,,541,336.0,27.0,457.0,603.0,798.0,594.0,,,,,,541,336,27,457,854.0,303.0,242.0,539.0,992.0,814.0,594.0,931.0,992,814.0,539.0,541.0,594.0,336.0,931.0,540.0,854.0,923.0,303.0,27.0,541;336;27;457;603;798;594,541;336;27;457;854;303;242;539;992;814;594;931,992;814;539;541;594;336;931;540;854;923;303;27,27;303;336;457;539;541;594;814;854;931;992,11,27;336;541;594,4,22,5,541;336;27;457;603,336;539;541;594;814;992;27;303;540;854;923;931,541;336;27;303;854;457;242;594;992;814;539;931,27;303;336;457;539;541;594;814;854;931;992,27;336;541,27;303;336;457;539;541;594;814;854;931;992,27;336;541,992;539;540,27;336;539;540;541;992,6,539;540;27;541;336,539;540;27;541;336
373,train,sem_single_0956,social:wh_when,singleton,single,When do I bring?,,126,886.0,324.0,725.0,312.0,,,,,,,,324,886,725,126,204.0,843.0,816.0,331.0,970.0,97.0,35.0,312.0,324,725.0,886.0,312.0,35.0,271.0,894.0,993.0,232.0,999.0,967.0,310.0,126;886;324;725;312,324;886;725;126;204;843;816;331;970;97;35;312,324;725;886;312;35;271;894;993;232;999;967;310,35;126;312;324;725;886,6,312;324;725;886,4,16,4,126;886;324;725;312,324;725;886;312;13;35;97;126;189;204;232;254,725;886;324;126;312;816;97;331;204;843;35;970,35;97;126;204;312;324;725;886,126;312;324;725;886,35;97;126;204;312;324;725;886,126;312;324;725;886,,,0,,
374,train,sem_0025,learn:decl,para4,base,He learn a novel.,499;854;877,871,499.0,854.0,519.0,923.0,997.0,255.0,771.0,263.0,394.0,281.0,919.0,499,854,871,519,923.0,541.0,167.0,231.0,27.0,457.0,965.0,771.0,499,854.0,231.0,541.0,871.0,167.0,923.0,27.0,519.0,457.0,965.0,587.0,871;499;854;519;923;997;255;771;263;394;281;919,499;854;871;519;923;541;167;231;27;457;965;771,499;854;231;541;871;167;923;27;519;457;965;587,27;167;231;457;499;519;541;771;854;871;923;965,12,499;519;854;871;923,5,17,4,871;499;854;519;771;263;923;997;255;394;281;422,499;854;167;231;541;871;27;519;923;457;965;16,499;854;871;923;519;231;541;167;27;997;263;255,27;167;231;255;263;499;519;541;854;871;923;997,499;519;854;871;923,27;167;231;255;263;499;519;541;854;871;877;923;997,499;519;854;871;877;923,231;499;541;854;167;871,27;167;231;499;519;541;814;854;871,9,854;231;519;871;499;541;167;814;27,854;231;519;871;499;541;167;814;27
375,train,sem_0266,acq:past_simple,para3,tense,You picked a movie.,131;824,824,442.0,59.0,5.0,698.0,185.0,778.0,,,,,,778,419,824,713,151.0,476.0,353.0,531.0,,,,,824,713.0,778.0,151.0,419.0,353.0,476.0,531.0,594.0,890.0,861.0,616.0,824;442;59;5;698;185;778,778;419;824;713;151;476;353;531,824;713;778;151;419;353;476;531;594;890;861;616,151;353;419;476;531;713;778;824,8,778;824,2,19,4,824;442;698,151;419;713;778;824;353;476;531;5;8;69;80,419;824;778;151;713;476;353;531;603;732;5;651,5;151;353;419;476;531;713;778;824,824,5;131;151;353;419;476;531;713;778;824,131;824,824;442;59;778;943;419;151,59;151;419;442;778;824;943,7,824;59,824;59
376,train,sem_0039,social:front_place,para4,order,"in the city, She finish a movie.",190;427;768,768,858.0,934.0,427.0,612.0,274.0,,,,,,,768,427,117,522,640.0,628.0,326.0,807.0,858.0,455.0,396.0,934.0,768,635.0,455.0,427.0,474.0,522.0,117.0,777.0,220.0,861.0,858.0,637.0,768;858;934;427;612;274,768;427;117;522;640;628;326;807;858;455;396;934,768;635;455;427;474;522;117;777;220;861;858;637,117;427;455;522;768;858;934,7,427;768;858,3,32,7,768;858;934;427;274,768;117;427;455;474;522;635;777;220;603;637;858,768;858;427;522;117;807;628;326;640;396;934;455,117;427;455;522;768;858;934,427;768;858,117;190;427;455;522;768;858;934,190;427;768;858,768,768,1,768,768
377,train,sem_0027,pref:decl,para4,lex,You love a film.,353;476;778,438,539.0,935.0,956.0,199.0,63.0,792.0,131.0,931.0,484.0,,,438,539,484,935,131.0,540.0,931.0,857.0,639.0,833.0,563.0,995.0,484,438.0,935.0,539.0,131.0,540.0,931.0,857.0,824.0,413.0,390.0,416.0,438;539;935;956;199;63;792;131;931;484,438;539;484;935;131;540;931;857;639;833;563;995,484;438;935;539;131;540;931;857;824;413;390;416,131;438;484;539;540;857;931;935,8,131;438;484;539;931;935,6,16,4,438;539;935;956;199;63;792;636;131;931;484,131;438;484;539;935;540;931;857;8;63;69;80,438;539;484;131;935;540;931;857;639;563;833;258,63;131;438;484;539;540;857;931;935,131;438;484;539;931;935,63;131;353;438;476;484;539;540;778;857;931;935,131;353;438;476;484;539;778;931;935,778;484,353;430;484;778,4,778;430;484;353,778;430;484;353
378,train,sem_0123,move:decl,para3,base,We visit at the cafe.,146;874,553,729.0,146.0,642.0,662.0,928.0,467.0,327.0,717.0,830.0,338.0,93.0,146,553,729,467,830.0,717.0,662.0,642.0,928.0,107.0,246.0,327.0,146,553.0,729.0,521.0,467.0,977.0,107.0,93.0,61.0,662.0,246.0,346.0,553;729;146;642;662;928;467;327;717;830;338;93,146;553;729;467;830;717;662;642;928;107;246;327,146;553;729;521;467;977;107;93;61;662;246;346,93;107;146;246;327;467;553;642;662;717;729;830;928,13,146;467;553;662;729,5,21,5,553;729;642;146;662;928;467;717;830;327;338;176,146;553;729;12;61;93;107;246;338;346;467;521,146;553;729;107;246;642;662;928;830;467;717;977,107;146;246;338;467;553;642;662;717;729;830;928,146;467;553;729,107;146;246;338;467;553;642;662;717;729;830;874;928,146;467;553;729;874,146;553;729,146;338;521;553;729;783,6,553;146;729;783;338;521,553;146;729;783;338;521
379,train,sem_0003,move:perfect_pr,para4,tense,We have arrived at the library.,12;346;649,12,384.0,596.0,346.0,212.0,183.0,82.0,224.0,61.0,544.0,,,384,596,346,12,212.0,183.0,92.0,210.0,961.0,10.0,264.0,82.0,384,12.0,346.0,596.0,378.0,82.0,183.0,61.0,146.0,880.0,210.0,658.0,12;384;596;346;212;183;82;224;61;544,384;596;346;12;212;183;92;210;961;10;264;82,384;12;346;596;378;82;183;61;146;880;210;658,12;61;82;183;210;212;346;384;596,9,12;82;183;346;384;596,6,31,6,12;384;596;346;212;183;82;61;544;92;224,384;12;346;596;61;82;146;183;378;92;164;210,384;596;12;346;212;183;92;961;210;82;264;10,12;61;82;92;183;210;212;346;384;596,12;82;92;183;346;384;596,12;61;82;92;183;210;212;346;384;596;649,12;82;92;183;346;384;596;649,12;346;82,12;82;346,3,12;82;346,12;82;346
380,train,sem_0009,call:decl,para4,lex,We phone a friend.,160;497;692,581,208.0,307.0,585.0,205.0,862.0,34.0,350.0,178.0,26.0,820.0,416.0,581,208,307,585,298.0,34.0,399.0,627.0,684.0,849.0,574.0,66.0,298,684.0,627.0,581.0,208.0,34.0,399.0,307.0,585.0,849.0,959.0,892.0,581;208;307;585;205;862;34;350;178;26;820;416,581;208;307;585;298;34;399;627;684;849;574;66,298;684;627;581;208;34;399;307;585;849;959;892,34;208;298;307;399;581;585;627;684;849,10,34;208;307;581;585,5,18,4,581;208;307;585;205;862;178;34;350;26;820;356,34;208;298;581;627;684;307;399;585;849;5;26,581;208;585;307;34;298;627;684;399;66;574;849,26;34;208;298;307;399;581;585;627;684;849,34;208;307;581;585,26;34;160;208;298;307;399;497;581;585;627;684;692;849,34;160;208;307;497;581;585;692,581;208;585;416,208;416;581;585,4,208;581,208;581
381,train,sem_seed_eat_going_to,eat:going_to,singleton,single-seed,They are going to order pizza.,,804,987.0,565.0,671.0,921.0,344.0,458.0,161.0,18.0,431.0,491.0,42.0,804,42,526,480,829.0,161.0,823.0,561.0,458.0,987.0,723.0,656.0,804,987.0,42.0,829.0,480.0,526.0,561.0,161.0,823.0,458.0,656.0,18.0,804;987;565;671;921;344;458;161;18;431;491;42,804;42;526;480;829;161;823;561;458;987;723;656,804;987;42;829;480;526;561;161;823;458;656;18,18;42;161;458;480;526;561;656;804;823;829;987,12,42;161;458;804;987,5,30,6,804;565;987;671;921;344;458;18;491;42;561;161,804;42;987;161;458;480;526;561;823;829;18;656,804;987;42;526;161;561;458;480;829;823;723;905,18;42;161;458;480;526;561;804;823;829;987,42;161;458;561;804;987,18;42;161;458;480;526;561;804;823;829;987,42;161;458;561;804;987,804;987,18;41;344;349;411;436;565;577;671;804;921;987,12,804;987;349;577;671;411;344;18;565;436;41;921,804;987;349;577;671;411;344;18;565;436;41;921
382,train,sem_0159,social:front_time,para3,order,"Today, I choose coffee.",312;440,440,215.0,588.0,666.0,441.0,386.0,876.0,49.0,902.0,,,,440,215,588,441,876.0,49.0,902.0,386.0,25.0,428.0,999.0,832.0,440,428.0,25.0,588.0,215.0,902.0,999.0,49.0,832.0,,,,440;215;588;666;441;386;876;49;902,440;215;588;441;876;49;902;386;25;428;999;832,440;428;25;588;215;902;999;49;832,25;49;215;386;428;440;441;588;832;876;902;999,12,49;215;440;588;902,5,23,4,440;215;588;386;441;876;666;49;902,440;25;215;428;588;49;832;902;999,440;588;215;441;49;876;902;428;25;386;999;832,25;49;215;386;428;440;441;588;832;876;902;999,49;215;440;588;902,25;49;215;312;386;428;440;441;588;832;876;902;999,49;215;312;440;588;902,440;588;666;215,215;440;588;666,4,440,440
383,train,sem_0100,pref:decl,para3,base,We prefer a film.,135;152,152,393.0,812.0,74.0,207.0,794.0,342.0,78.0,432.0,630.0,8.0,495.0,152,207,393,138,76.0,630.0,342.0,812.0,432.0,86.0,63.0,430.0,152,393.0,207.0,138.0,630.0,76.0,812.0,432.0,342.0,230.0,86.0,781.0,152;393;812;74;207;794;342;78;432;630;8;495,152;207;393;138;76;630;342;812;432;86;63;430,152;393;207;138;630;76;812;432;342;230;86;781,76;86;138;152;207;342;393;432;630;812,10,152;207;342;393;432;630;812,7,17,4,152;393;74;207;794;78;432;812;630;8;342;757,152;207;393;138;76;630;342;432;812;5;8;34,152;207;393;812;432;342;138;86;630;76;248;377,8;76;138;152;207;342;393;432;630;812,152;207;342;393;432;630;812,8;76;135;138;152;207;342;393;432;630;812,135;152;207;342;393;432;630;812,152,135;152,2,152;135,152;135
384,train,sem_0183,move:perfect_pr,para3,tense,We have arrived at the city.,61;855,596,379.0,61.0,212.0,478.0,338.0,12.0,873.0,,,,,596,379,658,61,212.0,326.0,478.0,387.0,640.0,12.0,146.0,346.0,596,379.0,61.0,658.0,12.0,346.0,378.0,146.0,326.0,548.0,228.0,478.0,596;379;61;212;478;338;12;873,596;379;658;61;212;326;478;387;640;12;146;346,596;379;61;658;12;346;378;146;326;548;228;478,12;61;146;212;326;346;379;478;596;658,10,12;61;379;478;596,5,28,6,596;379;61;212;478;338;12;873;658,379;596;61;658;12;146;346;378;164;228;326;478,596;379;658;61;212;326;478;387;640;378;146;346,12;61;146;212;326;346;378;379;478;596;658,61;379;478;596;658,12;61;146;212;326;346;378;379;478;596;658;855,61;379;478;596;658;855,61;596,61;596,2,596;61,596;61
385,train,sem_0274,move:modal_can,para3,tense,I can run to the station.,467;769,769,803.0,948.0,292.0,29.0,89.0,730.0,753.0,583.0,853.0,998.0,549.0,769,803,450,64,753.0,948.0,914.0,209.0,179.0,790.0,287.0,322.0,769,948.0,753.0,450.0,803.0,64.0,790.0,914.0,583.0,292.0,549.0,998.0,769;803;948;292;29;89;730;753;583;853;998;549,769;803;450;64;753;948;914;209;179;790;287;322,769;948;753;450;803;64;790;914;583;292;549;998,64;292;450;549;583;753;769;790;803;914;948;998,12,753;769;803;948,4,25,6,769;803;292;948;29;730;753;583;853;998;549;322,769;450;753;803;948;64;790;914;23;29;71;179,769;803;450;64;753;948;209;179;914;790;842;730,29;64;179;450;730;753;769;790;803;914;948,753;769;803;948,29;64;179;450;467;730;753;769;790;803;914;948,467;753;769;803;948,769;948;803;753,665;718;753;769;803;853;914;948,8,769;948;718;853;803;753;665;914,769;948;718;853;803;753;665;914
386,train,sem_0041,social:front_time,para4,order,"Yesterday, I choose a game.",68;746;902,902,145.0,103.0,382.0,351.0,88.0,754.0,84.0,68.0,,,,902,145,103,88,351.0,440.0,754.0,382.0,84.0,950.0,512.0,925.0,902,925.0,950.0,103.0,512.0,746.0,472.0,221.0,754.0,145.0,68.0,88.0,902;145;103;382;351;88;754;84;68,902;145;103;88;351;440;754;382;84;950;512;925,902;925;950;103;512;746;472;221;754;145;68;88,68;84;88;103;145;351;382;512;754;902;925;950,12,88;103;145;754;902,5,27,5,902;145;103;382;351;88;754;84,902;103;512;746;925;950;68;88;145;221;351;472,902;145;103;351;88;440;382;754;84;950;746;925,84;88;103;145;351;382;746;754;902;925;950,88;103;145;351;902,68;84;88;103;145;351;382;746;754;902;925;950,68;88;103;145;351;746;902,902;68,68;902,2,,
387,train,sem_0042,watch:front_place,para4,order,"at the city, I see a game.",472;925;950,950,240.0,807.0,117.0,109.0,522.0,616.0,934.0,658.0,,,,950,117,61,658,596.0,384.0,478.0,109.0,616.0,240.0,522.0,579.0,950,579.0,117.0,30.0,522.0,53.0,512.0,902.0,240.0,746.0,616.0,109.0,950;240;807;117;109;522;616;934;658,950;117;61;658;596;384;478;109;616;240;522;579,950;579;117;30;522;53;512;902;240;746;616;109,109;117;240;522;579;616;658;950,8,109;117;240;522;616;950,6,26,7,950;240;117;807;109;616;522;934;658,950;579;30;53;117;522;109;240;512;616;746;902,950;117;61;616;109;240;658;478;596;384;958;579,109;117;240;522;579;616;658;950,109;117;240;616;950,109;117;240;472;522;579;616;658;925;950,109;117;240;472;616;925;950,,950,1,950,950
388,train,sem_0219,acq:front_time,para3,order,"Now, You purchase a game.",170;294,170,958.0,738.0,230.0,241.0,248.0,711.0,735.0,43.0,749.0,578.0,503.0,170,958,317,738,636.0,558.0,890.0,294.0,837.0,616.0,438.0,69.0,170,958.0,294.0,438.0,616.0,890.0,558.0,69.0,251.0,837.0,636.0,580.0,170;958;738;230;241;248;711;735;43;749;578;503,170;958;317;738;636;558;890;294;837;616;438;69,170;958;294;438;616;890;558;69;251;837;636;580,69;170;294;438;558;616;636;738;837;890;958,11,170;958,2,25,5,170;958;738;241;230;711;248;735;43;749;578;503,170;958;69;251;294;438;558;616;636;837;890;200,170;958;738;317;294;251;438;890;837;558;69;616,69;170;251;294;438;558;616;738;837;890;958,170;958,69;170;251;294;438;558;616;738;837;890;958,170;294;958,170;294,170;294,2,170;294,170;294
389,train,sem_seed_learn_imperative,learn:imperative,singleton,single-seed,Please read music.,,433,339.0,42.0,210.0,,,,,,,,,339,433,42,210,932.0,994.0,655.0,134.0,941.0,233.0,742.0,320.0,339,433.0,,,,,,,,,,,433;339;42;210,339;433;42;210;932;994;655;134;941;233;742;320,339;433,42;210;339;433,4,339;433,2,18,3,433;339;42;210,339;433,433;339;42;210;994;932;655;742;858;320;233;941,42;210;339;433,339;433,42;210;339;433,339;433,433,339;433;895,3,433;339;895,433;339;895
390,train,sem_0220,watch:decl,para3,lex,You observe a show.,475;506,418,330.0,558.0,713.0,935.0,150.0,719.0,490.0,524.0,991.0,792.0,857.0,330,418,150,935,713.0,558.0,475.0,931.0,506.0,857.0,742.0,991.0,713,330.0,475.0,935.0,558.0,418.0,506.0,931.0,150.0,857.0,991.0,413.0,418;330;558;713;935;150;719;490;524;991;792;857,330;418;150;935;713;558;475;931;506;857;742;991,713;330;475;935;558;418;506;931;150;857;991;413,150;330;418;475;506;558;713;857;931;935;991,11,150;330;418;558;713;857;935;991,8,19,4,418;330;558;713;935;150;719;524;490;991;792;861,330;418;475;558;713;935;506;931;150;857;8;52,418;330;558;713;935;475;150;931;506;857;524;991,150;330;418;475;506;524;558;713;857;931;935;991,150;330;418;558;713;935,150;330;418;475;506;524;558;713;857;931;935;991,150;330;418;475;506;558;713;935,330;475;418;713;935;52;618;780,52;150;330;418;475;618;713;780;935,9,330;418;52;475;713;935;150;618,330;418;52;475;713;935;150;618
391,train,sem_seed_call_past_cont,call:past_cont,singleton,single-seed,She was phoning my mother.,,125,693.0,400.0,66.0,368.0,22.0,,,,,,,631,693,257,125,940.0,57.0,739.0,368.0,265.0,66.0,676.0,701.0,693,631.0,257.0,125.0,,,,,,,,,125;693;400;66;368;22,631;693;257;125;940;57;739;368;265;66;676;701,693;631;257;125,66;125;257;368;631;693,6,125;693,2,26,5,125;693;400;66;368,257;631;693;125,693;631;257;125;940;57;265;964;285;328;367;368,125;257;368;631;693,125;693,125;257;368;631;693,125;693,125;693;368;257;66;631;400,66;125;257;368;400;631;693,7,693;125;257;631,693;125;257;631
392,train,sem_0021,call:decl,para4,base,They contact my father.,196;328;435,439,817.0,291.0,196.0,285.0,320.0,435.0,106.0,773.0,856.0,631.0,739.0,196,439,320,291,817.0,106.0,856.0,285.0,773.0,203.0,127.0,435.0,291,773.0,435.0,127.0,439.0,133.0,817.0,320.0,371.0,285.0,196.0,343.0,439;817;291;196;285;320;435;106;773;856;631;739,196;439;320;291;817;106;856;285;773;203;127;435,291;773;435;127;439;133;817;320;371;285;196;343,106;127;196;285;291;320;435;439;773;817;856,11,196;285;291;320;435;439;773;817,8,23,4,817;439;291;196;285;320;435;106;773;856;631;739,127;133;285;291;320;371;435;439;773;817;196;106,291;817;320;439;106;856;196;285;773;133;371;127,106;127;133;196;285;291;320;371;435;439;773;817;856,106;196;285;291;320;439;773;817,106;127;133;196;285;291;320;328;371;435;439;773;817;856,106;196;285;291;320;328;435;439;773;817,435;817;133;439;285;291;127;343;320;196;773;574;106;45;739;856;461,45;106;127;133;196;285;291;320;343;435;439;461;574;739;773;817;856,17,435;439;133;285;127;574;817;320;291;343,435;439;133;285;127;574;817;320;291;343
393,train,sem_0071,pref:decl,para3,base,We prefer a sandwich.,501;944,495,138.0,785.0,944.0,624.0,383.0,696.0,14.0,604.0,646.0,500.0,78.0,138,495,785,383,152.0,630.0,76.0,812.0,342.0,432.0,177.0,118.0,138,177.0,495.0,383.0,118.0,944.0,152.0,785.0,76.0,630.0,363.0,342.0,495;138;785;944;624;383;696;14;604;646;500;78,138;495;785;383;152;630;76;812;342;432;177;118,138;177;495;383;118;944;152;785;76;630;363;342,76;118;138;152;177;342;383;495;630;785;944,11,138;383;495;785,4,21,4,495;138;785;624;944;383;14;604;646;78;696;74,138;118;177;383;495;152;944;76;363;630;785;342,138;495;383;785;812;432;342;152;177;118;86;630,118;138;152;177;342;383;495;630;785;944,138;383;495;785,118;138;152;177;342;383;495;501;630;785;944,138;383;495;501;785;944,138;944;495;432;785;617;118;177;408,55;99;118;138;177;408;414;432;495;617;678;696;785;798;944,15,138;944;495;785;118;617;177;798;696;99;408;678;414;55,138;944;495;785;118;617;177;798;696;99;408;678;414;55
394,train,sem_0137,learn:decl,para3,lex,I learn a book.,85;626,255,281.0,263.0,871.0,422.0,997.0,771.0,374.0,687.0,762.0,854.0,519.0,255,263,281,422,871.0,939.0,477.0,704.0,360.0,4.0,733.0,926.0,281,4.0,871.0,704.0,939.0,255.0,477.0,263.0,360.0,290.0,926.0,733.0,255;281;263;871;422;997;771;374;687;762;854;519,255;263;281;422;871;939;477;704;360;4;733;926,281;4;871;704;939;255;477;263;360;290;926;733,4;255;263;281;360;422;477;704;733;871;926;939,12,255;263;281;871,4,15,4,255;263;281;871;422;997;771;374;762;687;854;519,4;255;263;281;360;477;704;871;939;28;290;733,281;263;255;871;422;4;939;704;477;360;771;374,4;255;263;281;360;374;422;477;704;771;871;939,255;263;281;871,4;85;255;263;281;360;374;422;477;626;704;771;871;939,85;255;263;281;626;871,255;281;871;360;762;477,255;263;281;360;477;687;762;871,8,255;263;762;871;281;687,255;263;762;871;281;687
395,train,sem_seed_learn_past_simple,learn:past_simple,singleton,single-seed,You studied music.,,781,,,,,,,,,,,,781,193,275,141,359.0,445.0,448.0,653.0,639.0,656.0,,,193,275.0,141.0,448.0,445.0,359.0,653.0,,,,,,781,781;193;275;141;359;445;448;653;639;656,193;275;141;448;445;359;653,141;193;275;359;445;448;653;781,8,,0,18,3,781,141;193;275;359;445;448;653,781;193;141;275;445;448;359;653;639;656;433;634,141;193;275;359;445;448;653;781,,141;193;275;359;445;448;653;781,,445;825;275;359,275;359;445;542;825,5,445;825;542,445;825;542
396,train,sem_0020,move:decl,para4,base,She come to the city.,300;301;934,934,301.0,29.0,2.0,855.0,608.0,209.0,292.0,82.0,179.0,790.0,583.0,934,2,29,301,691.0,855.0,583.0,608.0,292.0,82.0,209.0,179.0,934,29.0,2.0,301.0,691.0,300.0,583.0,179.0,322.0,224.0,608.0,82.0,934;301;29;2;855;608;209;292;82;179;790;583,934;2;29;301;691;855;583;608;292;82;209;179,934;29;2;301;691;300;583;179;322;224;608;82,2;29;82;179;209;292;301;583;608;691;855;934,12,2;29;82;179;301;583;608;934,8,21,5,934;29;2;292;855;608;209;301;82;179;790;583,934;2;29;301;691;17;82;179;209;224;286;292,934;2;29;301;691;608;292;82;855;583;179;209,2;29;82;179;209;292;301;583;608;691;855;934,2;29;82;179;209;292;301;934,2;29;82;179;209;292;300;301;583;608;691;855;934,2;29;82;179;209;292;300;301;934,934;301;29;2,2;29;301;478;934,5,301;934;478,301;934;478
397,train,sem_0303,move:going_to,para3,tense,She is going to travel to the station.,29;322,998,322.0,549.0,287.0,148.0,526.0,17.0,948.0,730.0,29.0,292.0,853.0,322,998,287,549,148.0,17.0,526.0,36.0,518.0,876.0,29.0,745.0,322,549.0,17.0,29.0,998.0,287.0,619.0,148.0,518.0,876.0,301.0,36.0,998;322;549;287;148;526;17;948;730;29;292;853,322;998;287;549;148;17;526;36;518;876;29;745,322;549;17;29;998;287;619;148;518;876;301;36,17;29;36;148;287;322;518;526;549;876;998,11,17;29;148;287;322;549;998,7,38,8,998;322;549;287;148;526;17;948;730;29;292;853,322;17;29;287;549;998;36;148;301;518;619;876,322;998;549;287;148;17;29;526;518;36;876;313,17;29;36;148;287;322;518;526;549;876;998,17;29;148;287;322;549;998,17;29;36;148;287;322;518;526;549;876;998,17;29;148;287;322;549;998,322;526,29;292;322;526;549;670;730;998,8,322;526;29;998;549;730;292;670,322;526;29;998;549;730;292;670
398,train,sem_0069,acq:decl,para3,base,We get a song.,505;657,941,505.0,592.0,426.0,334.0,4.0,833.0,568.0,892.0,,,,505,941,997,781,168.0,833.0,892.0,348.0,966.0,578.0,797.0,83.0,997,781.0,168.0,941.0,833.0,892.0,348.0,505.0,83.0,797.0,966.0,578.0,941;505;592;426;334;4;833;568;892,505;941;997;781;168;833;892;348;966;578;797;83,997;781;168;941;833;892;348;505;83;797;966;578,83;168;348;505;578;781;797;833;892;941;966;997,12,505;833;892;941,4,14,4,941;505;592;426,168;348;781;833;892;941;997;505;83;550;578;797,941;505;997;781;833;348;168;892;550;83;797;578,83;168;348;505;550;578;781;797;833;892;941;997,505;941,83;168;348;505;550;578;657;781;797;833;892;941;997,505;657;941,505;892;550;833,348;505;550;833;892,5,505;892;833;550;348,505;892;833;550;348
399,train,sem_0221,social:front_time,para3,order,"Now, We help a friend.",34;667,34,659.0,62.0,695.0,190.0,,,,,,,,34,659,62,802,121.0,695.0,674.0,298.0,380.0,845.0,188.0,190.0,34,695.0,380.0,659.0,298.0,845.0,62.0,674.0,,,,,34;659;62;695;190,34;659;62;802;121;695;674;298;380;845;188;190,34;695;380;659;298;845;62;674,34;62;190;298;380;659;674;695;845,9,34;62;659;695,4,22,5,34;659;62;695;190,34;298;380;659;695;62;845;674,34;659;62;802;121;695;674;380;298;845;190;188,34;62;190;298;380;659;674;695;845,34;62;659;695,34;62;190;298;380;659;667;674;695;845,34;62;659;667;695,34;659,34;659,2,34,34
400,train,sem_0176,call:decl,para3,lex,I phone my mother.,439;856,66,693.0,368.0,881.0,574.0,284.0,834.0,133.0,125.0,964.0,229.0,469.0,693,368,66,964,872.0,881.0,611.0,319.0,676.0,370.0,701.0,599.0,964,872.0,368.0,66.0,693.0,881.0,611.0,927.0,834.0,631.0,439.0,599.0,66;693;368;881;574;284;834;133;125;964;229;469,693;368;66;964;872;881;611;319;676;370;701;599,964;872;368;66;693;881;611;927;834;631;439;599,66;368;599;611;693;834;872;881;964,9,66;368;693;881;964,5,18,4,66;693;368;881;284;574;834;133;125;229;964;927,66;368;693;872;881;964;611;58;123;133;229;257,368;693;66;872;964;881;611;328;631;370;676;739,66;133;229;368;611;693;872;881;964,66;368;693;881;964,66;133;229;368;439;611;693;856;872;881;964,66;368;439;693;856;881;964,964;66;881;368;693;328;689;257;391;574,66;125;257;328;368;370;391;574;599;689;693;701;739;881;964,15,964;66;368;881;693;257;701;599;125;370;739,964;66;368;881;693;257;701;599;125;370;739
401,train,sem_seed_eat_perfect_pr,eat:perfect_pr,singleton,single-seed,She has had lunch.,,305,836.0,,,,,,,,,,,305,623,243,698,125.0,660.0,478.0,65.0,788.0,836.0,763.0,532.0,836,788.0,623.0,243.0,305.0,,,,,,,,305;836,305;623;243;698;125;660;478;65;788;836;763;532,836;788;623;243;305,243;305;623;788;836,5,305;836,2,18,4,305;836;184,788;836;243;305;623,305;623;243;65;698;660;125;788;836;478;763;724,243;305;623;788;836,305;836,243;305;623;788;836,305;836,305;836,184;305;836;839,4,836;305;184;839,836;305;184;839
402,train,sem_single_0939,learn:wh_where,singleton,single,Where do We study?,,694,280.0,1.0,271.0,168.0,,,,,,,,694,280,1,271,143.0,310.0,425.0,232.0,575.0,13.0,993.0,796.0,694,280.0,1.0,675.0,271.0,310.0,204.0,323.0,622.0,425.0,980.0,993.0,694;280;1;271;168,694;280;1;271;143;310;425;232;575;13;993;796,694;280;1;675;271;310;204;323;622;425;980;993,1;271;280;310;425;694;993,7,1;271;280;694,4,18,4,694;1;280;271;168,280;694;1;13;47;86;143;162;168;204;232;271,280;694;1;271;993;425;575;310;232;162;143;796,1;143;162;168;232;271;280;694,1;271;280;694,1;143;162;168;232;271;280;694,1;271;280;694,,,0,,
403,train,sem_0109,call:front_place,para3,order,"at the park, He text my mother.",58;817,58,701.0,599.0,367.0,962.0,756.0,247.0,850.0,319.0,30.0,,,58,701,599,319,756.0,370.0,676.0,880.0,308.0,247.0,557.0,841.0,58,308.0,676.0,756.0,701.0,370.0,599.0,256.0,557.0,556.0,802.0,662.0,58;701;599;367;962;756;247;850;319;30,58;701;599;319;756;370;676;880;308;247;557;841,58;308;676;756;701;370;599;256;557;556;802;662,58;247;308;319;370;557;599;676;701;756,10,58;599;701;756,4,31,7,58;701;599;850;962;756;247;367;319;692,58;308;370;599;676;701;756;247;256;556;557;642,58;701;599;756;676;370;557;247;880;802;319;308,58;247;308;319;370;557;599;676;701;756,58;247;599;701;756,58;247;308;319;370;557;599;676;701;756;817,58;247;599;701;756;817,58,58,1,,
404,train,sem_single_0968,move:emph_do,singleton,single,You did arrive at the cafe.,,338,61.0,873.0,140.0,977.0,12.0,874.0,554.0,553.0,75.0,,,977,338,521,553,93.0,729.0,346.0,744.0,140.0,873.0,61.0,12.0,521,553.0,977.0,93.0,338.0,729.0,873.0,146.0,744.0,378.0,140.0,863.0,338;61;873;140;977;12;874;554;553;75,977;338;521;553;93;729;346;744;140;873;61;12,521;553;977;93;338;729;873;146;744;378;140;863,12;61;93;140;338;521;553;729;744;873;977,11,140;338;553;873;977,5,27,6,338;61;873;977;140;12;874;554,93;338;521;553;977;729;12;61;107;140;146;346,338;977;553;521;93;729;12;140;346;744;61;873,12;61;93;140;338;346;521;553;729;873;977,12;61;140;338;977,12;61;93;140;338;346;521;553;729;873;977,12;61;140;338;977,,93;338;553;729,4,338;553;93;729,338;553;93;729
405,train,sem_0181,drink:decl,para3,base,He sip water.,79;486,528,79.0,144.0,924.0,954.0,,,,,,,,79,528,144,924,325.0,555.0,954.0,192.0,538.0,249.0,957.0,289.0,555,954.0,79.0,528.0,192.0,325.0,538.0,249.0,144.0,,,,528;79;144;924;954,79;528;144;924;325;555;954;192;538;249;957;289,555;954;79;528;192;325;538;249;144,79;144;192;249;325;528;538;555;924;954,10,79;144;528;954,4,13,3,528;79;144;924;954,79;528;555;954;192;325;538;144;249,528;79;144;555;954;325;924;192;538;249;551;812,79;144;192;249;325;528;538;555;924;954,79;144;528;954,79;144;192;249;325;486;528;538;555;924;954,79;144;486;528;954,325;555;79;954;546;528,79;325;528;546;555;954,6,325;954;528;555;546,325;954;528;555;546
406,train,sem_0126,acq:going_to,para3,tense,He is going to get a computer.,334;417,334,365.0,772.0,760.0,505.0,985.0,569.0,601.0,481.0,566.0,959.0,615.0,334,614,866,150,19.0,615.0,703.0,505.0,772.0,365.0,760.0,745.0,334,19.0,866.0,614.0,150.0,615.0,703.0,427.0,505.0,745.0,772.0,569.0,334;365;772;760;505;985;569;601;481;566;959;615,334;614;866;150;19;615;703;505;772;365;760;745,334;19;866;614;150;615;703;427;505;745;772;569,19;150;334;365;505;569;614;615;703;745;760;772;866,13,334;505;615;772,4,30,7,334;365;772;760;505;985;569;601;566;481;959;706,334;19;150;614;866;615;703;427;505;745;569;772,334;772;615;703;150;19;614;866;760;365;505;427,19;150;334;365;427;505;569;614;615;703;760;772;866,334;505;772,19;150;334;365;417;427;505;569;614;615;703;760;772;866,334;417;505;772,334,137;334;760;959,4,334;959;760;137,334;959;760;137
407,train,sem_0075,social:decl,para3,lex,She make tea.,215;876,38,870.0,,,,,,,,,,,641,105,822,33,38.0,49.0,371.0,661.0,697.0,746.0,933.0,6.0,641,105.0,,,,,,,,,,,38;870,641;105;822;33;38;49;371;661;697;746;933;6,641;105,38;105;641,3,,0,13,3,38,641;105,641;105;822;371;746;933;49;697;661;38;33;647,38;105;641,,38;105;215;641;876,215;876,641;105,105;641;770,3,641;105;770,641;105;770
408,train,sem_0089,acq:decl,para3,base,I pick a sandwich.,171;503,513,171.0,489.0,500.0,100.0,16.0,456.0,118.0,617.0,818.0,108.0,80.0,171,513,489,108,525.0,624.0,735.0,798.0,617.0,500.0,754.0,100.0,171,735.0,108.0,798.0,624.0,513.0,525.0,500.0,617.0,100.0,754.0,489.0,513;171;489;500;100;16;456;118;617;818;108;80,171;513;489;108;525;624;735;798;617;500;754;100,171;735;108;798;624;513;525;500;617;100;754;489,100;108;171;489;500;513;525;617;624;735;754;798,12,100;108;171;489;500;513;617,7,18,4,513;171;489;16;456;118;818;617;108;80;624;678,171;108;500;513;525;617;624;735;798;100;754;489,171;513;489;735;500;108;525;617;798;624;943;442,108;171;489;500;513;525;617;624;735;798,108;171;489;513;617;624,108;171;489;500;503;513;525;617;624;735;798,108;171;489;503;513;617;624,171;624;617;108;513;500;525;735;798;177;393,108;118;138;171;177;393;495;500;513;525;617;624;646;735;798,15,171;513;108;617;624;393;798;500;177;735;495;646;138;118,171;513;108;617;624;393;798;500;177;735;495;646;138;118
409,train,sem_0213,pref:decl,para3,base,We love water.,116;548,548,0.0,957.0,750.0,551.0,610.0,833.0,132.0,289.0,114.0,728.0,,548,551,21,812,610.0,132.0,728.0,323.0,963.0,833.0,675.0,924.0,132,728.0,21.0,812.0,610.0,551.0,548.0,833.0,963.0,675.0,323.0,,548;0;957;750;551;610;833;132;289;114;728,548;551;21;812;610;132;728;323;963;833;675;924,132;728;21;812;610;551;548;833;963;675;323,21;132;323;548;551;610;675;728;812;833;963,11,132;548;551;610;728;833,6,14,3,548;0;957;750;551;610;833;132;289;728,21;132;548;551;610;728;812;323;675;833;963,548;21;551;812;610;132;728;323;963;833;675;164,21;132;323;548;551;610;675;728;812;833;963,132;548;551;610;728;833,21;116;132;323;548;551;610;675;728;812;833;963,116;132;548;551;610;728;833,551;289;963,21;289;551;812;963,5,551;963;289;812;21,551;963;289;812;21
410,train,sem_seed_watch_future_will,watch:future_will,singleton,single-seed,We will view a show.,,52,882.0,475.0,506.0,889.0,517.0,626.0,,,,,,52,882,475,506,517.0,618.0,889.0,155.0,734.0,550.0,59.0,447.0,52,475.0,618.0,882.0,889.0,506.0,155.0,517.0,734.0,59.0,550.0,447.0,52;882;475;506;889;517;626,52;882;475;506;517;618;889;155;734;550;59;447,52;475;618;882;889;506;155;517;734;59;550;447,52;59;155;447;475;506;517;550;618;734;882;889,12,52;475;506;517;882;889,6,20,5,52;882;475;506;517,52;475;618;882;59;155;506;517;550;734;889;362,52;475;882;506;517;618;889;734;155;59;550;963,52;59;155;475;506;517;550;618;734;882;889,52;475;506;517;882,52;59;155;475;506;517;550;618;734;882;889,52;475;506;517;882,52;618;734;475,52;475;506;618;734;882,6,52;734;475;882;506,52;734;475;882;506
411,train,sem_0088,acq:decl,para3,base,They buy pizza.,568;620,620,37.0,,,,,,,,,,,620,137,50,436,987.0,529.0,37.0,577.0,349.0,804.0,381.0,92.0,987,620.0,577.0,529.0,37.0,50.0,436.0,349.0,137.0,,,,620;37,620;137;50;436;987;529;37;577;349;804;381;92,987;620;577;529;37;50;436;349;137,37;50;137;349;436;529;577;620;987,9,37;620,2,15,3,620,37;50;436;529;577;620;987;349;137,620;529;37;436;50;987;577;137;349;253;657;628,37;50;137;349;436;529;577;620;987,620,37;50;137;349;436;529;568;577;620;987,568;620,577;987;436;503;50;37;671;529;620;565;349,37;50;344;349;381;436;503;529;565;577;620;671;705;804;976;987,16,577;987;436;671;349;529;50;344;381;37;976;565;503;804;705,577;987;436;671;349;529;50;344;381;37;976;565;503;804;705
412,train,sem_0096,drink:front_place,para3,order,"in home, I drink tea.",25;236,236,641.0,453.0,105.0,690.0,156.0,611.0,,,,,,236,611,453,641,690.0,105.0,156.0,302.0,726.0,470.0,312.0,554.0,236,611.0,312.0,641.0,453.0,,,,,,,,236;641;453;105;690;156;611,236;611;453;641;690;105;156;302;726;470;312;554,236;611;312;641;453,105;156;236;312;453;611;641;690,8,236;453;611;641,4,21,5,236;641;453;105;690;611;156,236;611;312;453;641,236;453;641;105;690;611;156;302;312;470;726;554,105;156;236;312;453;611;641;690,236;453;611;641,25;105;156;236;312;453;611;641;690,25;236;453;611;641,,236,1,236,236
413,train,sem_0139,learn:decl,para3,base,You review a book.,814;841,477,859.0,629.0,841.0,926.0,865.0,193.0,96.0,704.0,85.0,587.0,515.0,841,477,629,859,926.0,865.0,96.0,193.0,752.0,8.0,273.0,217.0,859,8.0,629.0,273.0,477.0,752.0,841.0,340.0,926.0,217.0,983.0,193.0,477;859;629;841;926;865;193;96;704;85;587;515,841;477;629;859;926;865;96;193;752;8;273;217,859;8;629;273;477;752;841;340;926;217;983;193,8;96;193;217;273;477;629;752;841;859;865;926,12,193;477;629;841;859;926,6,18,4,477;859;629;841;926;865;193;96;704;85;587;515,8;273;477;629;752;859;841;217;340;926;983;193,859;477;629;841;926;193;865;96;273;752;8;217,8;96;193;217;273;477;629;752;841;859;865;926,193;477;629;841;859;926,8;96;193;217;273;477;629;752;814;841;859;865;926,193;477;629;814;841;859;926,477;859;704;926;629;96;85;841;587,85;96;477;587;629;704;841;859;926,9,477;859;704;587;629,477;859;704;587;629
414,train,sem_0085,pref:future_will,para3,tense,They will love a sandwich.,37;99,99,540.0,678.0,118.0,818.0,899.0,517.0,80.0,500.0,617.0,568.0,910.0,99,540,899,258,930.0,590.0,62.0,517.0,678.0,568.0,677.0,604.0,99,258.0,568.0,604.0,749.0,678.0,930.0,677.0,540.0,517.0,354.0,899.0,99;540;678;118;818;899;517;80;500;617;568;910,99;540;899;258;930;590;62;517;678;568;677;604,99;258;568;604;749;678;930;677;540;517;354;899,99;258;517;540;568;604;677;678;899;930,10,99;517;540;568;678;899,6,26,5,99;540;678;118;818;899;80;517;617;568;677;604,99;258;568;604;677;678;749;930;62;354;517;540,99;540;899;930;258;590;749;604;677;678;568;517,99;258;517;540;568;604;677;678;749;899;930,99;517;540;568;604;677;678,37;99;258;517;540;568;604;677;678;749;899;930,37;99;517;540;568;604;677;678,99,99;138;393;492;568;677;678;798,8,99;678;677;568;138;492;393;798,99;678;677;568;138;492;393;798
415,train,sem_seed_move_past_cont,move:past_cont,singleton,single-seed,He was going to the town.,,466,619.0,973.0,715.0,352.0,173.0,286.0,9.0,608.0,936.0,828.0,17.0,466,715,936,286,608.0,71.0,828.0,352.0,17.0,973.0,556.0,642.0,715,466.0,642.0,783.0,256.0,71.0,608.0,556.0,286.0,828.0,998.0,292.0,466;619;973;715;352;173;286;9;608;936;828;17,466;715;936;286;608;71;828;352;17;973;556;642,715;466;642;783;256;71;608;556;286;828;998;292,17;71;286;352;466;556;608;642;715;828;936;973,12,286;466;608;715;828,5,25,6,466;715;352;608;286;973;936;173;828;17;9;619,715;466;17;71;256;286;292;352;556;608;642;783,466;715;352;17;286;973;936;608;71;828;682;256,17;71;256;286;352;466;608;715;828;936;973,17;286;352;466;608;715,17;71;256;286;352;466;608;715;828;936;973,17;286;352;466;608;715,715,17;173;256;556;715;973,6,715;256;973;556;17;173,715;256;973;556;17;173
416,train,sem_0154,call:decl,para3,lex,You call a friend.,262;981,178,26.0,799.0,205.0,208.0,820.0,862.0,380.0,776.0,350.0,295.0,34.0,178,26,799,820,208.0,205.0,250.0,459.0,358.0,142.0,434.0,34.0,208,205.0,178.0,820.0,26.0,250.0,459.0,824.0,558.0,298.0,294.0,273.0,178;26;799;205;208;820;862;380;776;350;295;34,178;26;799;820;208;205;250;459;358;142;434;34,208;205;178;820;26;250;459;824;558;298;294;273,26;34;178;205;208;250;459;799;820,9,26;178;205;208;820,5,18,4,178;26;799;208;820;205;862;380;350;34;581;250,26;178;205;208;820;250;459;8;34;69;80;131,26;178;208;205;820;799;459;250;358;142;298;356,26;34;178;205;208;250;459;799;820,26;178;205;208;250;820,26;34;178;205;208;250;262;459;799;820;981,26;178;205;208;250;262;820;981,208;178;26;952;820;380,26;178;208;380;820;952,6,952,952
417,train,sem_0126,acq:decl,para3,lex,He buy a phone.,334;406,348,645.0,123.0,684.0,637.0,627.0,737.0,293.0,901.0,582.0,,,645,307,898,19,284.0,831.0,637.0,737.0,294.0,651.0,348.0,959.0,645,307.0,898.0,19.0,159.0,838.0,293.0,294.0,284.0,462.0,74.0,513.0,348;645;123;684;637;627;737;293;901;582,645;307;898;19;284;831;637;737;294;651;348;959,645;307;898;19;159;838;293;294;284;462;74;513,19;284;293;294;307;348;637;645;737;898,10,645,1,15,4,637;737;348;123;645;684;627;293,645;307;898;19;16;38;43;74;123;131;159;167,645;898;307;284;737;131;348;294;637;651;959;19,19;123;131;307;348;637;645;737;898,645,19;123;131;307;334;348;406;637;645;737;898,334;406;645,,43;645,2,43;645,43;645
418,train,sem_0113,watch:decl,para3,base,He observe a show.,150;534,330,390.0,719.0,991.0,792.0,150.0,524.0,891.0,861.0,742.0,112.0,490.0,150,330,390,792,719.0,991.0,534.0,882.0,891.0,112.0,426.0,119.0,330,390.0,792.0,991.0,719.0,534.0,882.0,150.0,112.0,891.0,426.0,877.0,330;390;719;991;792;150;524;891;861;742;112;490,150;330;390;792;719;991;534;882;891;112;426;119,330;390;792;991;719;534;882;150;112;891;426;877,112;150;330;390;426;534;719;792;882;891;991,11,112;150;330;390;719;792;891;991,8,18,4,390;330;719;524;991;792;861;150;891;112;490;742,330;390;534;719;792;882;991;150;112;426;891;16,330;390;150;719;792;991;882;534;112;891;426;861,112;150;330;390;426;534;719;792;861;882;891;991,112;150;330;390;719;792;891;991,112;150;330;390;426;534;719;792;861;882;891;991,112;150;330;390;534;719;792;891;991,882;150;991;534;330;792;390;719,52;150;330;390;534;719;792;882;991,9,150;330;390;882;534;52;991;792,150;330;390;882;534;52;991;792
419,train,sem_0007,watch:decl,para4,lex,You watch a movie.,857;931;935,633,251.0,896.0,722.0,484.0,925.0,159.0,644.0,852.0,534.0,681.0,811.0,633,722,896,251,484.0,713.0,778.0,151.0,824.0,375.0,353.0,476.0,713,778.0,484.0,151.0,633.0,824.0,375.0,251.0,476.0,896.0,722.0,353.0,633;251;896;722;484;925;159;644;852;534;681;811,633;722;896;251;484;713;778;151;824;375;353;476,713;778;484;151;633;824;375;251;476;896;722;353,151;251;353;375;476;484;633;713;722;778;824;896,12,251;484;633;722;896,5,18,4,633;251;722;484;896;925;159;644;534;852;681;811,151;251;375;484;633;713;778;824;353;476;722;896,633;896;722;484;251;713;375;824;778;151;476;353,151;251;353;375;476;484;633;713;722;778;824;896,251;484;633;722;896,151;251;353;375;476;484;633;713;722;778;824;857;896;931;935,251;484;633;722;857;896;931;935,484;151;713;633;852;935;778;811;490;531;824;375;353;5,5;151;233;353;375;475;484;490;531;536;633;713;722;778;811;824;852;931;935,19,484;151;713;935;490;633;852;233;536;811;778;931;722;475,484;151;713;935;490;633;852;233;536;811;778;931;722;475
420,train,sem_0107,drink:decl,para3,base,They have dinner.,326;972,791,533.0,917.0,326.0,975.0,283.0,302.0,978.0,529.0,314.0,678.0,976.0,326,533,917,791,283.0,302.0,11.0,976.0,978.0,864.0,529.0,883.0,533,791.0,978.0,11.0,976.0,917.0,529.0,326.0,864.0,678.0,283.0,94.0,791;533;917;326;975;283;302;978;529;314;678;976,326;533;917;791;283;302;11;976;978;864;529;883,533;791;978;11;976;917;529;326;864;678;283;94,11;283;302;326;529;533;678;791;864;917;976;978,12,283;326;529;533;791;917;976;978,8,17,3,791;533;917;326;283;302;975;978;529;314;678;976,11;326;529;533;791;917;976;978;678;864;94;283,533;917;791;326;978;11;976;283;302;864;529;678,11;283;302;326;529;533;678;791;864;917;976;978,283;326;529;533;678;791;917;976;978,11;283;302;326;529;533;678;791;864;917;972;976;978,283;326;529;533;678;791;917;972;976;978,533;122;976;917;978;11;326;570,11;122;283;326;533;570;791;917;976;978,10,533;978;122;917;976;791;570;283,533;978;122;917;976;791;570;283
421,train,sem_0122,social:front_time,para3,order,"Yesterday, They use a computer.",582;706,706,566.0,720.0,845.0,697.0,772.0,481.0,203.0,334.0,959.0,365.0,137.0,706,566,845,720,697.0,772.0,901.0,365.0,137.0,163.0,740.0,985.0,706,697.0,772.0,566.0,720.0,365.0,163.0,901.0,845.0,137.0,985.0,988.0,706;566;720;845;697;772;481;203;334;959;365;137,706;566;845;720;697;772;901;365;137;163;740;985,706;697;772;566;720;365;163;901;845;137;985;988,137;163;365;566;697;706;720;772;845;901;985,11,137;365;566;697;706;720;772;845,8,31,5,706;566;720;845;697;772;481;334;959;203;569;601,706;566;697;772;137;163;365;720;845;901;985;988,706;566;720;845;697;772;901;163;365;137;740;203,137;163;203;365;566;697;706;720;772;845;901,566;697;706;720;772;845,137;163;203;365;566;582;697;706;720;772;845;901,566;582;697;706;720;772;845,706,706;720;845,3,720;845,720;845
422,train,sem_0022,learn:front_place,para4,order,"at the town, She learn a book.",263;515;687,263,255.0,394.0,281.0,70.0,771.0,474.0,997.0,374.0,,,,263,70,255,394,281.0,878.0,256.0,873.0,556.0,642.0,548.0,841.0,263,70.0,264.0,841.0,474.0,771.0,592.0,629.0,281.0,255.0,394.0,794.0,263;255;394;281;70;771;474;997;374,263;70;255;394;281;878;256;873;556;642;548;841,263;70;264;841;474;771;592;629;281;255;394;794,70;255;263;281;394;474;771;841,8,70;255;263;281;394,5,30,7,263;255;394;281;771;70;374;474;997,263;70;264;474;841;255;281;394;592;629;771;794,263;70;394;281;255;642;873;556;878;256;771;548,70;255;263;281;394;474;771,70;255;263;281;394;771,70;255;263;281;394;474;515;687;771,70;255;263;281;394;515;687;771,263;474,263;474,2,263,263
423,train,sem_seed_acq_future_will,acq:future_will,singleton,single-seed,She will buy a movie.,,361,651.0,637.0,747.0,59.0,982.0,353.0,,,,,,637,361,510,651,747.0,982.0,59.0,353.0,737.0,519.0,220.0,861.0,637,361.0,768.0,651.0,220.0,737.0,861.0,603.0,510.0,982.0,59.0,272.0,361;651;637;747;59;982;353,637;361;510;651;747;982;59;353;737;519;220;861,637;361;768;651;220;737;861;603;510;982;59;272,59;220;353;361;510;637;651;737;747;861;982,11,59;361;637;651;982,5,21,5,361;651;637;747;59;353,637;361;220;603;651;737;768;861;510;59;145;272,637;361;651;747;510;737;353;982;59;220;768;603,59;220;353;361;510;603;637;651;737;747;768,59;361;637;651,59;220;353;361;510;603;637;651;737;747;768,59;361;637;651,637;509;248;361,248;361;509;510;637;651;747,7,637;248;651;747;510;509,637;248;651;747;510;509
424,train,sem_0081,play:decl,para3,lex,I play music.,30;139,634,311.0,688.0,638.0,141.0,511.0,147.0,595.0,448.0,656.0,482.0,275.0,638,482,141,634,688.0,511.0,311.0,595.0,448.0,147.0,656.0,337.0,638,141.0,311.0,825.0,634.0,337.0,511.0,688.0,443.0,482.0,201.0,595.0,634;311;688;638;141;511;147;595;448;656;482;275,638;482;141;634;688;511;311;595;448;147;656;337,638;141;311;825;634;337;511;688;443;482;201;595,141;147;311;337;448;482;511;595;634;638;656;688,12,141;311;482;511;595;634;638;688,8,13,3,634;311;688;141;511;638;595;147;448;656;482;275,638;141;311;337;443;511;634;688;825;482;139;147,638;634;511;311;688;141;595;147;448;482;825;443,141;147;311;443;448;482;511;595;634;638;688;825,141;147;311;482;511;634;638;688,30;139;141;147;311;443;448;482;511;595;634;638;688;825,30;139;141;147;311;482;511;634;638;688,141;201;311;139;825;638;511;443;634,139;141;201;311;443;511;595;634;638;688;825,11,141;311;511;688;825;634;139;595,141;311;511;688;825;634;139;595
425,train,sem_single_0962,acq:wh_where,singleton,single,Where do You buy?,,13,796.0,143.0,,,,,,,,,,13,796,143,653,232.0,993.0,280.0,310.0,402.0,694.0,946.0,894.0,143,13.0,796.0,653.0,970.0,162.0,232.0,294.0,280.0,310.0,97.0,575.0,13;796;143,13;796;143;653;232;993;280;310;402;694;946;894,143;13;796;653;970;162;232;294;280;310;97;575,13;143;232;280;310;653;796,7,13;143;796,3,17,4,13;796;143,13;143;796;653;97;131;162;232;280;294;310;402,13;143;796;653;894;310;232;402;162;993;694;280,13;143;162;232;280;310;402;653;796,13;143;796,13;143;162;232;280;310;402;653;796,13;143;796,13;738,13;738,2,13;738,13;738
426,train,sem_seed_acq_ynq_do,acq:ynq_do,singleton,single-seed,does He get a show?,,398,592.0,334.0,868.0,,,,,,,,,860,334,534,418,882.0,868.0,406.0,307.0,267.0,891.0,150.0,903.0,418,882.0,534.0,334.0,267.0,891.0,307.0,903.0,860.0,969.0,406.0,150.0,398;592;334;868,860;334;534;418;882;868;406;307;267;891;150;903,418;882;534;334;267;891;307;903;860;969;406;150,150;267;307;334;406;418;534;860;868;882;891;903,12,334,1,19,5,592;398,334;418;534;882;267;307;891;860;903;969;150;406,860;334;868;534;418;882;267;307;891;819;621;154,267;307;334;418;534;860;882;891,,267;307;334;418;534;860;882;891,,,,0,,
427,train,sem_0039,social:going_to,para4,tense,She is going to finish a movie.,190;376;768,745,768.0,858.0,947.0,376.0,518.0,36.0,274.0,876.0,531.0,615.0,397.0,745,768,876,36,518.0,397.0,376.0,947.0,858.0,531.0,406.0,150.0,745,768.0,36.0,518.0,876.0,397.0,866.0,531.0,19.0,614.0,406.0,150.0,745;768;858;947;376;518;36;274;876;531;615;397,745;768;876;36;518;397;376;947;858;531;406;150,745;768;36;518;876;397;866;531;19;614;406;150,36;150;376;397;406;518;531;745;768;858;876;947,12,36;397;518;531;745;768;876,7,31,7,768;745;947;858;376;518;36;274;615;19,745;768;36;518;876;19;150;376;397;406;531;614,745;768;518;36;876;858;947;397;376;615;531;406,19;36;376;397;406;518;531;615;745;768;858;876;947,36;376;518;745;768,19;36;190;376;397;406;518;531;615;745;768;858;876;947,36;190;376;518;745;768,768,768,1,768,768
428,train,sem_seed_drink_past_simple,drink:past_simple,singleton,single-seed,I sipped coffee.,,507,25.0,555.0,,,,,,,,,,507,25,440,999,382.0,893.0,562.0,632.0,215.0,555.0,929.0,576.0,25,440.0,382.0,507.0,999.0,,,,,,,,507;25;555,507;25;440;999;382;893;562;632;215;555;929;576,25;440;382;507;999,25;382;440;507;555;999,6,25;507,2,16,3,507;25;555;929,25;440;382;507;999,507;440;25;999;382;893;632;929;555;562;576;588,25;382;440;507;555;929;999,25;507,25;382;440;507;555;929;999,25;507,25;815;507;929,25;507;815;929,4,25;507;815,25;507;815
429,train,sem_0056,move:front_time,para3,order,"Today, I jog to the office.",450;669,669,352.0,2.0,23.0,450.0,948.0,286.0,945.0,,,,,669,948,23,352,450.0,945.0,914.0,853.0,286.0,665.0,718.0,535.0,669,352.0,948.0,450.0,23.0,945.0,914.0,277.0,286.0,2.0,608.0,853.0,669;352;2;23;450;948;286;945,669;948;23;352;450;945;914;853;286;665;718;535,669;352;948;450;23;945;914;277;286;2;608;853,2;23;286;352;450;669;853;914;945;948,10,23;286;352;450;669;945;948,7,27,6,669;352;2;23;450;948,669;23;352;450;948;914;945;2;71;277;286;608,669;948;23;352;450;945;914;286;853;2;665;535,2;23;286;352;450;669;914;945;948,2;23;352;450;669;948,2;23;286;352;450;669;914;945;948,2;23;352;450;669;948,669;450,450;669;948,3,669;450;948,669;450;948
430,train,sem_0084,pref:past_simple,para3,tense,She liked a film.,199;603,199,525.0,698.0,,,,,,,,,,698,525,199,190,248.0,63.0,509.0,219.0,383.0,935.0,377.0,792.0,199,190.0,248.0,63.0,219.0,509.0,698.0,949.0,935.0,989.0,336.0,943.0,199;525;698,698;525;199;190;248;63;509;219;383;935;377;792,199;190;248;63;219;509;698;949;935;989;336;943,63;190;199;219;248;509;525;698;935,9,199;698,2,18,4,199;525;698;63,63;190;199;248;219;509;698;14;26;131;180;207,698;525;199;190;63;248;509;219;383;956;131;377,63;131;190;199;219;248;509;525;698,63;199;698,63;131;190;199;219;248;509;525;603;698,63;199;603;698,698;199;603;63,63;199;219;377;603;698,6,199;698;219;377;63,199;698;219;377;63
431,train,sem_single_0900,acq:negative_simple,singleton,single,We do not order pizza.,,565,671.0,921.0,987.0,344.0,491.0,381.0,447.0,,,,,671,675,447,921,987.0,565.0,344.0,491.0,216.0,653.0,156.0,488.0,671,675.0,447.0,268.0,565.0,705.0,921.0,987.0,501.0,483.0,446.0,344.0,565;671;921;987;344;491;381;447,671;675;447;921;987;565;344;491;216;653;156;488,671;675;447;268;565;705;921;987;501;483;446;344,344;447;491;565;671;675;921;987,8,344;447;565;671;921;987,6,22,5,565;671;921;987;344;491;381,671;675;447;268;344;446;483;501;565;705;921;987,671;675;987;344;921;565;447;491;488;156;216;653,344;447;491;565;671;675;921;987,344;565;671;921;987,344;447;491;565;671;675;921;987,344;565;671;921;987,671;705,120;344;491;503;565;671;705;987,8,671;565;344;705;491;503;987;120,671;565;344;705;491;503;987;120
432,train,sem_0208,pref:decl,para3,base,We prefer lunch.,,757,962.0,703.0,812.0,342.0,483.0,800.0,393.0,383.0,788.0,784.0,74.0,757,962,703,342,812.0,393.0,86.0,383.0,483.0,652.0,879.0,847.0,674,757.0,652.0,132.0,342.0,483.0,879.0,812.0,847.0,393.0,597.0,383.0,757;962;703;812;342;483;800;393;383;788;784;74,757;962;703;342;812;393;86;383;483;652;879;847,674;757;652;132;342;483;879;812;847;393;597;383,342;383;393;483;652;703;757;812;847;879;962,11,342;383;393;483;757;812,6,16,3,757;962;703;483;800;393;383;788;812;784;342;74,132;342;483;652;674;757;812;847;879;86;383;393,757;342;812;703;962;847;483;132;879;652;674;383,132;342;383;393;483;652;674;703;757;812;847;879;962,342;383;483;757;812,132;342;383;393;483;652;674;703;757;812;847;879;962,342;383;483;757;812,393;757;132;879,132;393;454;703;757;879;937,7,757;132;937;879;703;454,757;132;937;879;703;454
433,train,sem_0118,learn:decl,para3,lex,We read music.,83;997,339,389.0,42.0,210.0,460.0,226.0,,,,,,,339,389,42,210,226.0,460.0,311.0,657.0,919.0,446.0,600.0,758.0,389,919.0,311.0,657.0,600.0,339.0,446.0,226.0,269.0,460.0,147.0,,339;389;42;210;460;226,339;389;42;210;226;460;311;657;919;446;600;758,389;919;311;657;600;339;446;226;269;460;147,42;210;226;311;339;389;446;460;600;657;919,11,226;339;389;460,4,14,3,339;389;42;210;460;226,311;339;389;446;600;657;919;147;226;269;460,339;389;42;210;460;226;600;446;311;919;657;269,42;210;226;269;311;339;389;446;460;600;657;919,226;339;389;460,42;83;210;226;269;311;339;389;446;460;600;657;919;997,83;226;339;389;460;997,339;919;389,339;389;895;919,4,339;389;919;895,339;389;919;895
434,train,sem_seed_call_going_to,call:going_to,singleton,single-seed,You are going to call my teacher.,,497,276.0,358.0,709.0,60.0,907.0,514.0,531.0,288.0,46.0,308.0,656.0,497,358,723,823,947.0,905.0,656.0,709.0,276.0,60.0,806.0,46.0,358,497.0,656.0,947.0,723.0,905.0,823.0,531.0,806.0,46.0,942.0,782.0,497;276;358;709;60;907;514;531;288;46;308;656,497;358;723;823;947;905;656;709;276;60;806;46,358;497;656;947;723;905;823;531;806;46;942;782,46;60;276;358;497;531;656;709;723;806;823;905;947,13,46;358;497;656,4,33,7,709;276;358;497;60;907;514;46;288;656;723;308,358;497;656;723;905;947;46;531;806;823;44;60,358;497;276;709;60;723;947;656;905;907;514;823,46;60;276;358;497;514;656;709;723;823;905;907;947,60;358;497;656;723,46;60;276;358;497;514;656;709;723;823;905;907;947,60;358;497;656;723,358;262;907;942,60;229;262;276;358;547;709;875;907;927;942;981,12,358;262;907;276;942;981;547;60;927;709;875;229,358;262;907;276;942;981;547;60;927;709;875;229
435,train,sem_0021,call:past_simple,para4,tense,They contacted my father.,196;328;392,392,439.0,817.0,291.0,196.0,285.0,320.0,106.0,298.0,856.0,773.0,689.0,392,133,371,127,971.0,343.0,196.0,664.0,130.0,175.0,298.0,56.0,133,392.0,371.0,127.0,971.0,343.0,196.0,664.0,285.0,291.0,320.0,60.0,392;439;817;291;196;285;320;106;298;856;773;689,392;133;371;127;971;343;196;664;130;175;298;56,133;392;371;127;971;343;196;664;285;291;320;60,127;133;196;285;291;298;320;343;371;392;664;971,12,196;392,2,25,4,392;817;439;291;196;285;320;106;856;773;298;689,127;133;371;392;343;971;196;664;45;56;60;130,371;392;133;127;343;971;298;664;196;291;320;439,127;133;196;291;298;320;343;371;392;439;664;971,196;392,127;133;196;291;298;320;328;343;371;392;439;664;971,196;328;392,392;817;343;133;439;285;291;127;196;461;320,127;133;196;285;291;320;343;392;439;461;574;817,12,392;817;291;133;343;439;320;285;574;127;461,392;817;291;133;343;439;320;285;574;127;461
436,train,sem_0246,eat:decl,para3,base,They eat pizza.,349;678,707,932.0,349.0,922.0,37.0,677.0,571.0,680.0,868.0,887.0,,,349,932,707,571,680.0,922.0,677.0,50.0,37.0,411.0,529.0,577.0,349,932.0,529.0,922.0,577.0,707.0,411.0,987.0,37.0,50.0,677.0,,707;932;349;922;37;677;571;680;868;887,349;932;707;571;680;922;677;50;37;411;529;577,349;932;529;922;577;707;411;987;37;50;677,37;50;349;411;529;571;577;677;680;707;922;932,12,37;349;677;707;922;932,6,15,3,707;349;932;922;571;680;677;37;868,349;37;50;411;529;577;707;922;932;987;677,349;707;932;922;677;411;577;50;529;987;37;571,37;50;349;411;529;571;577;677;707;922;932;987,37;349;677;707;922;932,37;50;349;411;529;571;577;677;678;707;922;932;987,37;349;677;678;707;922;932,37;349;411;987;707;529;50;577;804,37;50;344;349;381;411;501;529;565;577;671;705;707;804;987,15,349;411;37;987;707;529;577;50;804;671;501;705;381;344;565,349;411;37;987;707;529;577;50;804;671;501;705;381;344;565
437,train,sem_single_0938,drink:perfect_pr,singleton,single,He has drank coffee.,,243,576.0,835.0,562.0,128.0,,,,,,,,243,724,41,910,89.0,562.0,555.0,192.0,538.0,401.0,125.0,698.0,555,562.0,724.0,41.0,243.0,538.0,192.0,,,,,,243;576;835;562;128,243;724;41;910;89;562;555;192;538;401;125;698,555;562;724;41;243;538;192,41;192;243;538;555;562;724,7,243;562,2,20,4,243;576;835;128,555;562;41;192;243;538;724,243;41;724;562;555;910;538;192;89;401;125;698,41;192;243;538;555;562;724,243,41;192;243;538;555;562;724,243,192;562;555,192;507;555;562,4,562;507;192;555,562;507;192;555
438,train,sem_0255,pref:decl,para3,base,You love a game.,636;890,636,539.0,377.0,890.0,616.0,558.0,950.0,,,,,,539,377,540,294,251.0,558.0,636.0,616.0,69.0,837.0,170.0,890.0,558,170.0,837.0,636.0,377.0,69.0,539.0,294.0,890.0,251.0,616.0,388.0,636;539;377;890;616;558;950,539;377;540;294;251;558;636;616;69;837;170;890,558;170;837;636;377;69;539;294;890;251;616;388,69;170;251;294;377;539;558;616;636;837;890,11,377;539;558;616;636;890,6,16,4,636;539;377;890;616;558;950,69;170;251;294;377;539;558;616;636;837;890;200,377;539;540;294;69;890;837;170;636;616;251;558,69;170;251;294;377;539;558;616;636;837;890,377;539;558;616;636;890,69;170;251;294;377;539;558;616;636;837;890,377;539;558;616;636;890,636;890;837,580;636;837;890;920,5,890;636;920;580,890;636;920;580
439,train,sem_0176,call:decl,para3,base,I contact my father.,400;856,817,291.0,392.0,856.0,320.0,106.0,196.0,631.0,285.0,435.0,739.0,202.0,856,291,817,392,320.0,106.0,196.0,881.0,689.0,967.0,773.0,202.0,856,967.0,291.0,689.0,392.0,817.0,320.0,881.0,106.0,196.0,964.0,461.0,817;291;392;856;320;106;196;631;285;435;739;202,856;291;817;392;320;106;196;881;689;967;773;202,856;967;291;689;392;817;320;881;106;196;964;461,106;196;202;291;320;392;689;817;856;881;967,11,106;196;291;320;392;817;856,7,20,4,817;291;392;856;320;106;196;631;285;435;739;202,856;291;320;392;689;817;881;967;106;196;45;56,856;392;320;291;817;106;881;689;967;196;631;202,106;196;202;291;320;392;631;689;817;856;881;967,106;196;291;320;392;817;856,106;196;202;291;320;392;400;631;689;817;856;881;967,106;196;291;320;392;400;817;856,856;392;881;817;435;320;689;574;291;133;127,106;127;133;291;320;392;435;469;574;605;689;755;817;856;881,15,881;574;392;856;320;133;817;469;435;291;605;755;106;689,881;574;392;856;320;133;817;469;435;291;605;755;106;689
440,train,sem_0159,social:decl,para3,base,I choose coffee.,312;382,215,588.0,382.0,666.0,441.0,876.0,902.0,562.0,103.0,25.0,822.0,,382,588,215,441,876.0,902.0,386.0,428.0,25.0,999.0,893.0,454.0,382,25.0,215.0,588.0,428.0,999.0,902.0,386.0,441.0,,,,215;588;382;666;441;876;902;562;103;25;822,382;588;215;441;876;902;386;428;25;999;893;454,382;25;215;588;428;999;902;386;441,25;215;382;386;428;441;588;876;902;999,10,25;215;382;441;588;902,6,16,3,215;588;382;441;876;666;902;562;103;25;822,382;25;215;428;588;902;999;386;441,382;588;215;441;876;902;25;428;386;999;454;893,25;215;382;386;428;441;588;876;902;999,25;215;382;441;588;902,25;215;312;382;386;428;441;588;876;902;999,25;215;312;382;441;588;902,588;382;666;215;904,215;382;576;588;666;904,6,382;588;666;215;904;576,382;588;666;215;904;576
441,train,sem_single_0907,social:negative_simple,singleton,single,She does not choose coffee.,,440,215.0,588.0,382.0,666.0,876.0,691.0,297.0,860.0,369.0,223.0,,215,876,369,700,860.0,223.0,297.0,588.0,440.0,691.0,382.0,249.0,215,860.0,297.0,369.0,223.0,700.0,876.0,929.0,588.0,691.0,440.0,,440;215;588;382;666;876;691;297;860;369;223,215;876;369;700;860;223;297;588;440;691;382;249,215;860;297;369;223;700;876;929;588;691;440,215;223;297;369;382;440;588;691;700;860;876,11,215;223;297;369;440;588;691;860;876,9,27,5,440;215;588;382;876;666;691;297,215;223;297;369;700;860;876;440;588;691;929,215;440;588;876;382;369;223;297;860;700;691;283,215;223;297;369;382;440;588;691;700;860;876,215;297;440;588;691;876,215;223;297;369;382;440;588;691;700;860;876,215;297;440;588;691;876,215,215;588;876,3,215;876;588,215;876;588
442,train,sem_0104,acq:decl,para3,base,We pick a movie.,59;207,824,59.0,455.0,375.0,513.0,408.0,90.0,943.0,185.0,,,,59,455,824,135,5.0,408.0,513.0,90.0,943.0,303.0,171.0,700.0,59,824.0,135.0,5.0,455.0,408.0,627.0,644.0,601.0,732.0,566.0,679.0,824;59;455;375;513;408;90;943;185,59;455;824;135;5;408;513;90;943;303;171;700,59;824;135;5;455;408;627;644;601;732;566;679,5;59;90;135;408;455;513;824;943,9,59;408;455;824,4,16,4,824;455;59;513;375;90;408;943,59;5;135;824;455;34;52;90;118;151;168;177,59;824;455;5;135;408;513;943;90;50;171;303,5;59;90;135;408;455;513;824;943,59;90;455;824,5;59;90;135;207;408;455;513;824;943,59;90;207;455;824,59;824;943;375;135;455,59;135;375;455;824;943,6,59;824;943,59;824;943
443,train,sem_0296,pref:decl,para3,lex,I like music.,53;78,699,101.0,335.0,289.0,,,,,,,,,101,699,289,335,617.0,685.0,754.0,825.0,424.0,337.0,638.0,201.0,289,335.0,699.0,825.0,337.0,101.0,424.0,617.0,201.0,685.0,638.0,754.0,699;101;335;289,101;699;289;335;617;685;754;825;424;337;638;201,289;335;699;825;337;101;424;617;201;685;638;754,101;201;289;335;337;424;617;638;685;699;754;825,12,101;289;335;699,4,13,3,699;101;335;289,101;289;335;337;424;699;825;201;617;638;685;754,699;101;335;289;337;825;424;685;617;638;201;754,101;201;289;335;337;424;617;638;685;699;754;825,101;289;335;699,53;78;101;201;289;335;337;424;617;638;685;699;754;825,53;78;101;289;335;699,101;600;337;699;424,101;337;424;600;699,5,101;600;337;699,101;600;337;699
444,train,sem_seed_watch_modal_can,watch:modal_can,singleton,single-seed,They can see a movie.,,151,722.0,72.0,747.0,185.0,531.0,536.0,135.0,897.0,,,,72,722,151,531,747.0,536.0,109.0,780.0,117.0,895.0,303.0,590.0,722,72.0,633.0,780.0,185.0,109.0,151.0,897.0,181.0,303.0,895.0,747.0,151;722;72;747;185;531;536;135;897,72;722;151;531;747;536;109;780;117;895;303;590,722;72;633;780;185;109;151;897;181;303;895;747,72;109;151;185;303;531;536;722;747;780;895;897,12,72;151;722;747,4,21,5,151;72;722;531,72;722;109;151;185;633;780;897;181;303;536;590,72;722;151;536;747;109;780;531;185;633;897;590,72;109;151;185;531;536;590;633;722;780;897,72;151;722,72;109;151;185;531;536;590;633;722;780;897,72;151;722,722;633;259;72,72;151;259;633;722,5,722;633;151;72,722;633;151;72
445,train,sem_seed_learn_present_cont,learn:present_cont,singleton,single-seed,You are studying music.,,542,825.0,672.0,560.0,201.0,656.0,,,,,,,656,672,42,494,275.0,141.0,193.0,395.0,22.0,200.0,366.0,359.0,656,395.0,141.0,193.0,275.0,359.0,672.0,448.0,494.0,,,,542;825;672;560;201;656,656;672;42;494;275;141;193;395;22;200;366;359,656;395;141;193;275;359;672;448;494,141;193;275;359;395;494;656;672,8,656;672,2,23,4,542;825,656;141;193;275;395;359;448;494;672,656;672;395;275;141;193;42;494;448;359;22;366,141;193;275;359;395;448;494;656;672,,141;193;275;359;395;448;494;656;672,,395;825,395;825,2,395;825,395;825
446,train,sem_0032,acq:decl,para4,lex,We order music.,348;797;966,337,483.0,671.0,268.0,207.0,,,,,,,,483,268,671,597,207.0,311.0,919.0,657.0,433.0,600.0,431.0,147.0,268,671.0,600.0,483.0,433.0,919.0,311.0,657.0,207.0,269.0,597.0,147.0,337;483;671;268;207,483;268;671;597;207;311;919;657;433;600;431;147,268;671;600;483;433;919;311;657;207;269;597;147,147;207;268;311;433;483;597;600;657;671;919,11,207;268;483;671,4,15,3,337;483;671;268;207,268;311;433;483;600;657;671;919;147;207;269;597,483;268;671;433;919;600;311;657;597;207;147;269,147;207;268;269;311;433;483;597;600;657;671;919,207;268;483;671,147;207;268;269;311;348;433;483;597;600;657;671;797;919;966,207;268;348;483;671;797;966,657,657,1,657,657
447,train,sem_seed_pref_negative_simple,pref:negative_simple,singleton,single-seed,We do not like a show.,,197,155.0,517.0,743.0,431.0,618.0,,,,,,,155,197,431,743,517.0,244.0,537.0,158.0,198.0,81.0,796.0,618.0,155,52.0,135.0,618.0,197.0,517.0,734.0,138.0,889.0,743.0,431.0,410.0,197;155;517;743;431;618,155;197;431;743;517;244;537;158;198;81;796;618,155;52;135;618;197;517;734;138;889;743;431;410,155;197;431;517;618;743,6,155;197;431;517;618;743,6,22,6,197;155;517;743,155;52;135;197;618;1;138;410;431;517;734;743,155;197;431;743;517;796;52;618;135;537;244;198,52;135;155;197;431;517;618;743,155;197;517;743,52;135;155;197;431;517;618;743,155;197;517;743,,,0,,
448,train,sem_0024,play:front_time,para4,order,"Yesterday, You play music.",141;359;473,485,141.0,424.0,634.0,311.0,476.0,688.0,960.0,923.0,511.0,908.0,351.0,485,141,656,351,634.0,424.0,511.0,688.0,311.0,595.0,638.0,147.0,141,485.0,656.0,688.0,395.0,311.0,511.0,275.0,424.0,193.0,634.0,445.0,485;141;424;634;311;476;688;960;923;511;908;351,485;141;656;351;634;424;511;688;311;595;638;147,141;485;656;688;395;311;511;275;424;193;634;445,141;311;351;424;485;511;634;656;688,9,141;311;424;485;511;634;688,7,26,4,485;141;424;634;311;688;476;960;351;511;908;923,141;485;656;193;275;311;395;424;511;634;688;147,141;485;688;634;311;511;424;656;351;147;595;638,141;147;311;351;424;485;511;634;656;688,141;311;424;485;511;634;688,141;147;311;351;359;424;473;485;511;634;656;688,141;311;359;424;473;485;511;634;688,485,485,1,485,485
449,train,sem_0058,move:front_time,para3,order,"Today, She travel to home.",313;591,313,468.0,17.0,322.0,87.0,809.0,998.0,549.0,673.0,188.0,,,313,468,87,17,322.0,397.0,809.0,549.0,304.0,287.0,188.0,673.0,313,468.0,87.0,17.0,322.0,397.0,,,,,,,313;468;17;322;87;809;998;549;673;188,313;468;87;17;322;397;809;549;304;287;188;673,313;468;87;17;322;397,17;87;188;313;322;397;468;549;673;809,10,17;87;313;322;468,5,26,5,313;468;17;322;998;87;809;549;673;188;148;287,313;468;17;87;322;397,313;468;87;17;322;397;809;968;842;195;716;287,17;87;287;313;322;397;468;809,17;87;313;322;468,17;87;287;313;322;397;468;591;809,17;87;313;322;468;591,313,313,1,313,313
450,train,sem_0056,move:decl,para3,lex,I run to the office.,429;669,669,2.0,769.0,64.0,429.0,803.0,209.0,385.0,327.0,928.0,179.0,,769,64,385,669,429.0,179.0,803.0,209.0,2.0,327.0,842.0,53.0,669,769.0,64.0,385.0,429.0,209.0,179.0,803.0,2.0,71.0,352.0,936.0,669;2;769;64;429;803;209;385;327;928;179,769;64;385;669;429;179;803;209;2;327;842;53,669;769;64;385;429;209;179;803;2;71;352;936,2;64;179;209;327;385;429;669;769;803,10,2;64;179;209;385;429;669;769;803,9,20,5,669;2;769;64;429;209;803;928;385;179;327;842,669;769;64;385;429;2;23;71;179;209;352;608,769;669;385;64;429;803;179;209;2;842;327;53,2;64;179;209;327;385;429;669;769;803;842,2;64;179;209;385;429;669;769,2;64;179;209;327;385;429;669;769;803;842,2;64;179;209;385;429;669;769,669;769;429,429;669;769,3,669;429;769,669;429;769
451,train,sem_0037,eat:front_place,para4,order,"in school, We have lunch.",122;879;884,879,362.0,184.0,836.0,363.0,849.0,493.0,848.0,315.0,,,,532,362,849,363,879.0,315.0,184.0,493.0,836.0,305.0,345.0,848.0,879,362.0,532.0,363.0,849.0,533.0,705.0,132.0,483.0,184.0,652.0,674.0,879;362;184;836;363;849;493;848;315,532;362;849;363;879;315;184;493;836;305;345;848,879;362;532;363;849;533;705;132;483;184;652;674,184;315;362;363;493;532;836;848;849;879,10,184;362;363;849;879,5,25,5,879;184;362;836;363;493;849;315;532,879;362;363;532;849;132;184;432;483;493;533;652,879;532;362;363;849;493;836;184;315;345;305;848,184;315;362;363;493;532;836;849;879,184;362;363;493;532;849;879,122;184;315;362;363;493;532;836;849;879;884,122;184;362;363;493;532;849;879;884,879,879,1,,
452,train,sem_single_0963,drink:modal_can,singleton,single,We can drink juice.,,913,487.0,104.0,128.0,105.0,243.0,,,,,,,128,487,104,913,105.0,342.0,116.0,728.0,306.0,21.0,576.0,296.0,128,913.0,104.0,487.0,576.0,306.0,342.0,728.0,21.0,116.0,280.0,909.0,913;487;104;128;105;243,128;487;104;913;105;342;116;728;306;21;576;296,128;913;104;487;576;306;342;728;21;116;280;909,21;104;105;116;128;306;342;487;576;728;913,11,104;128;487;913,4,19,4,913;487;104;128;105;243,128;21;104;116;306;342;487;576;728;913;105;280,128;487;104;913;105;728;306;342;116;21;576;296,21;104;105;116;128;306;342;487;576;728;913,104;105;128;487;913,21;104;105;116;128;306;342;487;576;728;913,104;105;128;487;913,306;116;487;104;909;342;728;654,31;104;116;149;225;296;306;342;487;516;607;654;728;909;913,15,116;104;306;728;487;342;516;607;913;296;31;149;225;654,116;104;306;728;487;342;516;607;913;296;31;149;225;654
453,train,sem_0192,drink:decl,para3,base,You drink tea.,690;815,690,236.0,641.0,156.0,105.0,487.0,412.0,970.0,143.0,764.0,,,690,156,236,641,105.0,412.0,487.0,970.0,143.0,770.0,954.0,602.0,690,156.0,487.0,236.0,641.0,105.0,970.0,143.0,412.0,,,,690;236;641;156;105;487;412;970;143;764,690;156;236;641;105;412;487;970;143;770;954;602,690;156;487;236;641;105;970;143;412,105;143;156;236;412;487;641;690;970,9,105;143;156;236;412;487;641;690;970,9,14,3,690;236;641;156;105;487;412;970;143,690;156;236;487;641;105;143;970;412,690;156;236;641;105;412;487;143;970;407;602;166,105;143;156;236;412;487;641;690;970,105;143;156;236;412;487;641;690;970,105;143;156;236;412;487;641;690;815;970,105;143;156;236;412;487;641;690;815;970,236;764;690;870;166;156;955;610;641;105,105;156;166;236;312;610;641;690;764;870;918;955,12,156;236;690;166;870;105;641;312;610;918;764,156;236;690;166;870;105;641;312;610;918;764
454,train,sem_0251,social:decl,para3,lex,You choose lunch.,765;947,594,848.0,902.0,652.0,,,,,,,,,594,242,309,73,848.0,494.0,216.0,588.0,440.0,215.0,382.0,47.0,309,242.0,73.0,848.0,594.0,494.0,216.0,,,,,,594;848;902;652,594;242;309;73;848;494;216;588;440;215;382;47,309;242;73;848;594;494;216,73;216;242;309;494;594;848,7,594;848,2,17,3,594;902,73;242;309;494;594;848;216,594;242;309;73;494;848;588;215;440;216;382;103,73;216;242;309;494;594;848,594,73;216;242;309;494;594;765;848;947,594;765;947,309;242;848,216;242;309;432;848,5,309;848;242;432;216,309;848;242;432;216
455,train,sem_seed_acq_front_place,acq:front_place,singleton,single-seed,"in the park, We pick a movie.",,442,824.0,59.0,880.0,639.0,,,,,,,,442,59,985,741,628.0,962.0,639.0,620.0,824.0,376.0,855.0,880.0,442,59.0,865.0,376.0,985.0,741.0,111.0,135.0,824.0,5.0,855.0,470.0,442;824;59;880;639,442;59;985;741;628;962;639;620;824;376;855;880,442;59;865;376;985;741;111;135;824;5;855;470,59;376;442;639;741;824;855;880;985,9,59;442;824,3,29,7,442;824;59;880;620;962,442;59;111;376;741;865;985;5;135;824;855;91,442;59;824;628;985;741;639;620;962;855;376;880,59;376;442;620;741;824;855;880;962;985,59;442;824,59;376;442;620;741;824;855;880;962;985,59;442;824,59;442,59;442,2,,
456,train,sem_0265,drink:decl,para3,lex,She drink a sandwich.,102;252,16,408.0,641.0,500.0,513.0,100.0,818.0,546.0,118.0,913.0,617.0,623.0,16,546,641,913,623.0,14.0,818.0,105.0,15.0,559.0,860.0,,14,818.0,16.0,623.0,559.0,15.0,860.0,546.0,913.0,641.0,408.0,464.0,16;408;641;500;513;100;818;546;118;913;617;623,16;546;641;913;623;14;818;105;15;559;860,14;818;16;623;559;15;860;546;913;641;408;464,14;15;16;408;546;559;623;641;818;860;913,11,16;546;623;641;818;913,6,21,4,16;513;408;641;818;118;546;913;617;623;171;14,14;16;623;818;15;559;860;546;641;913;26;38,16;913;546;641;14;623;818;105;15;559;860;487,14;15;16;546;559;623;641;818;860;913,14;16;546;623;641;818;913,14;15;16;102;252;546;559;623;641;818;860;913,14;16;102;252;546;623;641;818;913,16,16;623;818,3,16;623;818,16;623;818
457,train,sem_0014,pref:front_place,para4,order,"at school, He enjoy a novel.",27;541;867,541,336.0,372.0,27.0,579.0,530.0,144.0,603.0,,,,,541,27,545,336,372.0,579.0,530.0,237.0,110.0,214.0,144.0,316.0,541,27.0,167.0,336.0,374.0,231.0,854.0,372.0,545.0,499.0,579.0,530.0,541;336;372;27;579;530;144;603,541;27;545;336;372;579;530;237;110;214;144;316,541;27;167;336;374;231;854;372;545;499;579;530,27;144;336;372;530;541;545;579,8,27;336;372;530;541;579,6,28,6,541;336;27;372;603;530;579,541;27;167;231;336;374;372;499;545;854;530;579,541;27;336;545;372;237;316;530;579;144;110;214,27;336;372;530;541;545;579,27;336;372;530;541;579,27;336;372;530;541;545;579;867,27;336;372;530;541;579;867,541,541,1,541,541
458,train,sem_seed_watch_going_to,watch:going_to,singleton,single-seed,They are going to observe a game.,,150,719.0,524.0,558.0,742.0,381.0,161.0,46.0,804.0,200.0,891.0,561.0,46,480,829,161,561.0,804.0,381.0,42.0,526.0,823.0,150.0,55.0,829,46.0,480.0,161.0,561.0,846.0,42.0,381.0,804.0,823.0,758.0,55.0,150;719;524;558;742;381;161;46;804;200;891;561,46;480;829;161;561;804;381;42;526;823;150;55,829;46;480;161;561;846;42;381;804;823;758;55,42;46;55;150;161;381;480;561;804;823;829,11,46;161;381;561;804,5,33,7,150;719;524;558;381;46;742;804;161;561;891;42,46;161;480;561;829;846;42;381;804;55;150;492,46;381;42;804;561;480;829;161;526;823;846;150,42;46;150;161;381;480;561;804;829;846,42;46;150;161;381;561;804,42;46;150;161;381;480;561;804;829;846,42;46;150;161;381;561;804,681;846,524;681;719;846,4,846;681;719;524,846;681;719;524
459,train,sem_0018,call:front_time,para4,order,"Today, You text a friend.",250;358;820,820,862.0,350.0,776.0,250.0,205.0,264.0,,,,,,820,250,350,862,776.0,264.0,668.0,416.0,208.0,205.0,720.0,506.0,820,250.0,205.0,416.0,350.0,862.0,208.0,720.0,776.0,506.0,217.0,264.0,820;862;350;776;250;205;264,820;250;350;862;776;264;668;416;208;205;720;506,820;250;205;416;350;862;208;720;776;506;217;264,205;208;250;264;350;416;506;720;776;820;862,11,205;250;264;350;776;820;862,7,25,5,820;862;350;776;250;264;205;56,820;250;205;208;350;416;862;217;506;720;776;264,820;250;862;350;776;668;205;416;208;264;56;217,56;205;208;217;250;264;350;416;776;820;862,205;250;264;350;776;820;862,56;205;208;217;250;264;350;358;416;776;820;862,205;250;264;350;358;776;820;862,820;250;862,250;820;862,3,820;250;862,820;250;862
460,train,sem_0243,learn:decl,para3,base,We read a book.,587;758,877,360.0,226.0,758.0,775.0,989.0,859.0,167.0,949.0,433.0,996.0,900.0,758,877,360,226,433.0,679.0,859.0,255.0,67.0,762.0,996.0,470.0,859,877.0,255.0,226.0,679.0,360.0,758.0,996.0,762.0,67.0,470.0,433.0,877;360;226;758;775;989;859;167;949;433;996;900,758;877;360;226;433;679;859;255;67;762;996;470,859;877;255;226;679;360;758;996;762;67;470;433,67;226;255;360;433;470;679;758;762;859;877;996,12,226;360;433;758;859;877;996,7,15,4,877;360;226;758;775;989;167;859;949;433;996;900,226;255;360;679;859;877;758;67;762;996;470;433,877;360;758;226;433;679;255;859;762;67;996;470,67;226;255;360;433;470;679;758;762;859;877;996,226;360;433;758;859;877;996,67;226;255;360;433;470;587;679;758;762;859;877;996,226;360;433;587;758;859;877;996,226;996;360;859;758;255;762;712;67;587;877,67;226;255;360;587;712;758;762;859;877;996,11,996;360;226;758;877;255,996;360;226;758;877;255
461,train,sem_0086,call:past_simple,para3,tense,He phoned my father.,284;370,689,284.0,574.0,834.0,881.0,133.0,125.0,755.0,469.0,953.0,831.0,435.0,689,125,953,817,612.0,284.0,247.0,341.0,831.0,133.0,320.0,56.0,953,689.0,284.0,817.0,612.0,247.0,341.0,831.0,291.0,320.0,56.0,574.0,689;284;574;834;881;133;125;755;469;953;831;435,689;125;953;817;612;284;247;341;831;133;320;56,953;689;284;817;612;247;341;831;291;320;56;574,56;125;133;247;284;320;341;574;612;689;817;831;953,13,284;689;831;953,4,20,4,689;284;834;574;881;133;125;755;953;469;435;831,284;612;689;817;953;247;341;831;45;56;58;127,689;953;612;284;817;125;341;247;831;834;850;439,125;247;284;341;612;689;817;831;834;953,284;689;831;953,125;247;284;341;370;612;689;817;831;834;953,284;370;689;831;953,284;689;133;574;817;881;831;435;469;834;343;392,45;125;133;284;291;343;392;435;469;574;689;817;831;834;881,15,689;284;834;817;133;881;574;831;343;469;45;291;435;125,689;284;834;817;133;881;574;831;343;469;45;291;435;125
462,train,sem_0023,play:decl,singleton,base,He play a game.,,808,464.0,512.0,837.0,801.0,984.0,786.0,351.0,299.0,579.0,46.0,892.0,786,464,837,512,801.0,808.0,351.0,579.0,46.0,984.0,299.0,279.0,837,719.0,512.0,159.0,984.0,808.0,801.0,464.0,786.0,891.0,267.0,851.0,808;464;512;837;801;984;786;351;299;579;46;892,786;464;837;512;801;808;351;579;46;984;299;279,837;719;512;159;984;808;801;464;786;891;267;851,46;299;351;464;512;579;786;801;808;837;984,11,464;512;786;801;808;837;984,7,15,4,464;808;512;837;801;351;786;984;46;299;579;892,159;464;512;719;801;808;837;984;267;351;552;786,837;801;808;464;512;351;786;984;579;634;159;719,159;351;464;512;579;719;786;801;808;837;984,351;464;512;786;801;808;837;984,159;351;464;512;579;719;786;801;808;837;984,351;464;512;786;801;808;837;984,464;159,159;464;512,3,464;512,464;512
463,train,sem_0019,eat:decl,para4,lex,You have pizza.,366;646;908,869,218.0,705.0,102.0,529.0,75.0,252.0,804.0,658.0,750.0,92.0,917.0,75,218,529,869,102.0,705.0,120.0,252.0,804.0,658.0,92.0,344.0,75,707.0,705.0,750.0,344.0,102.0,529.0,917.0,218.0,869.0,507.0,252.0,869;218;705;102;529;75;252;804;658;750;92;917,75;218;529;869;102;705;120;252;804;658;92;344,75;707;705;750;344;102;529;917;218;869;507;252,75;92;102;218;252;344;529;658;705;750;804;869;917,13,75;102;218;252;529;705;869,7,15,3,218;869;705;102;529;75;252;658;804;750;92;917,75;102;218;344;529;705;707;750;869;917;80;120,75;218;869;705;102;529;120;252;344;707;750;917,75;102;120;218;252;344;529;705;707;750;869;917,75;102;218;529;705;750;869;917,75;102;120;218;252;344;366;529;646;705;707;750;869;908;917,75;102;218;366;529;646;705;750;869;908;917,869;707;705;344;75;529;51;120,51;75;102;120;218;344;529;705;707;869,10,869;705;707;75;102;344;120;218;529;51,869;705;707;75;102;344;120;218;529;51
464,train,sem_0108,play:decl,para3,base,She play a game.,,462,808.0,512.0,837.0,801.0,351.0,299.0,579.0,786.0,46.0,688.0,984.0,351,512,801,808,837.0,462.0,579.0,46.0,299.0,279.0,786.0,648.0,351,801.0,524.0,808.0,462.0,837.0,512.0,648.0,940.0,579.0,688.0,46.0,462;808;512;837;801;351;299;579;786;46;688;984,351;512;801;808;837;462;579;46;299;279;786;648,351;801;524;808;462;837;512;648;940;579;688;46,46;299;351;462;512;579;648;688;786;801;808;837,12,46;351;462;512;579;801;808;837,8,16,4,462;808;512;837;801;351;786;984;46;299;579;892,351;462;512;524;648;801;808;837;940;579;688;46,351;512;801;808;837;462;579;688;648;524;46;940,46;351;462;512;524;579;648;688;801;808;837;940,46;351;462;512;579;801;808;837,46;351;462;512;524;579;648;688;801;808;837;940,46;351;462;512;579;801;808;837,648;351;462;524,351;462;512;524;648;801,6,462;351;512;801,462;351;512;801
465,train,sem_seed_learn_comparative,learn:comparative,singleton,single-seed,This game is better than that film.,,589,643.0,136.0,885.0,172.0,888.0,,,,,,,136,643,589,885,172.0,888.0,630.0,614.0,795.0,552.0,279.0,299.0,643,136.0,589.0,888.0,172.0,885.0,,,,,,,589;643;136;885;172;888,136;643;589;885;172;888;630;614;795;552;279;299,643;136;589;888;172;885,136;172;589;643;885;888,6,136;172;589;643;885;888,6,35,7,589;643;136;172;888;885,136;589;643;172;885;888,136;643;589;885;888;172;630;552;614;795;299;779,136;172;589;643;885;888,136;172;589;643;885;888,136;172;589;643;885;888,136;172;589;643;885;888,589,136;589;643,3,589;643;136,589;643;136
466,train,sem_single_0935,move:past_cont,singleton,single,I was going to the library.,,415,82.0,544.0,224.0,12.0,183.0,304.0,,,,,,415,82,224,304,544.0,183.0,153.0,222.0,201.0,357.0,526.0,397.0,415,753.0,769.0,224.0,544.0,450.0,608.0,183.0,669.0,352.0,23.0,948.0,415;82;544;224;12;183;304,415;82;224;304;544;183;153;222;201;357;526;397,415;753;769;224;544;450;608;183;669;352;23;948,82;183;224;304;415;544,6,183;224;415;544,4,27,6,415;82;544;224;12;183;304,415;23;71;82;183;224;304;352;450;544;608;669,415;224;82;304;544;183;201;153;893;18;526;397,82;183;224;304;415;544,82;183;224;304;415;544,82;183;224;304;415;544,82;183;224;304;415;544,,,0,,
467,train,sem_0274,move:decl,para3,lex,I visit at the station.,385;769,662,717.0,830.0,107.0,642.0,378.0,553.0,327.0,928.0,140.0,863.0,729.0,107,662,717,830,327.0,246.0,928.0,553.0,146.0,642.0,378.0,729.0,717,662.0,107.0,830.0,327.0,140.0,948.0,246.0,183.0,744.0,146.0,928.0,662;717;830;107;642;378;553;327;928;140;863;729,107;662;717;830;327;246;928;553;146;642;378;729,717;662;107;830;327;140;948;246;183;744;146;928,107;140;146;246;327;378;553;642;662;717;729;830;928,13,107;327;662;717;830;928,6,23,5,662;717;830;642;107;378;553;928;140;863;729;327,107;662;717;830;327;140;146;183;246;378;553;642,717;662;830;107;327;146;246;642;928;378;553;863,107;140;146;246;327;378;553;642;662;717;830;863;928,107;327;378;553;642;662;717;830,107;140;146;246;327;378;385;553;642;662;717;769;830;863;928,107;327;378;385;553;642;662;717;769;830,717;107;830;662,29;107;292;322;549;583;662;717;730;830;998,11,717;662;107;830;583;549;29;292;730;998;322,717;662;107;830;583;549;29;292;730;998;322
468,train,sem_0278,move:decl,para3,lex,They travel to home.,338;977,313,449.0,287.0,17.0,809.0,998.0,549.0,322.0,968.0,304.0,673.0,188.0,313,449,287,304,809.0,549.0,322.0,17.0,673.0,188.0,998.0,968.0,313,304.0,449.0,287.0,716.0,195.0,968.0,809.0,842.0,,,,313;449;287;17;809;998;549;322;968;304;673;188,313;449;287;304;809;549;322;17;673;188;998;968,313;304;449;287;716;195;968;809;842,17;188;287;304;313;322;449;549;673;809;968;998,12,287;304;313;449;809;968,6,20,4,313;449;287;17;998;809;549;322;304;673;148;188,313;287;304;449;195;716;809;842;968,313;449;287;304;809;968;716;195;842;188;549;998,188;195;287;304;313;449;549;716;809;842;968;998,287;304;313;449;809,188;195;287;304;313;338;449;549;716;809;842;968;977;998,287;304;313;338;449;809;977,313,287;313,2,287,287
469,train,sem_0035,call:future_will,para4,tense,We will phone my father.,574;701;755,881,574.0,284.0,834.0,133.0,755.0,831.0,664.0,689.0,461.0,66.0,400.0,574,755,133,834,284.0,881.0,831.0,664.0,66.0,907.0,906.0,392.0,574,755.0,66.0,133.0,834.0,881.0,284.0,907.0,906.0,831.0,664.0,,881;574;284;834;133;755;831;664;689;461;66;400,574;755;133;834;284;881;831;664;66;907;906;392,574;755;66;133;834;881;284;907;906;831;664,66;133;284;574;664;755;831;834;881;906;907,11,66;133;284;574;664;755;831;834;881,9,24,5,881;574;284;834;133;755;831;664;689;461;66;400,574;755;66;133;284;834;881;906;907;831;664,574;755;834;284;133;881;66;831;907;664;906;439,66;133;284;574;664;755;831;834;881;906;907,66;133;284;574;664;755;831;834;881,66;133;284;574;664;701;755;831;834;881;906;907,66;133;284;574;664;701;755;831;834;881,574;133;66;755;689;461;881;284,45;66;133;284;343;439;461;574;605;689;755;831;834;856;881,15,574;881;133;755;689;284;439;605;834;461;831;66;343;856;45,574;881;133;755;689;284;439;605;834;461;831;66;343;856;45
470,train,sem_0281,social:front_place,para3,order,"in home, We start a book.",679;695,679,726.0,601.0,,,,,,,,,,679,726,865,601,302.0,412.0,611.0,222.0,859.0,460.0,255.0,968.0,679,726.0,865.0,460.0,255.0,859.0,601.0,996.0,67.0,762.0,363.0,849.0,679;726;601,679;726;865;601;302;412;611;222;859;460;255;968,679;726;865;460;255;859;601;996;67;762;363;849,255;460;601;679;726;859;865,7,601;679;726,3,25,6,679;726;601,679;726;865;255;460;601;859;67;762;996;362;363,679;726;601;865;302;412;611;460;255;859;874;968,255;460;601;679;726;859;865,601;679;726,255;460;601;679;695;726;859;865,601;679;695;726,679,679,1,679,679
471,train,sem_seed_social_decl,social:decl,singleton,single-seed,He use a book.,,273,508.0,217.0,645.0,867.0,898.0,67.0,711.0,,,,,508,273,217,645,898.0,19.0,95.0,877.0,502.0,74.0,867.0,969.0,508,867.0,74.0,502.0,877.0,273.0,645.0,217.0,898.0,969.0,19.0,394.0,273;508;217;645;867;898;67;711,508;273;217;645;898;19;95;877;502;74;867;969,508;867;74;502;877;273;645;217;898;969;19;394,19;74;217;273;502;508;645;867;877;898;969,11,217;273;508;645;867;898,6,14,4,273;508;217;645;867;898;711,508;74;273;502;645;867;877;217;898;969;19;4,508;273;217;645;898;95;502;74;877;867;19;566,19;74;217;273;502;508;645;867;877;898,217;273;508;645;867;898,19;74;217;273;502;508;645;867;877;898,217;273;508;645;867;898,508;273;877,273;508;877,3,508;273,508;273
472,train,sem_0042,watch:present_cont,para4,tense,I am seeing a game.,387;925;950,846,68.0,950.0,,,,,,,,,,68,846,811,191,96.0,51.0,787.0,764.0,893.0,173.0,18.0,950.0,68,950.0,925.0,512.0,902.0,746.0,386.0,811.0,221.0,191.0,846.0,579.0,846;68;950,68;846;811;191;96;51;787;764;893;173;18;950,68;950;925;512;902;746;386;811;221;191;846;579,68;191;811;846;950,5,68;846;950,3,19,5,846;68,68;512;746;902;925;950;191;221;386;811;846;579,68;846;191;811;51;787;764;96;746;902;950;925,68;191;746;811;846;902;925;950,68;846,68;191;387;746;811;846;902;925;950,68;387;846;925;950,950;240;616;925;109;846;200,69;109;200;240;244;251;558;616;644;648;846;925;950,13,616;950;240;925;244;69;109;846;644;251;200;558;648,616;950;240;925;244;69;109;846;644;251;200;558;648
473,train,sem_0024,play:decl,para4,lex,You play a song.,141;359;448,139,984.0,892.0,124.0,485.0,837.0,134.0,550.0,851.0,198.0,267.0,726.0,485,134,124,984,892.0,139.0,851.0,267.0,550.0,198.0,726.0,30.0,485,139.0,837.0,892.0,984.0,900.0,124.0,134.0,851.0,550.0,267.0,198.0,139;984;892;124;485;837;134;550;851;198;267;726,485;134;124;984;892;139;851;267;550;198;726;30,485;139;837;892;984;900;124;134;851;550;267;198,124;134;139;198;267;485;550;726;837;851;892;984,12,124;134;139;198;267;485;550;851;892;984,10,16,4,139;984;892;124;485;837;134;851;550;198;726;267,485;124;134;139;837;892;900;984;267;550;851;198,485;892;124;134;139;984;267;851;550;837;726;198,124;134;139;198;267;485;550;726;837;851;892;984,124;134;139;198;267;485;550;837;851;892;984,124;134;139;141;198;267;359;448;485;550;726;837;851;892;984,124;134;139;141;198;267;359;448;485;550;837;851;892;984,139;124;892;141;550,124;139;141;275;359;550;656;892;984,9,139;892;141;550;656;124;275;984;359,139;892;141;550;656;124;275;984;359
474,train,sem_0010,learn:front_place,para4,order,"in the town, She read a novel.",629;660;949,949,167.0,226.0,992.0,712.0,965.0,979.0,660.0,70.0,422.0,989.0,777.0,965,979,949,777,660.0,911.0,712.0,167.0,992.0,226.0,196.0,422.0,949,979.0,777.0,965.0,660.0,635.0,376.0,911.0,422.0,515.0,321.0,992.0,949;167;226;992;712;965;979;660;70;422;989;777,965;979;949;777;660;911;712;167;992;226;196;422,949;979;777;965;660;635;376;911;422;515;321;992,167;226;422;660;712;777;911;949;965;979;992,11,422;660;777;949;965;979;992,7,30,7,949;167;226;965;712;992;979;660;70;422;989;777,949;777;965;979;660;376;422;635;911;167;226;321,979;965;949;660;777;992;226;712;167;911;17;286,167;226;422;660;712;777;911;949;965;979;992,167;226;660;777;949;965;979,167;226;422;629;660;712;777;911;949;965;979;992,167;226;629;660;777;949;965;979,422,422,1,,
475,train,sem_0220,watch:decl,para3,base,You view a show.,390;506,506,882.0,52.0,410.0,69.0,889.0,,,,,,,506,882,52,410,69.0,390.0,259.0,648.0,220.0,732.0,77.0,272.0,506,52.0,69.0,390.0,882.0,410.0,259.0,273.0,900.0,251.0,131.0,258.0,506;882;52;410;69;889,506;882;52;410;69;390;259;648;220;732;77;272,506;52;69;390;882;410;259;273;900;251;131;258,52;69;259;390;410;506;882,7,52;69;410;506;882,5,16,4,506;882;52;69;410;732,506;52;69;390;882;410;8;80;131;151;170;197,506;52;882;410;69;390;732;259;648;220;330;197,52;69;197;390;410;506;732;882,52;69;410;506;882,52;69;197;390;410;506;732;882,52;69;390;410;506;882,52;390;506;410;882,52;390;410;419;506;534;734;882,8,52;390;410;882;506;734;534;419,52;390;410;882;506;734;534;419
476,train,sem_0027,pref:front_time,para4,order,"Yesterday, You like a movie.",353;377;778,778,923.0,135.0,145.0,485.0,754.0,448.0,960.0,908.0,890.0,353.0,,778,353,754,145,135.0,960.0,485.0,923.0,908.0,890.0,448.0,151.0,778,353.0,151.0,375.0,713.0,824.0,890.0,419.0,135.0,754.0,908.0,923.0,778;923;135;145;485;754;448;960;908;890;353,778;353;754;145;135;960;485;923;908;890;448;151,778;353;151;375;713;824;890;419;135;754;908;923,135;145;151;353;448;485;754;778;890;908;923;960,12,135;353;754;778;890;908;923,7,28,5,778;135;145;923;485;448;754;960;908;890;353,778;353;135;151;375;419;713;824;890;145;485;754,778;353;754;135;145;890;485;908;923;960;448;713,135;145;353;448;485;713;754;778;890;908;923;960,135;145;353;485;754;778;890,135;145;353;377;448;485;713;754;778;890;908;923;960,135;145;353;377;485;754;778;890,778,778,1,,
477,train,sem_0043,learn:decl,para4,base,I review a book.,333;704;926,859,629.0,926.0,413.0,704.0,85.0,865.0,96.0,841.0,587.0,515.0,360.0,926,96,629,413,859.0,865.0,841.0,85.0,626.0,4.0,704.0,360.0,926,360.0,413.0,394.0,939.0,85.0,859.0,4.0,704.0,629.0,96.0,290.0,859;629;926;413;704;85;865;96;841;587;515;360,926;96;629;413;859;865;841;85;626;4;704;360,926;360;413;394;939;85;859;4;704;629;96;290,4;85;96;360;413;629;704;841;859;865;926,11,85;96;360;413;629;704;859;926,8,16,4,859;629;413;926;704;85;865;96;841;587;515;360,926;4;85;360;394;413;629;704;859;939;96;28,926;413;629;859;96;85;626;865;841;704;939;360,85;96;360;413;629;704;841;859;865;926;939,85;96;360;413;629;704;859;926,85;96;333;360;413;629;704;841;859;865;926;939,85;96;333;360;413;629;704;859;926,704;85;859;96;926;413;360;626;629;587;394;865,85;96;360;394;413;587;626;629;704;859;865;926,12,704;85;859;96;413;626;926;587,704;85;859;96;413;626;926;587
478,train,sem_single_0940,move:perfect_pr,singleton,single,She has returned at the city.,,256,384.0,596.0,,,,,,,,,,256,61,384,658,596.0,387.0,396.0,934.0,301.0,376.0,401.0,243.0,934,246.0,61.0,928.0,396.0,256.0,384.0,596.0,301.0,70.0,658.0,264.0,256;384;596,256;61;384;658;596;387;396;934;301;376;401;243,934;246;61;928;396;256;384;596;301;70;658;264,61;256;301;384;396;596;658;934,8,256;384;596,3,29,6,256;384;596,61;246;256;396;928;934;70;301;384;596;658;264,256;61;934;396;384;596;658;387;301;243;401;376,61;256;301;384;396;596;658;934,256;384;596,61;256;301;384;396;596;658;934,256;384;596,,301;396,2,396;301,396;301
479,train,sem_0028,learn:decl,para4,lex,They study a song.,42;210;339,168,838.0,866.0,111.0,231.0,814.0,1.0,124.0,158.0,781.0,825.0,,168,838,111,866,543.0,930.0,826.0,124.0,590.0,895.0,245.0,231.0,838,124.0,930.0,826.0,168.0,543.0,245.0,895.0,590.0,198.0,523.0,111.0,168;838;866;111;231;814;1;124;158;781;825,168;838;111;866;543;930;826;124;590;895;245;231,838;124;930;826;168;543;245;895;590;198;523;111,111;124;168;231;245;543;590;826;838;866;895;930,12,111;124;168;838,4,18,4,838;168;111;866;231;814;1;124,124;168;543;826;838;930;245;590;895;198;111;523,838;168;866;111;543;930;826;124;814;231;895;590,111;124;168;231;543;590;814;826;838;866;895;930,111;124;168;838,42;111;124;168;210;231;339;543;590;814;826;838;866;895;930,42;111;124;168;210;339;838,168;781;838,42;168;339;543;771;781;838;866;895;997,10,168;543;838;781;895;866;997;771;42;339,168;543;838;781;895;866;997;771;42;339
480,train,sem_0148,call:going_to,para3,tense,They are going to contact a friend.,60;952,952,356.0,297.0,298.0,804.0,161.0,561.0,42.0,526.0,381.0,829.0,823.0,952,829,458,561,161.0,804.0,381.0,42.0,526.0,823.0,758.0,531.0,952,161.0,829.0,561.0,458.0,804.0,381.0,42.0,492.0,806.0,526.0,505.0,952;356;297;298;804;161;561;42;526;381;829;823,952;829;458;561;161;804;381;42;526;823;758;531,952;161;829;561;458;804;381;42;492;806;526;505,42;161;381;458;526;561;804;823;829;952,10,42;161;381;526;561;804;829;952,8,35,7,952;356;297;298;804;561;526;42;161;381;458,952;161;458;561;829;42;381;804;46;55;492;505,952;804;381;42;561;829;458;161;356;526;823;723,42;161;356;381;458;526;561;804;829;952,42;161;381;458;561;804;952,42;60;161;356;381;458;526;561;804;829;952,42;60;161;381;458;561;804;952,952,297;356;952,3,952;356;297,952;356;297
481,train,sem_0174,acq:decl,para3,lex,I order a computer.,123;821,566,334.0,959.0,706.0,772.0,697.0,601.0,569.0,760.0,365.0,137.0,845.0,624,520,565,800,84.0,488.0,491.0,663.0,772.0,959.0,334.0,569.0,624,520.0,800.0,565.0,862.0,408.0,394.0,871.0,902.0,360.0,706.0,333.0,566;334;959;706;772;697;601;569;760;365;137;845,624;520;565;800;84;488;491;663;772;959;334;569,624;520;800;565;862;408;394;871;902;360;706;333,334;520;565;569;624;706;772;800;959,9,,0,19,4,334;566;959;706;772;569;697;601;760;365;845;720,624;520;565;800;4;14;78;84;85;108;123;139,624;520;800;565;663;84;488;491;772;334;959;601,84;334;520;565;601;624;772;800;959,,84;123;334;520;565;601;624;772;800;821;959,123;821,959,959,1,959,959
482,train,sem_single_0958,play:because_cause,singleton,single,"I play music, because it is warm.",,206,279.0,710.0,988.0,795.0,510.0,924.0,329.0,799.0,6.0,912.0,564.0,279,206,710,329,924.0,6.0,564.0,779.0,799.0,584.0,912.0,510.0,279,710.0,206.0,424.0,924.0,3.0,6.0,329.0,990.0,638.0,130.0,779.0,206;279;710;988;795;510;924;329;799;6;912;564,279;206;710;329;924;6;564;779;799;584;912;510,279;710;206;424;924;3;6;329;990;638;130;779,6;206;279;329;510;564;710;779;799;912;924,11,6;206;279;329;710;924,6,33,7,279;206;564;988;924;329;710;779;510;795;912;6,279;710;206;424;3;6;329;924;990;638;130;299,279;206;710;6;924;329;347;988;510;564;130;779,6;130;206;279;329;510;564;710;779;924;988,6;206;279;329;710;924,6;130;206;279;329;510;564;710;779;924;988,6;206;279;329;710;924,279,206;279,2,279;206,279;206
483,train,sem_0131,eat:decl,para3,base,We order lunch.,533;847,788,800.0,784.0,597.0,847.0,432.0,757.0,671.0,446.0,268.0,207.0,787.0,597,788,784,800,446.0,268.0,671.0,432.0,674.0,132.0,652.0,847.0,597,847.0,671.0,788.0,784.0,652.0,268.0,132.0,879.0,674.0,446.0,800.0,788;800;784;597;847;432;757;671;446;268;207;787,597;788;784;800;446;268;671;432;674;132;652;847,597;847;671;788;784;652;268;132;879;674;446;800,132;268;432;446;597;652;671;674;784;788;800;847,12,268;446;597;671;784;788;800;847,8,15,3,788;800;784;597;847;432;757;671;268;207;446,597;132;268;432;446;652;671;674;784;788;800;847,597;784;788;800;671;268;446;674;652;132;879;432,132;268;432;446;597;652;671;674;784;788;800;847,268;432;446;597;671;784;788;800,132;268;432;446;533;597;652;671;674;784;788;800;847,268;432;446;533;597;671;784;788;800;847,847;784;800;597;652;268;879;787;884;788;671,268;520;597;652;671;784;787;788;800;847;879;884,12,597;847;784;800;268;652;787;788;879;671;520,597;847;784;800;268;652;787;788;879;671;520
484,train,sem_0207,watch:decl,para3,lex,You watch a film.,151;531,852,233.0,251.0,419.0,795.0,925.0,159.0,644.0,534.0,681.0,633.0,896.0,233,852,795,419,251.0,377.0,131.0,935.0,931.0,857.0,159.0,644.0,251,419.0,852.0,377.0,233.0,935.0,131.0,931.0,857.0,752.0,199.0,205.0,852;233;251;419;795;925;159;644;534;681;633;896,233;852;795;419;251;377;131;935;931;857;159;644,251;419;852;377;233;935;131;931;857;752;199;205,131;159;233;251;377;419;644;795;852;857;931;935,12,233;251;419;852,4,17,4,852;233;251;419;925;159;644;795;534;681;633;377,131;233;251;377;419;852;935;931;857;8;63;69,233;852;251;419;131;935;377;795;931;534;633;925,131;233;251;377;419;534;633;795;852;925;931;935,233;251;377;419;852,131;151;233;251;377;419;531;534;633;795;852;925;931;935,151;233;251;377;419;531;852,419;151;935;852;713;778;633;259;377;490;811;931,151;233;259;377;419;490;633;713;778;811;852;931;935,13,419;151;935;852;713;931;233;259;490;377;633,419;151;935;852;713;931;233;259;490;377;633
485,train,sem_single_0931,play:front_time,singleton,single,"Yesterday, You play a song.",,448,473.0,966.0,351.0,139.0,960.0,984.0,476.0,892.0,908.0,923.0,124.0,448,473,351,966,124.0,139.0,892.0,134.0,984.0,267.0,550.0,851.0,473,837.0,900.0,892.0,139.0,984.0,124.0,134.0,448.0,476.0,267.0,550.0,448;473;966;351;139;960;984;476;892;908;923;124,448;473;351;966;124;139;892;134;984;267;550;851,473;837;900;892;139;984;124;134;448;476;267;550,124;134;139;267;351;448;473;476;550;892;966;984,12,124;139;448;473;892;984,6,27,5,448;473;351;966;139;984;960;892;476;908;124;923,473;124;134;139;448;837;892;900;984;267;351;476,448;473;351;966;134;984;139;124;892;267;851;550,124;134;139;267;351;448;473;476;892;966;984,124;139;351;448;473;892;984,124;134;139;267;351;448;473;476;892;966;984,124;139;351;448;473;892;984,448,448,1,448,448
486,train,sem_0181,drink:decl,para3,lex,He have juice.,79;405,728,296.0,640.0,31.0,654.0,342.0,306.0,767.0,,,,,296,218,791,770,184.0,562.0,345.0,302.0,283.0,658.0,116.0,149.0,562,770.0,184.0,218.0,791.0,345.0,296.0,302.0,283.0,,,,728;296;640;31;654;342;306;767,296;218;791;770;184;562;345;302;283;658;116;149,562;770;184;218;791;345;296;302;283,184;218;283;296;302;345;562;770;791,9,296,1,14,3,728;296;640;31;654;306;767,184;218;562;770;791;296;345;283;302,296;184;770;218;791;562;345;302;283;728;342;767,184;218;283;296;302;345;562;728;767;770;791,296,79;184;218;283;296;302;345;405;562;728;767;770;791,79;296;405,,31;243;913,3,913;243;31,913;243;31
487,train,sem_0170,drink:decl,para3,base,You drink juice.,,913,104.0,452.0,453.0,690.0,243.0,970.0,143.0,,,,,104,913,452,149,453.0,970.0,143.0,690.0,156.0,905.0,767.0,116.0,104,149.0,913.0,453.0,452.0,143.0,690.0,970.0,156.0,,,,913;104;452;453;690;243;970;143,104;913;452;149;453;970;143;690;156;905;767;116,104;149;913;453;452;143;690;970;156,104;143;149;156;452;453;690;913;970,9,104;143;452;453;690;913;970,7,16,3,913;104;452;453;690;243;970;143,104;149;453;913;143;452;690;970;156,913;104;452;149;453;970;143;690;156;905;728;607,104;143;149;156;452;453;690;913;970,104;143;452;453;690;913;970,104;143;149;156;452;453;690;913;970,104;143;452;453;690;913;970,149;104;905;654;306;516;452;607;116;913,104;116;149;306;342;452;516;607;654;728;905;913,12,104;149;452;306;116;516;654;913;728;607;342,104;149;452;306;116;516;654;913;728;607;342
488,train,sem_seed_acq_wh_what,acq:wh_what,singleton,single-seed,What do I order?,,254,189.0,271.0,,,,,,,,,,271,189,254,496,731.0,738.0,234.0,86.0,47.0,980.0,622.0,593.0,271,189.0,254.0,520.0,565.0,800.0,481.0,491.0,999.0,980.0,324.0,738.0,254;189;271,271;189;254;496;731;738;234;86;47;980;622;593,271;189;254;520;565;800;481;491;999;980;324;738,189;254;271;738;980,5,189;254;271,3,16,4,254;189;271,189;254;271;520;565;800;13;47;84;86;232;234,254;271;189;234;86;496;622;731;738;980;47;593,47;86;189;234;254;271,189;254;271,47;86;189;234;254;271,189;254;271,,,0,,
489,train,sem_0284,acq:front_place,para3,order,"at the cafe, He pick a sandwich.",513;868,513,408.0,171.0,805.0,308.0,500.0,79.0,100.0,,,,,513,805,308,10,408.0,146.0,338.0,521.0,378.0,93.0,553.0,977.0,513,10.0,805.0,308.0,911.0,48.0,16.0,408.0,38.0,553.0,910.0,556.0,513;408;171;805;308;500;79;100,513;805;308;10;408;146;338;521;378;93;553;977,513;10;805;308;911;48;16;408;38;553;910;556,10;308;408;513;553;805,6,308;408;513;805,4,32,7,513;408;171;308;805;79,513;10;805;48;308;911;16;38;408;93;113;146,513;805;408;308;10;977;521;146;553;338;93;378,10;93;146;308;408;513;805,308;408;513;805,10;93;146;308;408;513;805;868,308;408;513;805;868,513,513;805,2,513;805,513;805
490,train,sem_0052,watch:decl,para4,base,I observe a movie.,54;852;982,991,861.0,713.0,54.0,982.0,536.0,112.0,719.0,524.0,558.0,418.0,330.0,536,982,54,991,861.0,713.0,112.0,651.0,747.0,811.0,896.0,81.0,54,982.0,536.0,651.0,861.0,713.0,991.0,811.0,747.0,896.0,112.0,81.0,991;861;713;54;982;536;112;719;524;558;418;330,536;982;54;991;861;713;112;651;747;811;896;81,54;982;536;651;861;713;991;811;747;896;112;81,54;81;112;536;651;713;747;811;861;896;982;991,12,54;112;536;713;861;982;991,7,18,4,991;861;713;54;536;982;112;719;524;418;792;558,54;536;982;651;713;861;991;112;747;811;896;81,982;536;54;991;861;713;112;651;896;811;747;81,54;81;112;536;651;713;747;811;861;896;982;991,54;112;536;713;861;982;991,54;81;112;536;651;713;747;811;852;861;896;982;991,54;112;536;713;852;861;982;991,536;982;713;54;852;935;811;991;861;792;419;931;484;151,5;54;151;419;484;536;713;792;811;852;861;931;935;982;991,15,536;982;713;54;935;991;861;811;419;792;852;931;151;484;5,536;982;713;54;935;991;861;811;419;792;852;931;151;484;5
491,train,sem_0046,acq:front_time,para4,order,"Now, I order pizza.",120;565;735,565,671.0,921.0,987.0,344.0,431.0,381.0,,,,,,565,921,671,344,987.0,317.0,431.0,381.0,225.0,332.0,520.0,800.0,565,335.0,520.0,671.0,344.0,869.0,800.0,774.0,503.0,921.0,987.0,120.0,565;671;921;987;344;431;381,565;921;671;344;987;317;431;381;225;332;520;800,565;335;520;671;344;869;800;774;503;921;987;120,344;381;431;520;565;671;800;921;987,9,344;565;671;921;987,5,19,4,565;671;921;987;344;431;381,565;335;344;503;520;671;774;800;869;921;987;51,565;987;921;671;344;317;431;520;800;503;869;335,335;344;431;503;520;565;671;800;869;921;987,344;565;671;921;987,120;335;344;431;503;520;565;671;735;800;869;921;987,120;344;565;671;735;921;987,565;120;671;503;987;344,120;344;431;503;520;565;663;671;987,9,565;344;503;671;663;120;520;431,565;344;503;671;663;120;520;431
492,train,sem_single_0965,pref:going_to,singleton,single,We are going to enjoy a sandwich.,,55,798.0,505.0,500.0,758.0,497.0,161.0,,,,,,55,758,505,497,161.0,46.0,480.0,561.0,806.0,829.0,531.0,458.0,55,758.0,505.0,561.0,458.0,161.0,480.0,806.0,497.0,531.0,46.0,829.0,55;798;505;500;758;497;161,55;758;505;497;161;46;480;561;806;829;531;458,55;758;505;561;458;161;480;806;497;531;46;829,46;55;161;458;480;497;505;531;561;758;806;829,12,55;161;497;505;758,5,33,7,55;798;505;758,55;505;758;46;161;458;480;497;531;561;806;829,55;758;505;497;798;723;829;561;480;161;458;46,46;55;161;458;480;497;505;561;758;798;829,55;505;758,46;55;161;458;480;497;505;561;758;798;829,55;505;758,55;177;118;798,55;99;118;177;414;504;798;899;944,9,55;177;118;798;414;899;504;944;99,55;177;118;798;414;899;504;944;99
493,train,sem_0091,eat:decl,para3,lex,I have lunch.,84;520,184,879.0,836.0,848.0,305.0,132.0,216.0,345.0,532.0,451.0,278.0,329.0,305,836,184,879,345.0,848.0,216.0,451.0,532.0,329.0,800.0,787.0,305,869.0,800.0,836.0,184.0,879.0,0.0,120.0,254.0,832.0,345.0,324.0,184;879;836;848;305;132;216;345;532;451;278;329,305;836;184;879;345;848;216;451;532;329;800;787,305;869;800;836;184;879;0;120;254;832;345;324,184;216;305;329;345;451;532;800;836;848;879,11,184;305;345;836;879,5,13,3,184;879;836;848;305;132;216;345;532;451;278,305;0;184;800;836;869;879;120;254;324;345;787,305;836;184;879;848;345;800;451;216;869;0;787,0;184;216;305;345;451;787;800;836;848;869;879,184;305;345;836;879,0;84;184;216;305;345;451;520;787;800;836;848;869;879,84;184;305;345;520;836;879,305;879;309;800;848;884;922;242;787,184;216;242;305;309;787;800;832;836;848;879;884;922,13,305;879;309;836;184;216;848;922;832;884,305;879;309;836;184;216;848;922;832;884
494,train,sem_0197,eat:present_cont,para3,tense,You are eating lunch.,309;917,40,682.0,884.0,113.0,,,,,,,,,40,884,113,73,309.0,454.0,242.0,445.0,848.0,22.0,200.0,366.0,309,242.0,73.0,454.0,40.0,445.0,848.0,884.0,,,,,40;682;884;113,40;884;113;73;309;454;242;445;848;22;200;366,309;242;73;454;40;445;848;884,40;73;113;242;309;445;454;848;884,9,40;884,2,22,4,40;884,73;242;309;454;40;445;848;884,40;884;454;73;309;242;113;445;848;366;22;200,40;73;242;309;445;454;848;884,40;884,40;73;242;309;445;454;848;884;917,40;309;884;917,309;242;884;848,40;73;242;309;848;884,6,309;40;242;884;73,309;40;242;884;73
495,train,sem_seed_pref_imperative,pref:imperative,singleton,single-seed,Please prefer a sandwich.,,393,138.0,785.0,944.0,624.0,696.0,14.0,604.0,646.0,500.0,78.0,74.0,393,138,785,233,742.0,134.0,858.0,941.0,932.0,655.0,994.0,389.0,393,138.0,785.0,742.0,568.0,735.0,456.0,38.0,604.0,941.0,177.0,408.0,393;138;785;944;624;696;14;604;646;500;78;74,393;138;785;233;742;134;858;941;932;655;994;389,393;138;785;742;568;735;456;38;604;941;177;408,138;393;604;742;785;941,6,138;393;785,3,25,4,393;138;785;624;14;944;604;646;78;74;696;794,393;138;785;8;14;16;38;74;78;80;99;108,393;138;785;858;134;742;941;233;994;932;389;655,14;74;78;138;393;785,138;393;785,14;74;78;138;393;785,138;393;785,393;138;944,138;393;408;617;696;785;798;944,8,393;138;944;696;408;785;617;798,393;138;944;696;408;785;617;798
496,train,sem_seed_learn_wh_what,learn:wh_what,singleton,single-seed,What do They read?,,234,826.0,339.0,712.0,162.0,,,,,,,,234,254,488,731,738.0,271.0,622.0,47.0,86.0,593.0,189.0,980.0,234,339.0,593.0,575.0,254.0,271.0,622.0,816.0,331.0,980.0,712.0,488.0,234;826;339;712;162,234;254;488;731;738;271;622;47;86;593;189;980,234;339;593;575;254;271;622;816;331;980;712;488,234;254;271;339;488;593;622;712;980,9,234,1,18,4,234;826;339,234;339;35;47;86;162;189;254;271;331;488;575,234;488;189;622;980;731;254;738;47;271;593;86,47;86;189;234;254;271;339;488,234,47;86;189;234;254;271;339;488,234,,,0,,
497,train,sem_0009,call:going_to,para4,tense,We are going to text my teacher.,160;380;692,692,756.0,434.0,557.0,668.0,160.0,505.0,55.0,758.0,44.0,282.0,492.0,434,692,160,823,756.0,492.0,505.0,758.0,55.0,557.0,668.0,723.0,692,434.0,505.0,55.0,492.0,160.0,758.0,823.0,756.0,667.0,701.0,907.0,692;756;434;557;668;160;505;55;758;44;282;492,434;692;160;823;756;492;505;758;55;557;668;723,692;434;505;55;492;160;758;823;756;667;701;907,55;160;434;492;505;557;668;692;756;758;823,11,55;160;434;492;505;692;756;758,8,32,7,692;756;434;557;668;160;505;758;55;709;282,692;434;55;160;492;505;758;823;667;701;756;557,692;434;756;557;668;160;823;492;505;55;758;701,55;160;434;492;505;557;668;692;701;756;758;823,55;160;434;505;557;692;756;758,55;160;380;434;492;505;557;668;692;701;756;758;823,55;160;380;434;505;557;692;756;758,692;907;557;160,160;557;668;692;756;907,6,692;557;756;907;668,692;557;756;907;668
498,train,sem_0288,call:front_place,para3,order,"in the library, She text my father.",693;850,264,850.0,56.0,92.0,247.0,222.0,153.0,346.0,857.0,304.0,701.0,58.0,850,721,264,160,56.0,196.0,247.0,153.0,92.0,222.0,857.0,834.0,850,721.0,264.0,196.0,160.0,834.0,291.0,56.0,45.0,605.0,106.0,247.0,264;850;56;92;247;222;153;346;857;304;701;58,850;721;264;160;56;196;247;153;92;222;857;834,850;721;264;196;160;834;291;56;45;605;106;247,56;92;153;160;196;222;247;264;721;834;850;857,12,56;247;264;850,4,35,7,850;264;56;247;92;58;153;222;304;857;346;210,850;721;160;196;264;45;56;291;834;106;224;247,850;721;56;264;247;160;196;45;834;291;153;92,45;56;92;153;160;196;247;264;291;721;834;850,56;247;264;850,45;56;92;153;160;196;247;264;291;693;721;834;850,56;247;264;693;850,264;850,264;850,2,264,264
499,train,sem_0025,learn:front_time,para4,order,"Today, He learn a novel.",374;854;877,374,871.0,854.0,923.0,519.0,997.0,255.0,771.0,263.0,394.0,281.0,,374,854,871,519,923.0,112.0,167.0,541.0,231.0,27.0,457.0,965.0,374,854.0,231.0,541.0,871.0,167.0,112.0,923.0,27.0,519.0,457.0,965.0,374;871;854;923;519;997;255;771;263;394;281,374;854;871;519;923;112;167;541;231;27;457;965,374;854;231;541;871;167;112;923;27;519;457;965,27;112;167;231;374;457;519;541;854;871;923;965,12,374;519;854;871;923,5,24,5,374;871;854;923;519;771;263;997;255;394,374;854;167;231;541;871;27;112;519;923;457;965,374;854;871;519;923;167;541;231;112;27;263;281,27;112;167;231;263;374;519;541;854;871;923,374;519;854;871;923,27;112;167;231;263;374;519;541;854;871;877;923,374;519;854;871;877;923,374,231;374,2,374;231,374;231
500,train,sem_seed_acq_past_simple,acq:past_simple,singleton,single-seed,I got a sandwich.,,108,177.0,568.0,118.0,677.0,617.0,818.0,408.0,80.0,624.0,910.0,678.0,735,798,525,617,624.0,408.0,108.0,171.0,754.0,100.0,,,108,735.0,525.0,798.0,408.0,624.0,617.0,171.0,754.0,100.0,261.0,862.0,108;177;568;118;677;617;818;408;80;624;910;678,735;798;525;617;624;408;108;171;754;100,108;735;525;798;408;624;617;171;754;100;261;862,100;108;171;408;525;617;624;735;754;798,10,108;408;617;624,4,17,4,108;177;568;118;677;818;617;80;624;678;408;623,108;408;525;617;624;735;798;100;171;754;4;14,624;617;798;108;525;735;408;171;100;754;677;393,100;108;171;408;525;617;624;677;735;754;798,108;408;617;624,100;108;171;408;525;617;624;677;735;754;798,108;408;617;624,108;525;624;408;617;735;798;568;623;118;171;177;678;100,14;80;100;108;118;171;177;408;525;568;617;623;624;646;678;735;763;798,18,100;525;80;118;568;624;623;108;735;408;617;678;763;177;646;14,100;525;80;118;568;624;623;108;735;408;617;678;763;177;646;14
501,train,sem_0071,pref:decl,para3,lex,We enjoy pizza.,393;944,774,37.0,632.0,600.0,116.0,316.0,541.0,603.0,336.0,,,,774,37,116,600,632.0,880.0,492.0,705.0,671.0,675.0,431.0,516.0,600,37.0,774.0,671.0,116.0,632.0,705.0,675.0,431.0,,,,774;37;632;600;116;316;541;603;336,774;37;116;600;632;880;492;705;671;675;431;516,600;37;774;671;116;632;705;675;431,37;116;431;600;632;671;675;705;774,9,37;116;600;632;774,5,15,3,774;37;600;116;632;316;541;603;336,37;116;600;632;671;705;774;675;431,37;774;600;632;116;671;705;675;880;431;516;242,37;116;431;600;632;671;675;705;774,37;116;600;632;774,37;116;393;431;600;632;671;675;705;774;944,37;116;393;600;632;774;944,774;37;335;705;671;675;685;707,37;335;436;671;675;685;705;707;774,9,37;774;335;705;707;436;671;685,37;774;335;705;707;436;671;685
502,train,sem_0044,learn:decl,para3,lex,He practice a book.,167;965,752,28.0,702.0,321.0,187.0,333.0,340.0,543.0,347.0,537.0,24.0,269.0,752,28,347,187,24.0,471.0,867.0,877.0,74.0,508.0,333.0,702.0,471,74.0,877.0,867.0,752.0,28.0,508.0,969.0,187.0,178.0,347.0,167.0,752;28;702;321;187;333;340;543;347;537;24;269,752;28;347;187;24;471;867;877;74;508;333;702,471;74;877;867;752;28;508;969;187;178;347;167,24;28;74;187;333;347;471;508;702;752;867;877,12,28;187;347;752,4,19,4,752;28;321;702;187;333;340;543;347;537;24;91,74;471;752;867;877;28;508;969;187;4;8;16,752;28;187;347;24;867;877;74;471;333;543;321,24;28;74;187;321;333;347;471;543;752;867;877,28;187;752,24;28;74;167;187;321;333;347;471;543;752;867;877;965,28;167;187;752;965,752,28;340;752,3,752;28;340,752;28;340
503,train,sem_0089,acq:decl,para3,lex,I purchase pizza.,171;408,577,724.0,230.0,241.0,735.0,652.0,248.0,170.0,711.0,43.0,749.0,578.0,577,230,735,241,81.0,565.0,869.0,774.0,335.0,120.0,491.0,51.0,335,774.0,565.0,869.0,577.0,51.0,120.0,241.0,230.0,735.0,685.0,491.0,577;724;230;241;735;652;248;170;711;43;749;578,577;230;735;241;81;565;869;774;335;120;491;51,335;774;565;869;577;51;120;241;230;735;685;491,51;120;230;241;335;491;565;577;735;774;869,11,230;241;577;735,4,17,3,577;230;241;735;724;652;170;248;711;43;749;578,335;565;577;774;869;51;120;230;241;491;685;735,577;735;230;241;869;774;565;335;685;120;491;51,51;120;230;241;335;491;565;577;685;735;774;869,230;241;577;735,51;120;171;230;241;335;408;491;565;577;685;735;774;869,171;230;241;408;577;735,565;577;120;411;869;671;774;335;344;51;491;735;724,51;120;335;344;411;431;491;520;565;577;671;705;707;724;735;774;869,17,565;577;671;120;344;491;869;411;431;724;707;705;520,565;577;671;120;344;491;869;411;431;724;707;705;520
504,train,sem_single_0971,eat:present_cont,singleton,single,He is having a sandwich.,,118,818.0,80.0,678.0,500.0,100.0,910.0,51.0,113.0,15.0,366.0,763.0,584,51,884,16,38.0,513.0,113.0,910.0,899.0,552.0,489.0,911.0,16,513.0,38.0,584.0,910.0,552.0,113.0,899.0,406.0,10.0,614.0,19.0,118;818;80;678;500;100;910;51;113;15;366;763,584;51;884;16;38;513;113;910;899;552;489;911,16;513;38;584;910;552;113;899;406;10;614;19,16;38;51;113;513;552;584;899;910,9,113;910,2,25,5,118;818;80;678;113;623;366,16;38;513;584;113;552;899;910;10;19;150;406,584;884;51;513;16;38;899;113;910;552;751;40,16;38;113;513;552;584;899;910,113,16;38;113;513;552;584;899;910,113,113;910;899;40,38;40;113;177;492;623;818;899;910,9,910;113;899;38;818;492;623;177,910;113;899;38;818;492;623;177
505,train,sem_0069,acq:going_to,para3,tense,We are going to get a song.,398;657,398,55.0,406.0,758.0,723.0,497.0,941.0,492.0,526.0,531.0,161.0,804.0,758,55,492,398,497.0,406.0,83.0,797.0,531.0,561.0,161.0,829.0,398,758.0,492.0,55.0,83.0,797.0,161.0,458.0,806.0,480.0,406.0,866.0,398;55;406;758;723;497;941;492;526;531;161;804,758;55;492;398;497;406;83;797;531;561;161;829,398;758;492;55;83;797;161;458;806;480;406;866,55;83;161;398;406;492;497;531;758;797,10,55;161;398;406;492;758,6,27,7,398;406;55;758;723;526;497;492;941;46;531;804,398;55;492;758;83;797;46;161;406;458;480;497,398;55;492;758;797;83;497;941;406;723;531;458,46;55;83;398;406;458;492;497;531;723;758;797;941,55;398;406;492;497;758,46;55;83;398;406;458;492;497;531;657;723;758;797;941,55;398;406;492;497;657;758,398;550,398;550;833;892,4,398;550;892;833,398;550;892;833
506,train,sem_0220,watch:front_time,para3,order,"Today, You view a show.",390;475,475,882.0,52.0,410.0,69.0,155.0,743.0,,,,,,475,882,52,410,155.0,743.0,69.0,390.0,459.0,217.0,720.0,214.0,475,69.0,882.0,390.0,52.0,743.0,459.0,720.0,217.0,410.0,155.0,,475;882;52;410;69;155;743,475;882;52;410;155;743;69;390;459;217;720;214,475;69;882;390;52;743;459;720;217;410;155,52;69;155;217;390;410;459;475;720;743;882,11,52;69;155;410;475;743;882,7,23,5,475;882;52;69;410;155;743,475;52;69;390;882;155;217;410;459;720;743,475;52;882;410;743;155;69;390;217;720;459;981,52;69;155;217;390;410;459;475;720;743;882,52;69;155;410;475;743;882,52;69;155;217;390;410;459;475;720;743;882,52;69;155;390;410;475;743;882,475;52;155,52;155;410;475,4,475;410;155,475;410;155
507,train,sem_seed_drink_perfect_pr,drink:perfect_pr,singleton,single-seed,You have sipped coffee.,,428,562.0,555.0,929.0,,,,,,,,,428,562,815,917,463.0,750.0,359.0,848.0,731.0,80.0,75.0,216.0,750,463.0,562.0,815.0,428.0,917.0,80.0,848.0,359.0,731.0,75.0,,428;562;555;929,428;562;815;917;463;750;359;848;731;80;75;216,750;463;562;815;428;917;80;848;359;731;75,75;80;359;428;463;562;731;750;815;848;917,11,428;562,2,23,4,428;562;555,428;463;562;750;815;917;75;80;359;731;848,428;562;815;917;463;750;80;731;848;75;359;216,75;80;359;428;463;562;731;750;815;848;917,428;562,75;80;359;428;463;562;731;750;815;848;917,428;562,815;428;25,25;428;437;655;815,5,815;428;25;655;437,815;428;25;655;437
508,train,sem_seed_social_future_will,social:future_will,singleton,single-seed,He will use a book.,,471,273.0,217.0,733.0,867.0,,,,,,,,471,273,217,733,645.0,898.0,19.0,95.0,27.0,851.0,899.0,867.0,471,273.0,74.0,645.0,867.0,877.0,502.0,851.0,898.0,899.0,733.0,27.0,471;273;217;733;867,471;273;217;733;645;898;19;95;27;851;899;867,471;273;74;645;867;877;502;851;898;899;733;27,27;217;273;471;645;733;851;867;898;899,10,273;471;733;867,4,19,5,471;273;217;733,471;74;273;502;645;867;877;27;217;733;851;898,471;273;217;645;733;898;95;74;877;867;502;899,74;217;273;471;502;645;733;867;877;898,217;273;471;733,74;217;273;471;502;645;733;867;877;898,217;273;471;733,471,273;471,2,471;273,471;273
509,train,sem_0099,acq:modal_can,para3,tense,She can purchase a film.,248;637,248,230.0,578.0,614.0,241.0,170.0,735.0,711.0,749.0,43.0,503.0,652.0,248,230,578,931,614.0,63.0,430.0,199.0,190.0,219.0,295.0,760.0,248,199.0,230.0,430.0,63.0,190.0,578.0,219.0,295.0,760.0,931.0,614.0,248;230;578;614;241;170;735;711;749;43;503;652,248;230;578;931;614;63;430;199;190;219;295;760,248;199;230;430;63;190;578;219;295;760;931;614,63;190;199;219;230;248;295;430;578;614;760;931,12,230;248;578;614,4,24,5,230;248;578;614;241;170;735;711;749;43;503;388,248;63;190;199;230;430;219;295;578;760;931;614,248;230;578;931;614;63;430;190;199;219;295;760,63;190;199;219;230;248;295;430;578;614;760;931,230;248;578;614,63;190;199;219;230;248;295;430;578;614;637;760;931,230;248;578;614;637,248;423;637,131;230;248;423;614;637,6,248;614;230;131;423,248;614;230;131;423
510,train,sem_seed_acq_because_cause,acq:because_cause,singleton,single-seed,"She buy a movie, because it is warm.",,206,279.0,482.0,988.0,710.0,779.0,6.0,564.0,799.0,795.0,329.0,637.0,799,329,206,795,584.0,347.0,279.0,988.0,912.0,564.0,779.0,482.0,799,637.0,329.0,347.0,912.0,584.0,779.0,564.0,795.0,988.0,206.0,279.0,206;279;482;988;710;779;6;564;799;795;329;637,799;329;206;795;584;347;279;988;912;564;779;482,799;637;329;347;912;584;779;564;795;988;206;279,206;279;329;347;482;564;584;637;779;795;799;912;988,13,206;279;329;564;779;795;799;988,8,36,8,279;779;564;988;206;6;329;637;482;924;710;795,799;329;637;206;279;347;564;584;779;795;912;988,329;799;710;6;482;924;206;779;564;912;584;795,6;206;279;329;482;564;584;637;710;779;795;799;912;924;988,206;329;564;779;795,6;206;279;329;482;564;584;637;710;779;795;799;912;924;988,206;329;564;779;795,637,423;637;795,3,795;637;423,795;637;423
511,train,sem_0087,play:decl,para3,lex,They play music.,124;245,424,634.0,311.0,688.0,141.0,595.0,147.0,638.0,124.0,801.0,448.0,656.0,595,311,688,424,141.0,634.0,638.0,147.0,448.0,656.0,482.0,339.0,595,311.0,688.0,634.0,141.0,339.0,424.0,101.0,235.0,672.0,801.0,124.0,424;634;311;688;141;595;147;638;124;801;448;656,595;311;688;424;141;634;638;147;448;656;482;339,595;311;688;634;141;339;424;101;235;672;801;124,124;141;147;311;339;424;448;595;634;638;656;688;801,13,141;311;424;595;634;688,6,16,3,424;634;311;688;141;595;638;147;124;801;448;656,595;101;141;235;311;339;424;634;688;35;124;147,595;424;141;688;311;634;638;147;448;339;235;101,101;124;141;147;235;311;339;424;448;595;634;638;688,141;147;311;424;595;634;688,101;124;141;147;235;245;311;339;424;448;595;634;638;688,124;141;147;245;311;424;595;634;688,595;311;124;245;141;424;101,101;124;141;245;311;424;595;688,8,595;311;141;424;124;101;688,595;311;141;424;124;101;688
512,train,sem_0064,play:decl,para3,base,I play a game.,,462,808.0,464.0,837.0,801.0,579.0,139.0,351.0,46.0,299.0,786.0,279.0,579,279,464,801,837.0,462.0,808.0,351.0,46.0,786.0,299.0,139.0,579,902.0,808.0,950.0,801.0,462.0,139.0,837.0,925.0,746.0,464.0,386.0,462;808;464;837;801;579;139;351;46;299;786;279,579;279;464;801;837;462;808;351;46;786;299;139,579;902;808;950;801;462;139;837;925;746;464;386,46;139;279;299;351;462;464;579;786;801;808;837,12,139;462;464;579;801;808;837,7,14,4,462;808;464;837;801;579;139;351;46;786;299;279,579;139;462;464;746;801;808;837;902;925;950;68,579;801;837;464;462;808;351;279;139;424;925;746,139;279;351;462;464;579;746;801;808;837;925,139;462;464;579;801;808;837,139;279;351;462;464;579;746;801;808;837;925,139;462;464;579;801;808;837,837;808;221;902;746;801;950;890;68;925;46,46;68;221;462;464;580;746;801;808;837;890;902;925;950,14,221;808;837;580;464;902;890;462;950,221;808;837;580;464;902;890;462;950
513,train,sem_0284,acq:decl,para3,base,He pick a sandwich.,489;868,408,171.0,489.0,500.0,100.0,16.0,442.0,456.0,118.0,818.0,910.0,617.0,489,408,171,38,16.0,910.0,113.0,504.0,899.0,442.0,943.0,90.0,408,38.0,16.0,489.0,899.0,504.0,113.0,171.0,910.0,911.0,10.0,943.0,408;171;489;500;100;16;442;456;118;818;910;617,489;408;171;38;16;910;113;504;899;442;943;90,408;38;16;489;899;504;113;171;910;911;10;943,16;38;113;171;408;442;489;504;899;910;943,11,16;171;408;489;910,5,19,4,408;171;489;16;456;442;118;818;617;80;108;678,16;38;408;489;113;171;504;899;910;10;911;14,408;489;171;16;38;442;824;943;90;910;113;504,16;38;113;171;408;442;489;504;910,16;171;408;489,16;38;113;171;408;442;489;504;868;910,16;171;408;489;868,408;489;38;899;171,38;171;408;489;899,5,408;489;38;171;899,408;489;38;171;899
514,train,sem_single_0954,call:ynq_do,singleton,single,does He call my teacher?,,709,276.0,60.0,308.0,358.0,907.0,288.0,547.0,434.0,370.0,45.0,257.0,709,308,60,276,358.0,907.0,288.0,434.0,370.0,547.0,756.0,557.0,709,370.0,358.0,308.0,60.0,547.0,276.0,756.0,907.0,557.0,831.0,434.0,709;276;60;308;358;907;288;547;434;370;45;257,709;308;60;276;358;907;288;434;370;547;756;557,709;370;358;308;60;547;276;756;907;557;831;434,60;276;288;308;358;370;434;547;557;709;756;907,12,60;276;308;358;370;434;547;709;907,9,24,5,709;276;60;358;308;907;288;547;434;370;45;257,709;60;276;308;358;370;547;756;557;907;831;288,709;276;358;60;308;907;370;547;756;434;288;557,60;276;288;308;358;370;434;547;557;709;756;907,60;276;288;308;358;370;547;709;907,60;276;288;308;358;370;434;547;557;709;756;907,60;276;288;308;358;370;547;709;907,709;547;60,60;547;709,3,,
515,train,sem_0022,learn:decl,para4,lex,She review a novel.,263;422;687,587,85.0,626.0,777.0,629.0,20.0,949.0,859.0,364.0,477.0,413.0,260.0,777,587,85,626,629.0,20.0,364.0,336.0,321.0,949.0,737.0,609.0,336,587.0,629.0,321.0,85.0,737.0,949.0,777.0,626.0,660.0,361.0,519.0,587;85;626;777;629;20;949;859;364;477;413;260,777;587;85;626;629;20;364;336;321;949;737;609,336;587;629;321;85;737;949;777;626;660;361;519,20;85;321;336;364;587;626;629;737;777;949,11,85;587;626;629;777;949,6,19,4,587;85;777;626;629;20;859;949;364;167;789;477,85;321;336;587;629;737;949;777;20;361;519;626,85;587;777;626;629;364;20;949;336;321;737;609,20;85;321;336;364;587;626;629;737;777;949,20;85;587;626;629;777;949,20;85;263;321;336;364;422;587;626;629;687;737;777;949,20;85;263;422;587;626;629;687;777;949,629;85;949;587;336;777;660;737;626,85;336;587;626;629;660;737;777;949,9,629;949;660,629;949;660
516,train,sem_0227,pref:decl,para3,base,I enjoy juice.,289;332,116,332.0,774.0,798.0,,,,,,,,,332,116,774,654,798.0,225.0,807.0,632.0,600.0,37.0,316.0,242.0,332,774.0,654.0,116.0,225.0,798.0,,,,,,,116;332;774;798,332;116;774;654;798;225;807;632;600;37;316;242,332;774;654;116;225;798,116;225;332;654;774;798,6,116;332;774;798,4,14,3,116;332;774;798,332;116;654;774;225;798,332;116;774;654;798;225;807;316;242;501;632;37,116;225;332;654;774;798,116;332;774;798,116;225;289;332;654;774;798,116;289;332;774;798,116;332;654;728;487;342;306,31;104;116;225;296;306;332;342;452;487;654;728,12,116;332;728;654;487;104;342;452;306;225;31;296,116;332;728;654;487;104;342;452;306;225;31;296
517,train,sem_0050,pref:future_will,para4,tense,They will like a show.,197;258;743,197,353.0,743.0,447.0,963.0,31.0,155.0,414.0,410.0,780.0,258.0,,197,743,155,410,353.0,447.0,31.0,963.0,330.0,780.0,258.0,920.0,197,743.0,330.0,780.0,258.0,920.0,414.0,410.0,353.0,62.0,155.0,447.0,197;353;743;447;963;31;155;414;410;780;258,197;743;155;410;353;447;31;963;330;780;258;920,197;743;330;780;258;920;414;410;353;62;155;447,31;155;197;258;330;353;410;414;447;743;780;920;963,13,155;197;258;353;410;447;743;780,8,22,5,197;353;743;963;155;31;414;447;410,197;743;258;330;780;920;62;155;353;410;414;447,197;743;155;410;353;31;963;447;258;330;780;920,31;155;197;258;330;353;410;414;447;743;780;920;963,155;197;353;410;447;743,31;155;197;258;330;353;410;414;447;743;780;920;963,155;197;258;353;410;447;743,197;258;743,150;197;258;330;618;743;780,7,197;258;743;780;330;150;618,197;258;743;780;330;150;618
518,train,sem_seed_learn_going_to,learn:going_to,singleton,single-seed,She is going to review music.,,364,789.0,193.0,745.0,235.0,96.0,260.0,42.0,36.0,3.0,427.0,876.0,36,876,364,397,745.0,427.0,260.0,3.0,96.0,560.0,656.0,42.0,876,364.0,36.0,427.0,397.0,745.0,560.0,260.0,656.0,301.0,42.0,703.0,364;789;193;745;235;96;260;42;36;3;427;876,36;876;364;397;745;427;260;3;96;560;656;42,876;364;36;427;397;745;560;260;656;301;42;703,3;36;42;96;260;364;397;427;560;656;745;876,12,36;42;260;364;427;745;876,7,29,6,364;789;193;235;96;260;745;42;3;36;427;615,36;364;876;397;427;745;260;560;42;301;615;619,364;260;36;876;397;560;427;745;235;193;789;3,3;36;42;193;235;260;364;397;427;560;615;745;789;876,36;260;364;427;745,3;36;42;193;235;260;364;397;427;560;615;745;789;876,36;260;364;427;745,364;260,235;260;364;672;789,5,364;672;235;789,364;672;235;789
519,train,sem_seed_learn_future_will,learn:future_will,singleton,single-seed,She will learn a novel.,,871,374.0,854.0,499.0,361.0,923.0,540.0,27.0,771.0,263.0,626.0,997.0,361,374,871,854,499.0,923.0,263.0,771.0,626.0,540.0,27.0,422.0,361,949.0,321.0,336.0,374.0,515.0,263.0,871.0,737.0,771.0,923.0,423.0,871;374;854;499;361;923;540;27;771;263;626;997,361;374;871;854;499;923;263;771;626;540;27;422,361;949;321;336;374;515;263;871;737;771;923;423,27;263;361;374;499;540;626;771;854;871;923,11,263;361;374;771;871;923,6,23,5,374;871;854;499;361;923;540;27;771;263;997;394,361;263;321;336;374;515;737;771;871;949;27;423,361;871;374;923;854;499;263;771;540;27;626;321,27;263;321;361;374;499;540;771;854;871;923,27;263;361;374;771;871,27;263;321;361;374;499;540;771;854;871;923,27;263;361;374;771;871,361;871;687;949;660,27;321;361;374;660;687;814;854;871;949,10,374;854;871;814;321;660;361;27;949,374;854;871;814;321;660;361;27;949
520,train,sem_0091,eat:decl,para3,base,I order dinner.,84;493,268,157.0,976.0,663.0,84.0,18.0,228.0,883.0,625.0,686.0,937.0,211.0,663,84,18,976,157.0,268.0,228.0,883.0,625.0,570.0,253.0,800.0,84,663.0,976.0,157.0,18.0,268.0,570.0,253.0,800.0,565.0,491.0,481.0,268;157;976;663;84;18;228;883;625;686;937;211,663;84;18;976;157;268;228;883;625;570;253;800,84;663;976;157;18;268;570;253;800;565;491;481,18;84;157;228;253;268;570;625;663;800;883;976,12,18;84;157;268;663;976,6,15,3,157;268;976;663;84;18;228;883;625;686;937;211,84;663;18;157;253;268;565;570;800;976;481;488,84;663;157;268;976;18;253;570;565;800;883;228,18;84;157;228;253;268;565;570;663;800;883;976,18;84;157;268;663;976,18;84;157;228;253;268;493;565;570;663;800;883;976,18;84;157;268;493;663;976,268;663;800;976;18;253;11;211;565;570;157;787;624;84,11;18;84;120;157;211;253;268;344;483;491;503;565;570;624;663;671;787;800;976,20,268;663;565;18;800;976;671;157;344;491;483;11;211;120;503;787,268;663;565;18;800;976;671;157;344;491;483;11;211;120;503;787
521,train,sem_0189,move:front_place,para3,order,"at the cafe, You return.",93;842,93,863.0,165.0,214.0,237.0,878.0,146.0,556.0,977.0,,,,93,863,553,729,404.0,165.0,237.0,214.0,110.0,556.0,183.0,878.0,93,863.0,553.0,404.0,729.0,237.0,165.0,183.0,146.0,878.0,110.0,378.0,93;863;165;214;237;878;146;556;977,93;863;553;729;404;165;237;214;110;556;183;878,93;863;553;404;729;237;165;183;146;878;110;378,93;110;146;165;183;214;237;404;553;556;729;863;878,13,93;165;237;863;878,5,24,5,93;863;165;214;237,93;553;863;404;729;165;237;107;110;146;183;214,93;863;553;237;165;729;404;214;183;556;110;878,93;110;165;183;214;237;404;553;729;863,93;165;214;237;863,93;110;165;183;214;237;404;553;729;842;863,93;165;214;237;842;863,93;553,93;146;378;553;729;977,6,93;553;729;146;977;378,93;553;729;146;977;378
522,train,sem_0130,pref:front_place,para3,order,"in the city, I love a song.",337;995,995,833.0,640.0,563.0,180.0,807.0,930.0,387.0,590.0,117.0,326.0,934.0,640,807,995,376,117.0,628.0,326.0,639.0,111.0,270.0,523.0,930.0,995,640.0,807.0,53.0,376.0,117.0,111.0,270.0,523.0,30.0,222.0,387.0,995;833;640;563;180;807;930;387;590;117;326;934,640;807;995;376;117;628;326;639;111;270;523;930,995;640;807;53;376;117;111;270;523;30;222;387,111;117;270;326;376;387;523;640;807;930;995,11,117;640;807;995,4,27,7,995;563;833;180;640;807;930;387;117;326;590;934,995;640;807;30;53;111;117;222;270;376;387;523,640;995;807;376;117;930;833;563;180;628;326;639,117;180;326;376;387;563;640;807;833;930;995,117;640;807;995,117;180;326;337;376;387;563;640;807;833;930;995,117;337;640;807;995,995,995,1,,
523,train,sem_seed_play_front_place,play:front_place,singleton,single-seed,"in the cafe, They play a song.",,124,111.0,139.0,979.0,984.0,892.0,977.0,473.0,801.0,270.0,134.0,198.0,111,270,979,726,124.0,865.0,79.0,532.0,198.0,522.0,721.0,30.0,124,111.0,979.0,270.0,198.0,726.0,985.0,30.0,865.0,741.0,522.0,117.0,124;111;139;979;984;892;977;473;801;270;134;198,111;270;979;726;124;865;79;532;198;522;721;30,124;111;979;270;198;726;985;30;865;741;522;117,30;111;124;198;270;522;726;865;979,9,111;124;198;270;979,5,30,7,124;111;984;139;979;892;977;473;270;801;134;721,124;111;270;979;198;726;30;117;522;741;865;985,111;270;979;124;726;865;532;79;198;892;473;984,111;124;198;270;473;726;865;892;979;984,111;124;270;979,111;124;198;270;473;726;865;892;979;984,111;124;270;979,111,111,1,111,111
524,train,sem_0289,watch:decl,para3,lex,She observe a game.,635;648,719,742.0,558.0,861.0,891.0,991.0,418.0,792.0,458.0,200.0,490.0,330.0,558,742,719,891,458.0,861.0,648.0,464.0,351.0,940.0,635.0,330.0,719,861.0,742.0,648.0,464.0,558.0,891.0,351.0,940.0,458.0,635.0,746.0,719;742;558;861;891;991;418;792;458;200;490;330,558;742;719;891;458;861;648;464;351;940;635;330,719;861;742;648;464;558;891;351;940;458;635;746,330;351;458;464;558;635;648;719;742;861;891;940,12,458;558;719;742;861;891,6,19,4,719;558;742;891;861;418;991;792;458;112;490;390,464;558;648;719;742;861;351;891;940;458;635;14,742;719;558;891;861;458;464;648;940;351;991;390,351;390;458;464;558;648;719;742;861;891;940;991,458;558;719;742;861;891,351;390;458;464;558;635;648;719;742;861;891;940;991,458;558;635;648;719;742;861;891,719;648;940;558;861;464,458;464;558;648;719;861;940,7,719;648;558;458,719;648;558;458
525,train,sem_0045,pref:past_simple,para4,tense,I liked a sandwich.,617;754;774,617,430.0,500.0,698.0,754.0,623.0,944.0,118.0,818.0,108.0,408.0,80.0,430,698,108,408,735.0,617.0,624.0,500.0,798.0,171.0,754.0,100.0,500,617.0,798.0,408.0,108.0,735.0,624.0,754.0,100.0,171.0,746.0,394.0,617;430;500;698;754;623;944;118;818;108;408;80,430;698;108;408;735;617;624;500;798;171;754;100,500;617;798;408;108;735;624;754;100;171;746;394,100;108;171;408;430;500;617;624;698;735;754;798,12,108;408;500;617;754,5,20,4,617;754;623;430;118;818;108;80;624;678;177;38,108;408;500;617;624;735;798;100;171;754;4;14,430;698;735;624;798;108;617;408;500;100;171;754,100;108;171;408;430;500;617;624;735;754;798,108;617;624;754,100;108;171;408;430;500;617;624;735;754;774;798,108;617;624;754;774,617;798;500;108;408;754;177;624,80;99;100;108;177;408;500;617;623;624;696;754;763;798,14,617;798;754;500;623;108;763;100;177;99;696;80,617;798;754;500;623;108;763;100;177;99;696;80
526,train,sem_0036,move:going_to,para4,tense,They are going to go to the station.,287;670;730,730,723.0,670.0,397.0,948.0,804.0,161.0,561.0,292.0,29.0,853.0,42.0,730,670,723,397,381.0,804.0,42.0,480.0,161.0,561.0,829.0,458.0,730,670.0,287.0,723.0,804.0,381.0,42.0,561.0,458.0,397.0,829.0,823.0,730;723;670;397;948;804;161;561;292;29;853;42,730;670;723;397;381;804;42;480;161;561;829;458,730;670;287;723;804;381;42;561;458;397;829;823,42;161;381;397;458;561;670;723;730;804;829,11,42;397;561;670;723;730;804,7,36,8,730;723;670;397;948;561;804;292;29;853;42;769,730;670;287;42;381;723;804;161;397;458;480;561,730;670;723;804;42;381;397;287;458;829;561;480,42;287;381;397;458;480;561;670;723;730;804,42;397;561;670;723;730;804,42;287;381;397;458;480;561;670;723;730;804,42;287;397;561;670;723;730;804,730;287;670;397;140;549,29;140;287;292;322;397;549;583;670;730;998,11,730;397;670;549;140;287;998;292;322;583;29,730;397;670;549;140;287;998;292;322;583;29
527,train,sem_single_0899,move:conditional_if,singleton,single,"If it is warm, He come to school.",,649,786.0,119.0,571.0,299.0,680.0,990.0,573.0,625.0,951.0,319.0,142.0,571,119,786,357,680.0,3.0,625.0,990.0,142.0,175.0,319.0,299.0,571,786.0,119.0,357.0,990.0,680.0,3.0,625.0,299.0,319.0,175.0,649.0,649;786;119;571;299;680;990;573;625;951;319;142,571;119;786;357;680;3;625;990;142;175;319;299,571;786;119;357;990;680;3;625;299;319;175;649,3;119;142;175;299;319;357;571;625;649;680;786;990,13,119;299;319;571;625;680;786;990,8,33,8,649;786;119;571;299;680;990;625;951;573;319;175,571;119;786;357;3;625;680;990;142;175;206;299,571;786;119;625;3;680;990;357;649;142;175;319,3;119;142;175;299;319;357;571;625;649;680;786;990,119;175;571;625;680;786;990,3;119;142;175;299;319;357;571;625;649;680;786;990,119;175;571;625;680;786;990,,,0,,
528,train,sem_0156,drink:decl,para3,base,They sip water.,104;144,405,144.0,79.0,955.0,972.0,607.0,924.0,194.0,,,,,144,405,79,924,955.0,607.0,972.0,194.0,759.0,21.0,812.0,957.0,144,405.0,972.0,607.0,955.0,194.0,,,,,,,405;144;79;955;972;607;924;194,144;405;79;924;955;607;972;194;759;21;812;957,144;405;972;607;955;194,79;144;194;405;607;924;955;972,8,144;194;405;607;955;972,6,15,3,405;144;79;955;607;972;924;194,144;405;607;955;972;194,144;405;79;972;955;607;924;194;0;409;546;551,79;144;194;405;607;924;955;972,144;194;405;607;955;972,79;104;144;194;405;607;924;955;972,104;144;194;405;607;955;972,144;607;405,144;149;306;405;607;955;972,7,607;405;972;955;306;149,607;405;972;955;306;149
529,train,sem_0048,eat:decl,para4,base,They have pizza.,92;677;804,869,218.0,705.0,102.0,463.0,92.0,252.0,75.0,804.0,658.0,420.0,678.0,92,804,218,463,705.0,102.0,869.0,120.0,252.0,75.0,658.0,436.0,420,50.0,987.0,804.0,411.0,577.0,705.0,37.0,463.0,436.0,218.0,102.0,869;218;705;102;463;92;252;75;804;658;420;678,92;804;218;463;705;102;869;120;252;75;658;436,420;50;987;804;411;577;705;37;463;436;218;102,75;92;102;218;252;420;436;463;658;705;804;869,12,102;218;463;705;804,5,16,3,218;869;705;102;463;92;252;804;75;658;420;678,37;50;92;102;218;411;420;436;463;577;705;804,463;705;869;102;218;92;804;75;120;252;411;50,50;75;92;102;218;252;411;420;463;705;804;869,92;102;218;463;705;804,50;75;92;102;218;252;411;420;463;677;705;804;869,92;102;218;463;677;705;804,705;436;804;37;411;869;463;987;349;50,37;50;349;411;436;463;577;671;705;707;804;869;987,13,436;705;411;37;577;349;50;987;869;463;804;707;671,436;705;411;37;577;349;50;987;869;463;804;707;671
530,train,sem_0011,pref:front_place,para4,order,"at school, She love a song.",180;699;827,180,833.0,563.0,995.0,930.0,315.0,579.0,827.0,144.0,457.0,590.0,,180,223,995,930,833.0,563.0,590.0,579.0,457.0,522.0,237.0,144.0,180,771.0,563.0,989.0,995.0,930.0,833.0,827.0,590.0,57.0,20.0,457.0,180;833;563;995;930;315;579;827;144;457;590,180;223;995;930;833;563;590;579;457;522;237;144,180;771;563;989;995;930;833;827;590;57;20;457,144;180;457;563;579;590;827;833;930;995,10,180;457;563;590;833;930;995,7,27,6,180;563;833;995;930;315;827;579;144;457,180;563;771;827;833;930;989;995;20;57;590;223,180;995;930;833;563;223;590;237;457;579;110;144,144;180;223;457;563;579;590;827;833;930;995,180;563;833;930;995,144;180;223;457;563;579;590;699;827;833;930;995,180;563;699;827;833;930;995,180,180,1,,
531,train,sem_0207,watch:going_to,para3,tense,You are going to see a movie.,151;484,905,151.0,46.0,723.0,656.0,806.0,434.0,444.0,745.0,947.0,161.0,505.0,806,46,151,723,947.0,656.0,905.0,434.0,492.0,55.0,829.0,758.0,151,46.0,806.0,947.0,656.0,905.0,723.0,427.0,829.0,758.0,561.0,745.0,905;151;46;723;656;806;434;444;745;947;161;505,806;46;151;723;947;656;905;434;492;55;829;758,151;46;806;947;656;905;723;427;829;758;561;745,46;151;434;656;723;745;758;806;829;905;947,11,46;151;656;723;806;905;947,7,29,7,905;151;46;723;656;806;434;947;745;444;505;72,151;46;806;656;723;905;947;55;161;427;434;458,151;723;905;947;656;46;806;434;492;480;458;55,46;55;151;434;458;656;723;806;905;947,46;151;434;656;723;806;905;947,46;55;151;434;458;484;656;723;806;905;947,46;151;434;484;656;723;806;905;947,151;419;353,151;353;419;745,4,151;745,151;745
532,train,sem_seed_eat_front_place,eat:front_place,singleton,single-seed,"in the cafe, She have lunch.",,836,184.0,879.0,721.0,493.0,848.0,805.0,,,,,,721,451,836,79,805.0,865.0,979.0,523.0,111.0,962.0,591.0,326.0,836,721.0,591.0,451.0,805.0,962.0,79.0,326.0,92.0,979.0,777.0,523.0,836;184;879;721;493;848;805,721;451;836;79;805;865;979;523;111;962;591;326,836;721;591;451;805;962;79;326;92;979;777;523,79;326;451;523;591;721;805;836;962;979,10,721;805;836,3,28,6,836;184;879;721;493;805;345;848;451;79;523,836;721;451;591;79;92;326;805;962;111;329;376,836;721;451;79;805;591;962;979;865;523;111;493,79;111;451;493;523;591;721;805;836;962,79;451;721;805;836,79;111;451;493;523;591;721;805;836;962,79;451;721;805;836,836,805;836,2,805,805
533,train,sem_0131,eat:decl,para3,lex,We have dinner.,483;847,791,917.0,420.0,302.0,975.0,283.0,326.0,314.0,978.0,253.0,65.0,122.0,917,791,420,302,283.0,326.0,314.0,268.0,122.0,683.0,986.0,879.0,420,917.0,314.0,268.0,122.0,879.0,791.0,705.0,683.0,986.0,296.0,118.0,791;917;420;302;975;283;326;314;978;253;65;122,917;791;420;302;283;326;314;268;122;683;986;879,420;917;314;268;122;879;791;705;683;986;296;118,122;268;283;302;314;326;420;683;791;879;917;986,12,122;314;420;791;917,5,15,3,791;917;420;302;283;975;326;314;978;122;268;570,122;268;314;420;683;705;791;879;917;118;269;296,917;420;791;122;683;314;268;302;283;986;879;705,122;268;283;302;314;420;683;705;791;879;917,122;268;314;420;791;917,122;268;283;302;314;420;483;683;705;791;847;879;917,122;268;314;420;483;791;847;917,122;420;917;314;268;570;879;683,65;122;268;314;420;570;683;791;879;917;978,11,122;917;420;314;791;570;683;65;879;978;268,122;917;420;314;791;570;683;65;879;978;268
534,train,sem_0113,watch:decl,para3,lex,He watch a show.,150;418,734,159.0,644.0,925.0,852.0,233.0,251.0,681.0,419.0,484.0,633.0,896.0,734,159,882,418,426.0,795.0,150.0,119.0,633.0,644.0,251.0,925.0,159,882.0,418.0,426.0,734.0,150.0,563.0,390.0,838.0,197.0,541.0,462.0,734;159;644;925;852;233;251;681;419;484;633;896,734;159;882;418;426;795;150;119;633;644;251;925,159;882;418;426;734;150;563;390;838;197;541;462,150;159;251;418;426;633;644;734;882;925,10,159;734,2,16,4,734;159;644;925;852;251;681;419;633;484;233;88,159;418;882;426;734;150;16;38;52;74;119;167,734;159;418;882;426;644;925;419;681;633;484;251,159;251;418;419;426;484;633;644;681;734;882;925,159;734,150;159;251;418;419;426;484;633;644;681;734;882;925,150;159;418;734,882;418;159;732,159;418;475;732;734;882,6,882;418;734;475;732,882;418;734;475;732
535,train,sem_seed_move_emph_do,move:emph_do,singleton,single-seed,We do jog to the park.,,855,352.0,300.0,286.0,840.0,23.0,948.0,669.0,115.0,182.0,673.0,615.0,855,23,669,352,948.0,853.0,286.0,673.0,300.0,840.0,429.0,665.0,855,300.0,669.0,803.0,286.0,82.0,352.0,853.0,840.0,23.0,673.0,549.0,855;352;300;286;840;23;948;669;115;182;673;615,855;23;669;352;948;853;286;673;300;840;429;665,855;300;669;803;286;82;352;853;840;23;673;549,23;286;300;352;669;673;840;853;855;948,10,23;286;300;352;669;673;840;855,8,22,6,855;352;300;23;840;286;948;669,855;23;82;286;300;352;549;669;673;803;840;853,855;352;669;286;23;948;853;300;673;840;162;665,23;286;300;352;669;673;840;853;855;948,23;286;300;352;669;840;855,23;286;300;352;669;673;840;853;855;948,23;286;300;352;669;840;855,,,0,,
536,train,sem_single_0960,watch:modal_can,singleton,single,I can observe a movie.,,490,991.0,861.0,713.0,982.0,931.0,54.0,112.0,747.0,719.0,524.0,558.0,490,54,982,747,991.0,713.0,861.0,931.0,112.0,722.0,444.0,171.0,490,54.0,982.0,747.0,713.0,861.0,991.0,651.0,896.0,722.0,112.0,811.0,490;991;861;713;982;931;54;112;747;719;524;558,490;54;982;747;991;713;861;931;112;722;444;171,490;54;982;747;713;861;991;651;896;722;112;811,54;112;490;713;722;747;861;931;982;991,10,54;112;490;713;747;861;982;991,8,22,5,490;991;861;713;931;982;112;54;719;524;418;792,490;54;747;982;651;713;861;991;112;171;444;722,490;54;982;747;991;713;861;931;112;444;722;651,54;112;444;490;651;713;722;747;861;931;982;991,54;112;490;713;861;982;991,54;112;444;490;651;713;722;747;861;931;982;991,54;112;490;713;861;982;991,490;982;713;54;931;935;852;861;991;811;792,54;419;490;713;792;811;852;861;931;935;982;991,12,490;982;931;713;54;935;991;419;861;792;811;852,490;982;931;713;54;935;991;419;861;792;811;852
537,train,sem_single_0959,learn:negative_simple,singleton,single,You do not practice a song.,,543,333.0,702.0,752.0,321.0,502.0,28.0,198.0,244.0,187.0,653.0,156.0,198,244,543,156,653.0,216.0,714.0,28.0,752.0,158.0,81.0,447.0,244,198.0,473.0,543.0,900.0,752.0,216.0,156.0,485.0,653.0,28.0,714.0,543;333;702;752;321;502;28;198;244;187;653;156,198;244;543;156;653;216;714;28;752;158;81;447,244;198;473;543;900;752;216;156;485;653;28;714,28;156;198;216;244;543;653;714;752,9,28;156;198;244;543;653;752,7,27,6,543;333;702;752;321;502;28;198;187;244,198;244;473;543;752;900;28;156;216;485;653;81,198;543;244;156;653;216;28;752;714;158;81;447,28;81;156;198;216;244;543;653;752,28;198;244;543;752,28;81;156;198;216;244;543;653;752,28;198;244;543;752,,,0,,
538,train,sem_0008,drink:front_time,para4,order,"Yesterday, He sip coffee.",192;555;770,555,929.0,25.0,655.0,815.0,192.0,345.0,247.0,36.0,,,,555,192,929,655,25.0,815.0,36.0,345.0,562.0,405.0,954.0,247.0,555,192.0,954.0,25.0,562.0,815.0,655.0,929.0,405.0,437.0,345.0,,555;929;25;655;815;192;345;247;36,555;192;929;655;25;815;36;345;562;405;954;247,555;192;954;25;562;815;655;929;405;437;345,25;36;192;247;345;405;555;562;655;815;929;954,12,25;192;345;555;655;815;929,7,25,4,555;929;25;815;655;345;247;192;36,555;192;25;405;562;655;815;929;954;345;437,555;192;25;655;929;815;562;954;405;345;36;437,25;36;192;345;405;437;555;562;655;815;929;954,25;192;345;555;655;815;929,25;36;192;345;405;437;555;562;655;770;815;929;954,25;192;345;555;655;770;815;929,555,555,1,555,555
539,train,sem_0158,pref:decl,para3,base,You love a novel.,8;540,540,438.0,377.0,594.0,992.0,261.0,636.0,241.0,167.0,226.0,,,540,377,438,992,594.0,814.0,372.0,923.0,983.0,639.0,833.0,930.0,540,438.0,814.0,992.0,594.0,377.0,372.0,923.0,983.0,541.0,587.0,558.0,540;438;377;594;992;261;636;241;167;226,540;377;438;992;594;814;372;923;983;639;833;930,540;438;814;992;594;377;372;923;983;541;587;558,372;377;438;540;594;814;923;983;992,9,377;438;540;594;992,5,17,4,540;438;377;594;636;992;167;241;226;949,540;377;438;594;814;992;372;923;983;8;69;80,540;377;438;594;992;814;923;372;983;639;563;833,372;377;438;540;594;814;923;983;992,377;438;540;594;992,8;372;377;438;540;594;814;923;983;992,8;377;438;540;594;992,540;992;372,27;161;372;540;594;598;814;983;992,9,540;372;992;983;161;814;598;27;594,540;372;992;983;161;814;598;27;594
540,train,sem_0158,pref:future_will,para3,tense,You will love a novel.,8;539,539,414.0,519.0,626.0,353.0,361.0,27.0,,,,,,539,414,626,519,361.0,27.0,438.0,377.0,353.0,250.0,594.0,992.0,539,377.0,814.0,438.0,992.0,594.0,361.0,353.0,414.0,250.0,519.0,372.0,539;414;519;626;353;361;27,539;414;626;519;361;27;438;377;353;250;594;992,539;377;814;438;992;594;361;353;414;250;519;372,27;250;353;361;377;414;438;519;539;594;626;992,12,353;361;414;519;539,5,22,5,539;414;519;353;361;27;626,539;377;438;594;814;992;27;250;353;361;372;414,539;414;27;519;361;626;438;377;594;814;992;353,27;353;361;377;414;438;519;539;594;626;814;992,27;353;361;414;539,8;27;353;361;377;414;438;519;539;594;626;814;992,8;27;353;361;414;539,539;161;372,27;161;372;539;992,5,539;372;161;27;992,539;372;161;27;992
541,train,sem_0014,pref:decl,para4,base,He enjoy a novel.,27;457;867,336,372.0,27.0,457.0,603.0,316.0,798.0,632.0,600.0,501.0,116.0,737.0,27,457,336,372,316.0,374.0,231.0,167.0,545.0,854.0,499.0,965.0,27,457.0,167.0,231.0,336.0,374.0,499.0,372.0,854.0,316.0,965.0,334.0,336;372;27;457;603;316;798;632;600;501;116;737,27;457;336;372;316;374;231;167;545;854;499;965,27;457;167;231;336;374;499;372;854;316;965;334,27;167;231;316;336;372;374;457;499;854;965,11,27;316;336;372;457,5,17,4,336;27;457;372;603;316;798;600;501;737;116;632,27;457;167;231;336;374;372;499;854;316;965;16,27;457;336;372;316;231;374;167;545;499;854;603,27;167;231;316;336;372;374;457;499;603;854,27;316;336;372;457,27;167;231;316;336;372;374;457;499;603;854;867,27;316;336;372;457;867,336;457;27;167;374;231,27;167;231;336;372;374;457,7,336;27;231;167;374;457;372,336;27;231;167;374;457;372
542,train,sem_0143,learn:decl,para3,base,She study music.,315;771,825,315.0,445.0,168.0,838.0,231.0,688.0,,,,,,315,825,688,364,699.0,560.0,260.0,518.0,271.0,479.0,231.0,814.0,315,688.0,699.0,825.0,364.0,260.0,560.0,,,,,,825;315;445;168;838;231;688,315;825;688;364;699;560;260;518;271;479;231;814,315;688;699;825;364;260;560,231;260;315;364;560;688;699;825,8,315;688;825,3,16,3,825;315;838;231;168;445;688,315;364;688;699;825;260;560,315;825;699;688;364;260;560;231;838;814;271;402,231;260;315;364;560;688;699;825;838,315;688;825,231;260;315;364;560;688;699;771;825;838,315;688;771;825,315;688;825;699,315;395;688;699;825,5,315;825;688;395;699,315;825;688;395;699
543,train,sem_0029,learn:decl,singleton,base,They practice a song.,,537,333.0,502.0,702.0,321.0,752.0,28.0,187.0,347.0,24.0,124.0,,537,826,124,930,479.0,245.0,590.0,895.0,752.0,702.0,333.0,502.0,826,124.0,479.0,930.0,590.0,895.0,245.0,537.0,198.0,523.0,185.0,706.0,537;333;502;702;321;752;28;187;347;24;124,537;826;124;930;479;245;590;895;752;702;333;502,826;124;479;930;590;895;245;537;198;523;185;706,124;245;333;479;502;537;590;702;752;826;895;930,12,124;537,2,21,4,537;502;333;702;321;752;28;187;24,124;479;826;930;245;590;895;198;537;523;33;43,537;826;124;930;479;702;502;752;333;321;590;895,124;321;333;479;502;537;590;702;752;826;895;930,537,124;321;333;479;502;537;590;702;752;826;895;930,537,,124;479;997,3,479;997;124,479;997;124
544,train,sem_0001,move:decl,para4,lex,You walk to the library.,110;214;237,828,840.0,82.0,813.0,224.0,466.0,936.0,715.0,591.0,12.0,300.0,183.0,828,840,813,182,357.0,300.0,936.0,591.0,715.0,753.0,71.0,914.0,828,840.0,813.0,182.0,224.0,300.0,936.0,209.0,753.0,853.0,715.0,304.0,828;840;82;813;224;466;936;715;591;12;300;183,828;840;813;182;357;300;936;591;715;753;71;914,828;840;813;182;224;300;936;209;753;853;715;304,182;224;300;591;715;753;813;828;840;936,10,300;715;813;828;840;936,6,24,5,828;840;82;813;466;936;715;224;591;300;12;183,828;840;182;813;71;82;209;224;300;304;583;591,828;840;813;182;753;300;715;591;936;71;304;224,71;82;182;224;300;304;591;715;813;828;840;936,224;300;591;813;828;840,71;82;110;182;214;224;237;300;304;591;715;813;828;840;936,110;214;224;237;300;591;813;828;840,,12;82,2,82;12,82;12
545,train,sem_0152,pref:front_place,para3,order,"at home, He enjoy music.",316;563,316,600.0,24.0,880.0,,,,,,,,,24,316,880,457,600.0,165.0,874.0,554.0,212.0,227.0,129.0,541.0,24,316.0,457.0,880.0,634.0,789.0,600.0,187.0,,,,,316;600;24;880,24;316;880;457;600;165;874;554;212;227;129;541,24;316;457;880;634;789;600;187,24;316;457;600;880,5,24;316;600;880,4,24,5,316;600;24;880,24;316;457;880;187;600;634;789,24;316;880;600;457;212;554;165;874;541;227;195,24;316;457;600;880,24;316;600;880,24;316;457;563;600;880,24;316;563;600;880,24;316,24;316,2,24;316,24;316
546,train,sem_0202,drink:decl,para3,lex,She drink water.,727;767,21,323.0,793.0,641.0,990.0,913.0,456.0,766.0,,,,,21,323,793,990,957.0,913.0,641.0,456.0,105.0,551.0,409.0,812.0,957,21.0,913.0,641.0,323.0,456.0,105.0,793.0,,,,,21;323;793;641;990;913;456;766,21;323;793;990;957;913;641;456;105;551;409;812,957;21;913;641;323;456;105;793,21;105;323;456;641;793;913;957;990,9,21;323;456;641;793;913,6,16,3,21;323;793;641;990;913;456;766;16,21;641;913;957;105;323;456;793,21;323;793;957;641;913;990;456;105;405;409;528,21;105;323;456;641;793;913;957;990,21;323;456;641;793;913,21;105;323;456;641;727;767;793;913;957;990,21;323;456;641;727;767;793;913,957;913;641;767;405,21;405;641;767;913;957,6,957;405;21;913,957;405;21;913
547,train,sem_0002,call:past_simple,para4,tense,He called my teacher.,308;356;709,709,343.0,276.0,60.0,358.0,514.0,308.0,907.0,288.0,756.0,44.0,692.0,343,709,756,514,557.0,308.0,942.0,60.0,229.0,773.0,358.0,667.0,709,756.0,514.0,557.0,308.0,953.0,461.0,740.0,60.0,370.0,612.0,667.0,709;343;276;60;358;514;308;907;288;756;44;692,343;709;756;514;557;308;942;60;229;773;358;667,709;756;514;557;308;953;461;740;60;370;612;667,60;308;343;358;514;557;667;709;756,9,60;308;514;709;756,5,21,4,709;343;276;60;358;308;514;288;907;756;692;202,709;756;514;557;308;44;58;60;202;229;262;276,756;709;343;557;514;308;60;229;44;358;202;667,44;60;202;229;276;308;343;358;514;557;709;756,60;202;308;514;709;756,44;60;202;229;276;308;343;356;358;514;557;709;756,60;202;308;356;514;709;756,709;60;358;927;756;514;276;557;262;773,60;202;203;229;262;276;358;434;514;557;709;756;773;907;927;942;981,17,709;229;276;756;907;60;262;202;927;434;358;942;203;981,709;229;276;756;907;60;262;202;927;434;358;942;203;981
548,train,sem_0213,pref:front_place,para3,order,"at the town, We love water.",116;409,409,71.0,,,,,,,,,,,409,164,556,256,873.0,878.0,642.0,70.0,422.0,640.0,9.0,144.0,409,164.0,12.0,878.0,378.0,346.0,61.0,873.0,642.0,256.0,146.0,556.0,409;71,409;164;556;256;873;878;642;70;422;640;9;144,409;164;12;878;378;346;61;873;642;256;146;556,164;256;409;556;642;873;878,7,409,1,27,6,409,164;409;12;61;146;256;346;378;556;642;873;878,409;164;256;556;873;878;642;70;551;812;21;422,164;256;409;556;642;873;878,409,116;164;256;409;556;642;873;878,116;409,,,0,,
549,train,sem_0237,move:decl,para3,base,We travel to the station.,148;803,998,322.0,148.0,287.0,397.0,17.0,809.0,292.0,29.0,948.0,803.0,313.0,148,287,322,998,397.0,803.0,809.0,673.0,17.0,304.0,188.0,948.0,148,287.0,803.0,998.0,322.0,397.0,809.0,82.0,583.0,853.0,17.0,292.0,998;322;148;287;397;17;809;292;29;948;803;313,148;287;322;998;397;803;809;673;17;304;188;948,148;287;803;998;322;397;809;82;583;853;17;292,17;148;287;292;322;397;803;809;948;998,10,17;148;287;322;397;803;809;998,8,25,5,998;322;148;287;397;17;292;809;29;948;313;730,148;287;322;803;998;397;809;17;29;82;188;292,148;998;287;322;397;803;809;304;17;673;188;292,17;29;148;188;287;292;322;397;803;809;998,17;148;287;292;322;397;809;998,17;29;148;188;287;292;322;397;803;809;998,17;148;287;292;322;397;803;809;998,148;287;730;803;753;583;140;998;322;526,140;148;287;292;322;397;467;526;583;662;670;717;730;753;803;853;863;998,18,287;998;730;322;148;583;526;397;803;140;717;467;670;863;753;292;662;853,287;998;730;322;148;583;526;397;803;140;717;467;670;863;753;292;662;853
550,train,sem_seed_play_future_will,play:future_will,singleton,single-seed,We will play a song.,,851,139.0,892.0,984.0,473.0,124.0,134.0,198.0,267.0,726.0,30.0,59.0,851,892,726,139,124.0,984.0,473.0,134.0,485.0,267.0,198.0,523.0,892,851.0,726.0,781.0,808.0,124.0,984.0,473.0,398.0,833.0,168.0,997.0,851;139;892;984;473;124;134;198;267;726;30;59,851;892;726;139;124;984;473;134;485;267;198;523,892;851;726;781;808;124;984;473;398;833;168;997,124;134;139;198;267;473;726;851;892;984,10,124;473;726;851;892;984,6,20,5,851;139;892;984;473;124;134;726;198;267;485;30,892;851;726;124;134;139;168;348;398;473;781;808,851;892;726;984;473;139;124;134;485;267;808;198,124;134;139;198;267;473;485;726;808;851;892;984,124;134;139;473;726;851;892,124;134;139;198;267;473;485;726;808;851;892;984,124;134;139;473;726;851;892,892;124;139;505;851;473;398;134;726;311,124;134;139;147;198;311;398;473;505;656;726;851;892,13,892;505;139;473;851;124;198;656;147;398,892;505;139;473;851;124;198;656;147;398
551,train,sem_0263,pref:decl,para3,base,We like water.,342;963,289,963.0,409.0,314.0,135.0,0.0,957.0,750.0,,,,,963,289,21,409,812.0,323.0,314.0,135.0,548.0,924.0,155.0,447.0,963,289.0,314.0,409.0,812.0,21.0,323.0,135.0,155.0,,,,289;963;409;314;135;0;957;750,963;289;21;409;812;323;314;135;548;924;155;447,963;289;314;409;812;21;323;135;155,21;135;155;289;314;323;409;812;963,9,135;289;314;409;963,5,14,3,289;963;409;135;314;0;957;750,963;21;289;314;409;812;135;323;155,963;289;21;812;409;314;323;135;155;548;447;0,0;21;135;155;289;314;323;409;812;963,135;289;314;409;963,0;21;135;155;289;314;323;342;409;812;963,135;289;314;342;409;963,409;289;963;812;21,21;289;323;409;812;963,6,409;289;963;812;21;323,409;289;963;812;21;323
552,train,sem_0059,watch:present_cont,para3,tense,He is watching a game.,159;719,940,811.0,159.0,925.0,644.0,251.0,681.0,,,,,,940,786,811,462,719.0,159.0,299.0,279.0,779.0,564.0,504.0,891.0,159,462.0,719.0,786.0,891.0,940.0,504.0,406.0,19.0,150.0,866.0,614.0,940;811;159;925;644;251;681,940;786;811;462;719;159;299;279;779;564;504;891,159;462;719;786;891;940;504;406;19;150;866;614,159;462;504;719;786;811;891;940,8,159;940,2,22,5,940;811;159;925;644;251;681,159;462;719;786;504;891;940;19;150;406;614;866,940;811;786;462;719;159;891;504;325;40;751;279,159;462;504;719;786;811;891;940,159;940,159;462;504;719;786;811;891;940,159;719;940,159;719;681,159;681;719;925;940,5,159;940;681;719;925,159;940;681;719;925
553,train,sem_0142,move:decl,para3,base,You visit at the cafe.,165;729,729,378.0,717.0,642.0,467.0,327.0,662.0,928.0,146.0,830.0,107.0,93.0,729,378,146,107,717.0,521.0,93.0,404.0,642.0,246.0,662.0,467.0,729,717.0,521.0,378.0,93.0,146.0,107.0,404.0,977.0,642.0,467.0,830.0,729;378;717;642;467;327;662;928;146;830;107;93,729;378;146;107;717;521;93;404;642;246;662;467,729;717;521;378;93;146;107;404;977;642;467;830,93;107;146;378;404;467;521;642;662;717;729;830,12,93;107;146;378;467;642;717;729,8,22,5,729;378;717;642;662;467;928;830;146;327;93;107,729;93;107;146;378;521;717;404;246;338;467;642,729;146;378;717;107;521;93;404;467;928;246;662,93;107;146;246;378;404;467;521;642;662;717;729;928,93;107;146;378;467;717;729,93;107;146;165;246;378;404;467;521;642;662;717;729;928,93;107;146;165;378;467;717;729,729;378;146;521,93;146;338;378;404;521;729;783,8,378;729;93;521;146;783;338;404,378;729;93;521;146;783;338;404
554,train,sem_0309,move:decl,para3,base,I arrive at home.,23;212,874,212.0,873.0,338.0,61.0,140.0,12.0,404.0,,,,,874,873,212,977,744.0,346.0,140.0,61.0,12.0,338.0,404.0,165.0,874,212.0,873.0,165.0,,,,,,,,,874;212;873;338;61;140;12;404,874;873;212;977;744;346;140;61;12;338;404;165,874;212;873;165,12;61;140;165;212;338;404;873;874,9,212;873;874,3,17,4,874;212;873;61;338;140;12;404,212;874;873;165,874;212;873;977;346;338;140;61;744;12;165;404,12;61;140;165;212;338;404;873;874,212;873;874,12;23;61;140;165;212;338;404;873;874,23;212;873;874,212;874;716;165,165;212;716;874,4,212;874,212;874
555,train,sem_0008,drink:decl,para4,base,He sip coffee.,192;538;770,929,25.0,655.0,815.0,192.0,538.0,36.0,562.0,507.0,428.0,954.0,904.0,192,538,929,815,655.0,25.0,36.0,562.0,954.0,405.0,437.0,249.0,192,538.0,405.0,655.0,25.0,954.0,929.0,815.0,562.0,437.0,249.0,,929;25;655;815;192;538;36;562;507;428;954;904,192;538;929;815;655;25;36;562;954;405;437;249,192;538;405;655;25;954;929;815;562;437;249,25;36;192;249;405;437;538;562;655;815;929;954,12,25;192;538;562;655;815;929;954,8,14,3,929;25;815;655;538;192;36;562;428;507,192;538;25;405;562;655;815;929;954;437;249,192;538;25;655;929;815;562;954;405;36;437;249,25;36;192;249;405;437;538;562;655;815;929;954,25;192;538;562;655;815;929,25;36;192;249;405;437;538;562;655;770;815;929;954,25;192;538;562;655;770;815;929,929;954;192;538;405;562;79;25;437,25;36;79;192;405;437;538;562;655;815;929;954,12,929;192;954;25;815;562;405;655;538;36;437,929;192;954;25;815;562;405;655;538;36;437
556,train,sem_0083,move:decl,para3,base,He return at the town.,256;642,878,256.0,93.0,863.0,183.0,165.0,237.0,110.0,642.0,214.0,521.0,873.0,878,256,642,183,521.0,863.0,93.0,873.0,70.0,548.0,237.0,165.0,878,642.0,256.0,873.0,662.0,183.0,715.0,521.0,93.0,863.0,805.0,548.0,878;256;93;863;183;165;237;110;642;214;521;873,878;256;642;183;521;863;93;873;70;548;237;165,878;642;256;873;662;183;715;521;93;863;805;548,93;165;183;237;256;521;548;642;863;873;878,11,93;183;256;521;642;863;873;878,8,22,5,878;256;93;863;183;165;237;110;642;214;873,256;642;878;93;183;521;662;715;863;873;70;415,878;642;256;521;863;93;183;873;165;237;548;70,70;93;165;183;237;256;521;642;863;873;878,93;183;256;642;863;873;878,70;93;165;183;237;256;521;642;863;873;878,93;183;256;642;863;873;878,256;878;642,17;256;415;642;715;878,6,256;878;642;715;415;17,256;878;642;715;415;17
557,train,sem_0277,call:future_will,para3,tense,He will text my teacher.,178;756,756,692.0,668.0,907.0,497.0,875.0,160.0,44.0,709.0,276.0,250.0,282.0,756,692,668,907,875.0,497.0,160.0,58.0,547.0,709.0,247.0,514.0,756,58.0,547.0,709.0,692.0,907.0,514.0,875.0,247.0,668.0,403.0,160.0,756;692;668;907;497;875;160;44;709;276;250;282,756;692;668;907;875;497;160;58;547;709;247;514,756;58;547;709;692;907;514;875;247;668;403;160,58;160;247;497;514;547;668;692;709;756;875;907,12,160;668;692;709;756;875;907,7,24,5,756;692;668;875;497;907;160;709;276;250;60;358,756;58;547;692;709;247;514;668;875;907;160;308,756;692;668;907;875;58;709;547;497;160;247;514,58;160;247;497;514;547;668;692;709;756;875;907,160;668;692;709;756;875;907,58;160;178;247;497;514;547;668;692;709;756;875;907,160;178;668;692;709;756;875;907,756;692;497;547;341;668,341;497;547;668;692;756;875;907,8,756;497;692;668;875;907,756;497;692;668;875;907
558,train,sem_0217,watch:decl,para3,base,You observe a game.,69;200,719,524.0,713.0,390.0,935.0,742.0,891.0,458.0,200.0,490.0,991.0,418.0,524,719,742,891,458.0,713.0,390.0,935.0,931.0,857.0,438.0,251.0,713,438.0,890.0,524.0,742.0,251.0,69.0,837.0,170.0,719.0,390.0,616.0,719;524;713;390;935;742;891;458;200;490;991;418,524;719;742;891;458;713;390;935;931;857;438;251,713;438;890;524;742;251;69;837;170;719;390;616,251;390;438;458;524;713;719;742;891;935,10,390;524;713;719;742,5,19,4,719;524;713;390;935;742;891;458;490;991;418;792,69;170;251;294;390;438;524;616;636;713;719;742,524;742;719;891;713;935;390;931;458;69;251;636,69;251;390;458;524;636;713;719;742;891;935,390;524;713;719;742,69;200;251;390;458;524;636;713;719;742;891;935,69;200;390;524;713;719;742,200;251;616;742;69;719;524;925;240;644,69;200;240;244;251;472;524;616;644;719;742;925,12,200;616;719;251;69;524;742;240;244;644;472,200;616;719;251;69;524;742;240;244;644;472
559,train,sem_seed_eat_ynq_do,eat:ynq_do,singleton,single-seed,does She have a sandwich?,,818,15.0,118.0,80.0,678.0,169.0,736.0,623.0,100.0,910.0,944.0,763.0,818,860,15,169,736.0,118.0,678.0,80.0,100.0,944.0,763.0,960.0,818,15.0,860.0,169.0,736.0,14.0,623.0,456.0,678.0,80.0,118.0,763.0,818;15;118;80;678;169;736;623;100;910;944;763,818;860;15;169;736;118;678;80;100;944;763;960,818;15;860;169;736;14;623;456;678;80;118;763,15;80;100;118;169;623;678;736;763;818;860;944,12,15;80;118;169;678;736;763;818,8,25,5,818;118;15;80;678;169;736;623;763;960;99;617,818;15;860;14;80;118;169;456;623;678;736;100,818;736;169;15;860;678;80;118;960;763;944;100,15;80;100;118;169;623;678;736;763;818;860;960,15;80;118;169;678;736;818,15;80;100;118;169;623;678;736;763;818;860;960,15;80;118;169;678;736;818,818;15,15;818,2,818;15,818;15
560,train,sem_seed_play_present_cont,play:present_cont,singleton,single-seed,She is playing music.,,201,245.0,445.0,,,,,,,,,,201,518,245,482,3.0,688.0,364.0,542.0,699.0,260.0,315.0,687.0,518,542.0,688.0,699.0,364.0,260.0,201.0,,,,,,201;245;445,201;518;245;482;3;688;364;542;699;260;315;687,518;542;688;699;364;260;201,201;245;260;364;518;542;688;699,8,201,1,22,4,201,518;364;542;688;699;201;260,201;518;364;688;699;542;245;260;315;482;3;687,201;260;364;518;542;688;699,201,201;260;364;518;542;688;699,201,688,245;688,2,688;245,688;245
561,train,sem_0106,social:going_to,para3,tense,They are going to take a phone.,293;697,806,293.0,627.0,161.0,804.0,19.0,526.0,42.0,458.0,381.0,829.0,823.0,806,293,458,161,829.0,480.0,804.0,42.0,381.0,526.0,823.0,627.0,806,293.0,458.0,480.0,161.0,829.0,804.0,42.0,381.0,19.0,526.0,531.0,806;293;627;161;804;19;526;42;458;381;829;823,806;293;458;161;829;480;804;42;381;526;823;627,806;293;458;480;161;829;804;42;381;19;526;531,19;42;161;293;381;458;480;526;627;804;806;823;829,13,42;161;293;381;458;526;804;806;829,9,31,7,806;293;627;161;526;804;19;458;42;381;823;829,806;293;161;458;480;829;42;381;804;19;46;55,806;293;804;381;42;480;458;829;161;627;526;823,19;42;161;293;381;458;480;526;627;804;806;823;829,42;161;293;381;458;804;806;829,19;42;161;293;381;458;480;526;627;697;804;806;823;829,42;161;293;381;458;697;804;806;829,293;806,19;43;293;627;806,5,806;293;627;19;43,806;293;627;19;43
562,train,sem_0262,drink:decl,para3,lex,He have coffee.,751;954,666,440.0,555.0,822.0,215.0,25.0,588.0,929.0,507.0,437.0,632.0,904.0,507,555,437,538,192.0,770.0,218.0,791.0,486.0,184.0,345.0,302.0,184,791.0,486.0,555.0,218.0,770.0,507.0,345.0,538.0,192.0,437.0,302.0,666;440;555;822;215;25;588;929;507;437;632;904,507;555;437;538;192;770;218;791;486;184;345;302,184;791;486;555;218;770;507;345;538;192;437;302,184;192;218;302;345;437;486;507;538;555;770;791,12,437;507;555,3,15,3,440;215;822;555;25;588;929;666;507;815,184;218;486;555;770;791;192;345;437;507;538;283,507;555;192;538;437;184;486;770;218;791;345;283,184;192;218;283;345;437;486;507;538;555;770;791,507;555,184;192;218;283;345;437;486;507;538;555;751;770;791;954,507;555;751;954,770;555;437,192;437;555;576;770,5,437;555;770;192;576,437;555;770;192;576
563,train,sem_0152,pref:decl,para3,lex,He love a song.,316;545,833,180.0,995.0,930.0,590.0,530.0,827.0,522.0,975.0,258.0,,,995,930,833,180,590.0,530.0,522.0,975.0,984.0,838.0,775.0,851.0,775,838.0,984.0,930.0,180.0,833.0,995.0,267.0,851.0,590.0,530.0,975.0,833;180;995;930;590;530;827;522;975;258,995;930;833;180;590;530;522;975;984;838;775;851,775;838;984;930;180;833;995;267;851;590;530;975,180;522;530;590;775;833;838;851;930;975;984;995,12,180;530;590;833;930;975;995,7,15,4,180;833;995;930;827;530;590;522;975;258,180;775;833;838;930;984;995;267;590;851;530;975,833;995;180;930;590;975;530;522;984;838;775;267,180;267;522;530;590;775;833;838;930;975;984;995,180;530;590;833;930;975;995,180;267;316;522;530;545;590;775;833;838;930;975;984;995,180;316;530;545;590;833;930;975;995,180;930;995,180;590;827;833;930;995,6,180;995;930;833;827;590,180;995;930;833;827;590
564,train,sem_single_0989,watch:because_cause,singleton,single,"We watch a game, because it is warm.",,279,795.0,779.0,206.0,988.0,482.0,510.0,710.0,6.0,924.0,329.0,799.0,795,779,279,924,299.0,988.0,799.0,584.0,206.0,912.0,347.0,510.0,299,779.0,279.0,795.0,924.0,644.0,799.0,912.0,786.0,988.0,510.0,347.0,279;795;779;206;988;482;510;710;6;924;329;799,795;779;279;924;299;988;799;584;206;912;347;510,299;779;279;795;924;644;799;912;786;988;510;347,206;279;299;347;510;779;795;799;912;924;988,11,279;510;779;795;799;924;988,7,36,8,279;779;795;988;510;924;644;6;206;329;482;710,279;299;779;795;644;924;206;347;510;584;786;799,795;279;779;924;299;710;6;329;482;510;988;584,6;206;279;299;329;482;510;584;644;710;779;795;924;988,279;510;779;795;924,6;206;279;299;329;482;510;584;644;710;779;795;924;988,279;510;779;795;924,779;279,279;299;644;779,4,779;644;279;299,779;644;279;299
565,train,sem_0046,acq:decl,para4,base,I order pizza.,120;491;735,671,921.0,987.0,344.0,491.0,431.0,381.0,120.0,41.0,800.0,520.0,624.0,491,344,671,987,921.0,431.0,381.0,520.0,800.0,335.0,869.0,503.0,491,869.0,921.0,335.0,671.0,344.0,800.0,987.0,503.0,520.0,774.0,481.0,671;921;987;344;491;431;381;120;41;800;520;624,491;344;671;987;921;431;381;520;800;335;869;503,491;869;921;335;671;344;800;987;503;520;774;481,335;344;381;431;491;503;520;671;800;869;921;987,12,344;491;520;671;800;921;987,7,14,3,671;921;987;344;491;431;381;800;520;120;624;41,491;335;344;503;520;671;774;800;869;921;987;51,491;987;671;344;921;431;800;520;869;774;335;503,335;344;431;491;503;520;671;774;800;869;921;987,344;491;520;671;800;921;987,120;335;344;431;491;503;520;671;735;774;800;869;921;987,120;344;491;520;671;735;800;921;987,120;671;503;344;491;987;869;335;51;520;774;800;411;921;577;707,18;51;120;268;335;344;381;411;431;436;491;503;520;577;663;671;705;707;774;800;868;869;921;987,24,671;344;503;491;520;120;987;663;431;921;268;869;18;577;800;707;381;411;705;436;868,671;344;503;491;520;120;987;663;431;921;268;869;18;577;800;707;381;411;705;436;868
566,train,sem_0111,social:decl,para3,base,We use a computer.,627;845,845,706.0,720.0,421.0,959.0,697.0,481.0,334.0,772.0,601.0,569.0,760.0,845,706,421,720,959.0,601.0,273.0,471.0,645.0,334.0,697.0,569.0,845,601.0,959.0,706.0,720.0,421.0,645.0,348.0,833.0,380.0,298.0,892.0,845;706;720;421;959;697;481;334;772;601;569;760,845;706;421;720;959;601;273;471;645;334;697;569,845;601;959;706;720;421;645;348;833;380;298;892,334;421;569;601;645;697;706;720;845;959,10,421;601;706;720;845;959,6,18,4,845;706;720;421;697;959;334;481;772;601;569;760,845;601;706;959;421;720;5;34;52;118;135;168,845;706;720;421;601;959;273;471;645;334;772;697,334;421;601;697;706;720;772;845;959,421;601;706;720;845;959,334;421;601;627;697;706;720;772;845;959,421;601;627;706;720;845;959,706;845,706;845,2,706;845,706;845
567,train,sem_seed_pref_past_simple,pref:past_simple,singleton,single-seed,He enjoyed lunch.,,73,242.0,316.0,,,,,,,,,,73,839,766,757,278.0,184.0,682.0,345.0,40.0,703.0,962.0,805.0,278,73.0,839.0,766.0,184.0,757.0,345.0,682.0,40.0,,,,73;242;316,73;839;766;757;278;184;682;345;40;703;962;805,278;73;839;766;184;757;345;682;40,40;73;184;278;345;682;757;766;839,9,73,1,17,3,73;242,73;184;278;757;766;839;40;345;682,73;766;278;184;839;757;40;345;682;703;805;962,40;73;184;278;345;682;757;766;839,73,40;73;184;278;345;682;757;766;839,73,73;278;242;40,40;73;242;278;839,5,73;839;242,73;839;242
568,train,sem_0088,acq:decl,para3,lex,They get a sandwich.,411;620,500,860.0,897.0,677.0,108.0,678.0,177.0,99.0,118.0,818.0,604.0,772.0,860,897,772,181,365.0,985.0,677.0,678.0,604.0,99.0,749.0,354.0,749,99.0,897.0,678.0,772.0,677.0,604.0,181.0,414.0,354.0,365.0,860.0,500;860;897;677;108;678;177;99;118;818;604;772,860;897;772;181;365;985;677;678;604;99;749;354,749;99;897;678;772;677;604;181;414;354;365;860,99;181;354;365;604;677;678;749;772;860;897,11,99;604;677;678;772;860;897,7,20,4,897;860;677;108;177;678;99;500;118;818;604;772,99;604;677;678;749;772;897;181;354;365;414;860,897;772;860;181;365;604;677;678;99;749;414;354,99;181;354;365;414;604;677;678;749;772;860;897,99;604;677;678;772;860;897,99;181;354;365;411;414;604;620;677;678;749;772;860;897,99;411;604;620;677;678;772;860;897,677;678;604;749;500;99,99;118;177;354;414;500;604;624;646;677;678;749;860,13,677;604;749;678;99;500;860;354;646;177;414;624;118,677;604;749;678;99;500;860;354;646;177;414;624;118
569,train,sem_0031,social:decl,para4,lex,He start a computer.,19;645;898,601,334.0,772.0,481.0,760.0,566.0,959.0,365.0,706.0,697.0,679.0,137.0,601,887,334,406,805.0,582.0,915.0,679.0,470.0,706.0,959.0,566.0,601,334.0,887.0,406.0,838.0,882.0,178.0,772.0,775.0,167.0,159.0,719.0,601;334;772;481;760;566;959;365;706;697;679;137,601;887;334;406;805;582;915;679;470;706;959;566,601;334;887;406;838;882;178;772;775;167;159;719,334;406;566;601;679;706;772;887;959,9,334;601,2,20,4,601;334;772;566;481;959;706;760;697;365;679;845,334;601;887;406;16;38;74;159;167;178;231;356,601;887;334;582;915;679;805;406;7;566;697;706,334;406;566;601;679;697;706;887,334;601,19;334;406;566;601;645;679;697;706;887;898,19;334;601;645;898,601,601,1,601,601
570,train,sem_0161,eat:decl,para3,base,I eat dinner.,,122,974.0,70.0,253.0,791.0,533.0,520.0,,,,,,122,974,70,108,520.0,253.0,663.0,84.0,18.0,922.0,932.0,309.0,520,253.0,974.0,122.0,108.0,663.0,84.0,,,,,,122;974;70;253;791;533;520,122;974;70;108;520;253;663;84;18;922;932;309,520;253;974;122;108;663;84,70;84;108;122;253;520;663;974,8,122;253;520;974,4,13,3,122;974;70;791;533;520,122;253;520;974;84;108;663,122;974;70;108;520;253;663;84;436;922;932;839,70;84;108;122;253;520;663;974,122;520;974,70;84;108;122;253;520;663;974,122;520;974,122;533;917;520;253;420,122;253;314;420;520;533;683;917;974,9,122;533;974;420;917;683;314,122;533;974;420;917;683;314
571,train,sem_seed_eat_conditional_if,eat:conditional_if,singleton,single-seed,"If it is warm, He eat pizza.",,680,786.0,119.0,527.0,299.0,932.0,990.0,707.0,436.0,625.0,319.0,951.0,680,527,119,786,3.0,990.0,625.0,951.0,319.0,175.0,299.0,142.0,680,527.0,119.0,786.0,3.0,990.0,625.0,710.0,206.0,142.0,795.0,299.0,680;786;119;527;299;932;990;707;436;625;319;951,680;527;119;786;3;990;625;951;319;175;299;142,680;527;119;786;3;990;625;710;206;142;795;299,3;119;142;299;319;527;625;680;786;951;990,11,119;299;527;625;680;786;990,7,28,7,680;786;119;527;299;990;625;436;707;951;319;932,680;119;527;786;3;625;710;990;142;175;206;299,680;527;119;786;3;990;625;142;299;175;951;319,3;119;142;175;299;319;527;625;680;786;951;990,119;299;527;625;680;786;990,3;119;142;175;299;319;527;625;680;786;951;990,119;299;527;625;680;786;990,680,680,1,680,680
572,train,sem_0180,social:future_will,para3,tense,I will take a ticket.,186;915,186,33.0,915.0,98.0,700.0,829.0,,,,,,,186,915,982,626,733.0,153.0,33.0,98.0,205.0,627.0,293.0,793.0,186,915.0,733.0,982.0,626.0,,,,,,,,186;33;915;98;700;829,186;915;982;626;733;153;33;98;205;627;293;793,186;915;733;982;626,33;98;186;626;733;915;982,7,186;915,2,21,5,186;33;915;98;700,186;915;626;733;982,186;915;98;33;982;733;626;293;627;205;793;153,33;98;186;626;733;915;982,186;915,33;98;186;626;733;915;982,186;915,186,186,1,186,186
573,train,sem_0261,move:decl,para3,base,I go to school.,183;277,277,606.0,649.0,809.0,188.0,527.0,,,,,,,277,606,973,730,783.0,723.0,670.0,526.0,809.0,649.0,188.0,579.0,277,606.0,809.0,649.0,,,,,,,,,277;606;649;809;188;527,277;606;973;730;783;723;670;526;809;649;188;579,277;606;809;649,188;277;606;649;809,5,277;606;649;809,4,15,4,277;606;649;809;188;527,277;606;649;809,277;606;973;783;730;649;809;723;670;526;188;579,188;277;606;649;809,277;606;649;809,183;188;277;606;649;809,183;277;606;649;809,277;606,277;606;649,3,277;649;606,277;649;606
574,train,sem_0035,call:decl,para4,base,We phone my father.,469;701;755,284,834.0,881.0,133.0,755.0,469.0,66.0,831.0,461.0,693.0,664.0,689.0,755,469,284,834,133.0,881.0,831.0,664.0,66.0,906.0,320.0,439.0,755,469.0,133.0,834.0,881.0,66.0,284.0,906.0,831.0,664.0,229.0,701.0,284;834;881;133;755;469;66;831;461;693;664;689,755;469;284;834;133;881;831;664;66;906;320;439,755;469;133;834;881;66;284;906;831;664;229;701,66;133;284;469;664;755;831;834;881;906,10,66;133;284;469;664;755;831;834;881,9,19,4,284;834;881;133;755;469;66;461;831;693;664;689,469;755;66;133;284;834;881;906;831;664;45;56,755;469;133;881;834;284;66;831;664;906;689;435,66;133;284;469;664;689;755;831;834;881;906,66;133;284;469;664;755;831;834;881,66;133;284;469;664;689;701;755;831;834;881;906,66;133;284;469;664;701;755;831;834;881,133;66;469;881;755;689;461;284;439;368;392;127;343;834;400,45;66;127;133;284;320;343;368;392;400;435;439;461;469;605;689;755;817;831;834;881,21,469;133;881;66;439;755;689;284;392;834;461;368;831;605;45;435;343;127;817;320,469;133;881;66;439;755;689;284;392;834;461;368;831;605;45;435;343;127;817;320
575,train,sem_single_0967,drink:wh_where,singleton,single,Where do They drink?,,816,162.0,280.0,143.0,104.0,835.0,,,,,,,143,280,162,816,232.0,310.0,402.0,425.0,13.0,694.0,894.0,993.0,280,162.0,816.0,143.0,835.0,104.0,234.0,331.0,796.0,993.0,894.0,323.0,816;162;280;143;104;835,143;280;162;816;232;310;402;425;13;694;894;993,280;162;816;143;835;104;234;331;796;993;894;323,104;143;162;280;816;835;894;993,8,143;162;280;816,4,20,4,816;280;143;162;104;835,143;162;280;816;104;835;13;35;232;234;310;323,280;143;162;816;946;13;232;402;425;993;894;310,13;104;143;162;232;280;310;816;835,143;162;280;816,13;104;143;162;232;280;310;816;835,143;162;280;816,280;143;816,143;280;816,3,816;280;143,816;280;143
576,train,sem_0164,drink:decl,para3,base,We drink coffee.,128;166,835,128.0,999.0,893.0,437.0,21.0,766.0,641.0,562.0,,,,128,835,999,893,21.0,632.0,323.0,280.0,452.0,104.0,236.0,453.0,128,632.0,21.0,835.0,323.0,999.0,280.0,452.0,,,,,835;128;999;893;437;21;766;641;562,128;835;999;893;21;632;323;280;452;104;236;453,128;632;21;835;323;999;280;452,21;128;280;323;452;632;835;893;999,9,21;128;835;999,4,16,3,835;128;999;893;21;437;641,128;21;632;835;280;323;452;999,128;835;999;21;632;893;452;323;280;453;546;641,21;128;280;323;452;632;641;835;893;999,21;128;835;999,21;128;166;280;323;452;632;641;835;893;999,21;128;166;835;999,632;835;128;25;822,25;128;440;562;588;632;661;815;822;835;904,11,128;632;835;904;588;25;562;815;661;822;440,128;632;835;904;588;25;562;815;661;822;440
577,train,sem_0191,acq:decl,para3,lex,They purchase pizza.,604,503,711.0,43.0,749.0,724.0,652.0,230.0,248.0,241.0,170.0,735.0,578.0,503,711,749,43,529.0,50.0,436.0,411.0,987.0,37.0,349.0,628.0,503,50.0,37.0,529.0,411.0,987.0,436.0,749.0,711.0,43.0,349.0,,503;711;43;749;724;652;230;248;241;170;735;578,503;711;749;43;529;50;436;411;987;37;349;628,503;50;37;529;411;987;436;749;711;43;349,37;43;50;349;411;436;503;529;711;749;987,11,43;503;711;749,4,20,3,503;711;43;749;724;230;241;652;170;248;735;578,37;50;411;436;503;529;987;43;349;711;749,503;749;43;711;529;436;411;37;987;50;349;652,37;43;50;349;411;436;503;529;652;711;749;987,43;503;711;749,37;43;50;349;411;436;503;529;604;652;711;749;987,43;503;604;711;749,411;503;987;436;50;671;620;37;749;724;565,37;50;344;349;381;411;436;503;529;565;620;671;724;749;804;921;976;987,18,411;987;503;436;671;349;381;344;529;50;37;724;565;804;976;921,411;987;503;436;671;349;381;344;529;50;37;724;565;804;976;921
578,train,sem_single_0922,acq:modal_can,singleton,single,We can purchase a song.,,509,735.0,230.0,241.0,170.0,248.0,749.0,711.0,43.0,652.0,503.0,388.0,509,590,895,652,363.0,204.0,734.0,67.0,398.0,892.0,168.0,833.0,398,348.0,833.0,997.0,892.0,168.0,781.0,509.0,797.0,83.0,895.0,966.0,509;735;230;241;170;248;749;711;43;652;503;388,509;590;895;652;363;204;734;67;398;892;168;833,398;348;833;997;892;168;781;509;797;83;895;966,168;398;509;652;833;892;895,7,509,1,23,5,509;735;230;241;170;749;711;248;43;503;652;388,168;348;398;781;833;892;997;67;83;509;550;590,509;895;590;652;204;892;348;833;398;168;781;997,168;348;398;509;590;652;781;833;892;997,509,168;348;398;509;590;652;781;833;892;997,509,348;797,348;653;797,3,348;797;653,348;797;653
579,train,sem_single_0996,play:front_place,singleton,single,"at school, I play a game.",,512,462.0,808.0,464.0,837.0,801.0,530.0,144.0,457.0,,,,512,30,279,387,457.0,530.0,462.0,801.0,808.0,837.0,464.0,237.0,512,387.0,30.0,837.0,925.0,139.0,801.0,464.0,950.0,808.0,902.0,746.0,512;462;808;464;837;801;530;144;457,512;30;279;387;457;530;462;801;808;837;464;237,512;387;30;837;925;139;801;464;950;808;902;746,30;387;457;462;464;512;530;801;808;837,10,464;512;801;808;837,5,25,6,512;462;808;464;837;801;530;144;457,512;30;387;139;462;464;746;801;808;837;902;925,512;462;464;801;837;808;237;30;387;457;530;351,30;387;457;462;464;512;530;801;808;837,462;464;512;801;808;837,30;387;457;462;464;512;530;801;808;837,462;464;512;801;808;837,,,0,,
580,train,sem_single_0957,play:perfect_pr,singleton,single,You have played a game.,,221,359.0,462.0,808.0,464.0,275.0,837.0,463.0,512.0,,,,221,359,275,94,251.0,890.0,294.0,636.0,837.0,616.0,558.0,69.0,221,294.0,251.0,359.0,890.0,636.0,438.0,558.0,170.0,69.0,837.0,616.0,221;359;462;808;464;275;837;463;512,221;359;275;94;251;890;294;636;837;616;558;69,221;294;251;359;890;636;438;558;170;69;837;616,69;221;251;275;294;359;558;616;636;837;890,11,221;359;837,3,23,5,221;359;462;808;464;275;837;463;512,221;69;80;170;251;294;359;438;558;616;636;837,221;359;275;94;616;294;170;438;558;636;251;837,170;221;251;275;294;359;438;558;616;636;837,221;359;837,170;221;251;275;294;359;438;558;616;636;837,221;359;837,221;837,221;438;512;636;837;890,6,221;837;512;636;890;438,221;837;512;636;890;438
581,train,sem_0184,call:decl,para3,lex,They phone a friend.,203;773,380,208.0,307.0,585.0,205.0,133.0,659.0,368.0,952.0,862.0,350.0,927.0,380,208,585,307,659.0,952.0,62.0,43.0,582.0,293.0,901.0,480.0,380,659.0,582.0,293.0,43.0,208.0,952.0,901.0,585.0,62.0,307.0,561.0,380;208;307;585;205;133;659;368;952;862;350;927,380;208;585;307;659;952;62;43;582;293;901;480,380;659;582;293;43;208;952;901;585;62;307;561,43;62;208;293;307;380;582;585;659;901;952,11,208;307;380;585;659;952,6,20,4,380;208;307;585;133;659;205;368;862;178;952;350,43;208;293;380;582;659;952;62;307;585;901;480,208;380;585;307;952;659;293;582;43;62;901;927,43;62;208;293;307;380;582;585;659;901;952,208;307;380;585;659;952,43;62;203;208;293;307;380;582;585;659;773;901;952,203;208;307;380;585;659;773;952,380;208;585;952;307,208;307;380;585;952,5,208;380;307,208;380;307
582,train,sem_0122,social:decl,para3,lex,They start a phone.,421;706,7,123.0,679.0,293.0,915.0,417.0,601.0,569.0,,,,,7,293,581,43,901.0,915.0,601.0,569.0,679.0,561.0,988.0,470.0,43,293.0,581.0,901.0,7.0,561.0,712.0,679.0,678.0,99.0,103.0,98.0,7;123;679;293;915;417;601;569,7;293;581;43;901;915;601;569;679;561;988;470,43;293;581;901;7;561;712;679;678;99;103;98,7;43;293;561;569;581;601;679;901;915,10,7;293;679,3,19,4,7;123;679;293;569;601,43;293;581;901;7;561;33;90;98;99;103;109,7;43;581;293;915;679;601;569;901;887;368;927,7;43;293;569;581;601;679;901,7;293,7;43;293;421;569;581;601;679;706;901,7;293;421;706,,293;901,2,293;901,293;901
583,train,sem_0129,move:decl,para3,lex,You come to the station.,107;717,292,29.0,89.0,948.0,853.0,716.0,730.0,769.0,803.0,753.0,718.0,998.0,292,29,115,853,718.0,665.0,357.0,716.0,608.0,934.0,855.0,82.0,292,29.0,853.0,665.0,718.0,115.0,716.0,107.0,549.0,863.0,730.0,544.0,292;29;89;948;853;716;730;769;803;753;718;998,292;29;115;853;718;665;357;716;608;934;855;82,292;29;853;665;718;115;716;107;549;863;730;544,29;115;292;665;716;718;730;853,8,29;292;716;718;853,5,24,5,292;29;948;716;853;730;89;769;753;803;998;549,29;292;853;115;665;718;716;2;82;107;209;287,29;292;853;115;716;718;665;2;934;855;396;82,2;29;82;115;292;665;716;718;853,29;292;716;853,2;29;82;107;115;292;665;716;717;718;853,29;107;292;716;717;853,717;730;140;107;549;29;292,29;89;107;140;292;322;467;526;549;717;730;753;863;998,14,292;717;29;549;730;107;526;863;467;998;322;140;753;89,292;717;29;549;730;107;526;863;467;998;322;140;753;89
584,train,sem_single_0902,acq:because_cause,singleton,single,"He order a sandwich, because it is warm.",,329,206.0,912.0,482.0,710.0,795.0,988.0,279.0,510.0,799.0,924.0,564.0,795,206,988,912,564.0,347.0,279.0,779.0,799.0,510.0,710.0,329.0,206,795.0,564.0,779.0,347.0,988.0,279.0,799.0,786.0,510.0,912.0,119.0,329;206;912;482;710;795;988;279;510;799;924;564,795;206;988;912;564;347;279;779;799;510;710;329,206;795;564;779;347;988;279;799;786;510;912;119,206;279;329;347;510;564;710;779;795;799;912;988,12,206;279;510;564;795;799;912;988,8,40,8,329;912;14;279;206;564;482;924;988;779;510;710,206;795;119;279;347;510;564;779;786;799;912;988,206;795;6;924;329;482;710;564;347;510;988;279,206;279;329;347;482;510;564;710;779;795;912;924;988,206;279;510;564;988,206;279;329;347;482;510;564;710;779;795;912;924;988,206;279;510;564;988,,,0,,
585,train,sem_seed_call_ynq_do,call:ynq_do,singleton,single-seed,do I phone a friend?,,380,581.0,208.0,307.0,310.0,,,,,,,,310,581,208,380,307.0,901.0,862.0,123.0,821.0,28.0,896.0,77.0,581,380.0,310.0,862.0,123.0,208.0,901.0,307.0,77.0,821.0,28.0,896.0,380;581;208;307;310,310;581;208;380;307;901;862;123;821;28;896;77,581;380;310;862;123;208;901;307;77;821;28;896,28;77;123;208;307;310;380;581;821;862;896;901,12,208;307;310;380;581,5,20,5,380;581;208;307;310,123;208;310;380;581;862;28;77;307;821;896;901,310;208;380;581;307;901;862;123;821;400;881;28,28;123;208;307;310;380;581;821;862;901,208;307;310;380;581,28;123;208;307;310;380;581;821;862;901,208;307;310;380;581,380;581;208,208;380;581,3,,
586,train,sem_0055,social:front_time,para4,order,"Today, They finish a game.",94;274;933,274,266.0,832.0,864.0,961.0,986.0,768.0,94.0,858.0,,,,274,986,832,266,864.0,743.0,181.0,354.0,72.0,961.0,801.0,920.0,274,103.0,933.0,920.0,681.0,109.0,801.0,181.0,94.0,72.0,846.0,354.0,274;266;832;864;961;986;768;94;858,274;986;832;266;864;743;181;354;72;961;801;920,274;103;933;920;681;109;801;181;94;72;846;354,72;94;181;266;274;354;801;832;864;920;961;986,12,274,1,26,5,274;266;864;961;768;832;986,274;103;109;681;801;920;933;72;94;181;354;743,274;986;832;266;864;354;743;72;181;109;103;801,72;103;109;181;266;274;354;743;801;832;864;986,274,72;94;103;109;181;266;274;354;743;801;832;864;933;986,94;274;933,274;94,94;274,2,274,274
587,train,sem_0243,learn:decl,para3,lex,We review a novel.,460;758,515,85.0,626.0,859.0,777.0,629.0,226.0,477.0,413.0,865.0,20.0,789.0,515,85,626,777,859.0,865.0,695.0,702.0,226.0,598.0,1.0,477.0,695,859.0,515.0,702.0,226.0,85.0,626.0,598.0,1.0,777.0,865.0,442.0,515;85;626;859;777;629;226;477;413;865;20;789,515;85;626;777;859;865;695;702;226;598;1;477,695;859;515;702;226;85;626;598;1;777;865;442,1;85;226;477;515;598;626;695;702;777;859;865,12,85;226;515;626;777;859;865,7,18,4,515;85;626;859;777;629;226;477;20;413;865;789,85;226;515;695;702;859;1;598;626;777;865;5,515;85;626;859;777;702;695;226;1;598;865;629,1;85;226;515;598;626;629;695;702;777;859;865,85;226;515;626;777;859;865,1;85;226;460;515;598;626;629;695;702;758;777;859;865,85;226;460;515;626;758;777;859;865,85;859;226;626;515;477;926;413;704;460;865,85;226;413;460;477;515;626;704;859;865;926,11,85;859;626;477;413;704,85;859;626;477;413;704
588,train,sem_0073,social:decl,para3,base,They choose coffee.,647;666,666,440.0,215.0,382.0,441.0,876.0,103.0,562.0,822.0,902.0,904.0,,215,440,382,441,876.0,103.0,666.0,835.0,904.0,822.0,661.0,49.0,904,440.0,835.0,666.0,822.0,215.0,661.0,49.0,382.0,103.0,441.0,,666;440;215;382;441;876;103;562;822;902;904,215;440;382;441;876;103;666;835;904;822;661;49,904;440;835;666;822;215;661;49;382;103;441,49;103;215;382;440;441;661;666;822;835;876;904,12,103;215;382;440;441;666;822;904,8,19,3,440;215;666;382;441;876;103;562;822;902,215;440;666;822;835;904;49;103;382;661;441,215;440;382;441;876;103;904;835;822;666;49;661,49;103;215;382;440;441;661;666;822;835;876;904,103;215;382;440;441;666;822,49;103;215;382;440;441;647;661;666;822;835;876;904,103;215;382;440;441;647;666;822,666;440;904;215;835;382,215;382;440;441;576;661;666;822;835;876;904,11,666;835;904;215;440;441;661;876;576;822,666;835;904;215;440;441;661;876;576;822
589,train,sem_seed_move_comparative,move:comparative,singleton,single-seed,This game is better than that novel.,,465,885.0,172.0,643.0,888.0,136.0,,,,,,,465,136,885,643,172.0,888.0,630.0,552.0,779.0,279.0,564.0,299.0,465,136.0,888.0,885.0,643.0,172.0,,,,,,,465;885;172;643;888;136,465;136;885;643;172;888;630;552;779;279;564;299,465;136;888;885;643;172,136;172;465;643;885;888,6,136;172;465;643;885;888,6,36,7,465;172;643;888;885;136,465;136;172;643;885;888,465;885;172;136;888;643;630;552;779;786;299;279,136;172;465;643;885;888,136;172;465;643;885;888,136;172;465;643;885;888,136;172;465;643;885;888,465,465,1,465,465
590,train,sem_0308,pref:modal_can,para3,tense,They can love a song.,101;930,930,995.0,833.0,563.0,180.0,895.0,522.0,918.0,530.0,258.0,,,930,895,180,833,563.0,995.0,530.0,578.0,522.0,258.0,99.0,414.0,930,895.0,99.0,826.0,563.0,833.0,258.0,180.0,124.0,543.0,479.0,995.0,930;995;833;563;180;895;522;918;530;258,930;895;180;833;563;995;530;578;522;258;99;414,930;895;99;826;563;833;258;180;124;543;479;995,99;180;258;522;530;563;833;895;930;995,10,180;258;563;833;895;930;995,7,21,5,563;995;930;833;180;895;522;918,930;895;99;124;180;258;479;543;563;826;833;995,930;895;180;995;563;833;578;99;258;530;522;414,99;180;258;522;563;833;895;930;995,180;563;833;895;930;995,99;101;180;258;522;563;833;895;930;995,101;180;563;833;895;930;995,930;833,563;833;930;995,4,930;833;995;563,930;833;995;563
591,train,sem_0058,move:decl,para3,lex,She walk to the cafe.,313;449,300,715.0,936.0,828.0,783.0,753.0,840.0,23.0,182.0,544.0,813.0,914.0,300,71,936,840,828.0,753.0,715.0,544.0,813.0,182.0,914.0,783.0,300,396.0,783.0,934.0,2.0,828.0,840.0,715.0,322.0,71.0,17.0,753.0,300;715;936;828;783;753;840;23;182;544;813;914,300;71;936;840;828;753;715;544;813;182;914;783,300;396;783;934;2;828;840;715;322;71;17;753,71;182;300;544;715;753;783;813;828;840;914;936,12,300;715;753;783;828;840,6,21,5,715;300;936;828;753;840;783;23;182;813;544;914,300;2;17;23;29;71;224;286;322;396;544;715,300;544;828;71;936;753;840;715;23;783;182;914,23;71;182;300;544;715;753;783;828;840;914;936,23;300;544;715,23;71;182;300;313;449;544;715;753;783;828;840;914;936,23;300;313;449;544;715,300,300;783,2,783,783
592,train,sem_0092,acq:decl,para3,lex,She get a book.,361;737,4,290.0,398.0,941.0,679.0,426.0,334.0,,,,,,4,290,760,860,794.0,263.0,629.0,810.0,687.0,650.0,422.0,568.0,4,263.0,794.0,629.0,290.0,760.0,687.0,810.0,650.0,860.0,422.0,63.0,4;290;398;941;679;426;334,4;290;760;860;794;263;629;810;687;650;422;568,4;263;794;629;290;760;687;810;650;860;422;63,4;263;290;422;629;650;687;760;794;810;860,11,4;290,2,15,4,4;290;398;334;426;868;679,4;263;629;794;290;687;760;810;650;860;422;8,4;290;760;263;629;794;860;687;810;568;334;941,4;263;290;334;629;687;760;794;810;860,4;290,4;263;290;334;361;629;687;737;760;794;810;860,4;290;361;737,263;4;794;737;629,4;263;629;737;794,5,4,4
593,train,sem_seed_move_wh_what,move:wh_what,singleton,single-seed,What do We travel?,,622,47.0,86.0,980.0,97.0,,,,,,,,980,47,86,622,254.0,731.0,738.0,271.0,488.0,97.0,189.0,234.0,980,47.0,86.0,622.0,694.0,496.0,731.0,323.0,254.0,488.0,402.0,675.0,622;47;86;980;97,980;47;86;622;254;731;738;271;488;97;189;234,980;47;86;622;694;496;731;323;254;488;402;675,47;86;97;254;488;622;731;980,8,47;86;622;980,4,18,4,622;86;47;980;97,47;86;622;980;97;189;204;234;254;271;280;323,980;47;622;86;271;189;488;496;254;97;234;731,47;86;97;189;234;254;271;622;980,47;86;97;622;980,47;86;97;189;234;254;271;622;980,47;86;97;622;980,,,0,,
594,train,sem_0229,social:decl,para3,lex,You choose a novel.,217;273,454,902.0,103.0,67.0,539.0,241.0,372.0,,,,,,454,539,814,992,372.0,540.0,923.0,983.0,103.0,902.0,145.0,386.0,814,539.0,992.0,372.0,923.0,540.0,983.0,454.0,473.0,900.0,390.0,170.0,454;902;103;67;539;241;372,454;539;814;992;372;540;923;983;103;902;145;386,814;539;992;372;923;540;983;454;473;900;390;170,103;372;454;539;540;814;902;923;983;992,10,372;454;539,3,19,4,454;902;103;539;67;241,539;814;992;372;540;923;983;454;8;69;80;85,454;992;539;814;923;372;540;902;103;440;588;215,103;372;454;539;540;814;902;923;992,454;539,103;217;273;372;454;539;540;814;902;923;992,217;273;454;539,90;992,90;303;539;992,4,90;303;539;992,90;303;539;992
595,train,sem_seed_play_modal_can,play:modal_can,singleton,single-seed,They can play music.,,511,424.0,634.0,311.0,688.0,141.0,147.0,638.0,448.0,656.0,,,511,688,634,424,311.0,141.0,638.0,448.0,147.0,656.0,482.0,918.0,511,235.0,339.0,141.0,688.0,424.0,634.0,101.0,311.0,147.0,672.0,35.0,511;424;634;311;688;141;147;638;448;656,511;688;634;424;311;141;638;448;147;656;482;918,511;235;339;141;688;424;634;101;311;147;672;35,141;147;311;424;448;511;634;638;656;688,10,141;147;311;424;511;634;688,7,20,4,424;511;634;311;688;141;638;147;448;656,511;101;141;235;311;339;424;634;688;35;124;147,511;688;311;141;634;424;147;638;448;235;101;339,101;141;147;235;311;339;424;448;511;634;638;688,141;147;311;424;511;634;688,101;141;147;235;311;339;424;448;511;634;638;688,141;147;311;424;511;634;688,511;101;124,101;124;141;311;424;511,6,511;311;141;101;424,511;311;141;101;424
596,train,sem_seed_move_perfect_pr,move:perfect_pr,singleton,single-seed,They have arrived at the city.,,384,61.0,379.0,212.0,338.0,478.0,326.0,,,,,,384,379,658,326,212.0,61.0,478.0,387.0,628.0,117.0,744.0,338.0,384,326.0,379.0,658.0,61.0,744.0,338.0,830.0,977.0,140.0,478.0,628.0,384;61;379;212;338;478;326,384;379;658;326;212;61;478;387;628;117;744;338,384;326;379;658;61;744;338;830;977;140;478;628,61;212;326;338;379;384;478;628;658;744,10,61;326;338;379;384;478,6,30,6,384;61;379;212;338;326;478;12;873;140,384;326;379;658;61;140;338;744;830;977;92;210,384;379;658;326;212;61;478;387;628;117;744;338,61;140;212;326;338;379;384;478;658;744,61;326;338;379;384,61;140;212;326;338;379;384;478;658;744,61;326;338;379;384,384;61,61;384,2,384;61,384;61
597,train,sem_seed_acq_modal_can,acq:modal_can,singleton,single-seed,We can order lunch.,,800,483.0,788.0,784.0,663.0,432.0,757.0,847.0,,,,,483,788,784,800,663.0,848.0,671.0,268.0,446.0,132.0,432.0,879.0,483,432.0,847.0,784.0,788.0,268.0,800.0,132.0,879.0,674.0,671.0,652.0,800;483;788;784;663;432;757;847,483;788;784;800;663;848;671;268;446;132;432;879,483;432;847;784;788;268;800;132;879;674;671;652,132;268;432;483;663;671;784;788;800;847;879,11,432;483;784;788;800,5,19,4,800;483;788;784;663;432;757;847,483;132;268;432;446;652;671;674;784;788;800;847,483;800;788;784;663;848;268;671;446;674;879;847,268;432;446;483;663;671;674;784;788;800;847,483;784;788;800;847,268;432;446;483;663;671;674;784;788;800;847,483;784;788;800;847,483;847;784;800;652;879;787,268;483;652;663;671;784;787;800;847;879,10,483;847;800;784;787;652;268;663;879;671,483;847;800;784;787;652;268;663;879;671
598,train,sem_seed_pref_present_cont,pref:present_cont,singleton,single-seed,We are liking a novel.,,161,,,,,,,,,,,,161,587,226,702,695.0,762.0,797.0,83.0,1.0,55.0,492.0,505.0,695,587.0,226.0,702.0,762.0,797.0,1.0,83.0,492.0,161.0,505.0,55.0,161,161;587;226;702;695;762;797;83;1;55;492;505,695;587;226;702;762;797;1;83;492;161;505;55,1;55;83;161;226;492;505;587;695;702;762;797,12,161,1,22,5,,226;587;695;702;1;83;762;797;55;161;492;505,226;587;695;702;161;762;797;83;1;884;55;505,1;55;83;161;226;505;587;695;702;762;797,,1;55;83;161;226;505;587;695;702;762;797,,226,161;226;539,3,161;226;539,161;226;539
599,train,sem_0103,call:decl,para3,lex,They text my mother.,127,701,58.0,367.0,403.0,668.0,319.0,850.0,285.0,692.0,756.0,328.0,368.0,701,58,403,319,368.0,285.0,265.0,328.0,668.0,121.0,213.0,823.0,328,265.0,701.0,285.0,368.0,58.0,668.0,121.0,213.0,823.0,403.0,127.0,701;58;367;403;668;319;850;285;692;756;328;368,701;58;403;319;368;285;265;328;668;121;213;823,328;265;701;285;368;58;668;121;213;823;403;127,58;121;213;265;285;319;328;368;403;668;701;823,12,58;285;328;368;403;668;701,7,20,4,58;701;403;668;319;367;850;756;285;328;692;368,58;265;285;328;368;701;121;668;213;403;823;56,701;58;285;328;368;265;403;668;121;319;213;756,58;121;213;265;285;319;328;368;403;668;701;756,58;285;328;368;403;668;701,58;121;127;213;265;285;319;328;368;403;668;701;756,58;127;285;328;368;403;668;701,701;58;367;285;368;850;328;56,56;58;66;285;328;367;368;400;701;739;850;964,12,701;368;285;367;58;66;328;964;56;400;739,701;368;285;367;58;66;328;964;56;400;739
600,train,sem_0252,pref:decl,para3,base,We enjoy music.,833;880,316,880.0,545.0,632.0,501.0,116.0,541.0,603.0,336.0,311.0,,,880,316,545,116,501.0,632.0,492.0,433.0,311.0,446.0,657.0,919.0,632,446.0,501.0,311.0,116.0,919.0,880.0,433.0,316.0,657.0,269.0,147.0,316;880;545;632;501;116;541;603;336;311,880;316;545;116;501;632;492;433;311;446;657;919,632;446;501;311;116;919;880;433;316;657;269;147,116;311;316;433;446;501;545;632;657;880;919,11,116;311;316;501;632;880,6,15,3,316;880;545;501;116;632;541;603;336;311,116;311;316;433;446;501;632;657;880;919;147;269,316;880;116;501;632;545;919;311;433;657;446;147,116;147;311;316;433;446;501;545;632;657;880;919,116;311;316;501;632;880,116;147;311;316;433;446;501;545;632;657;833;880;919,116;311;316;501;632;833;880,443;101;311;880;316,101;311;316;443;880;919,6,101;443;316;919,101;443;316;919
601,train,sem_0136,social:decl,para3,lex,We start a computer.,684;849,569,334.0,772.0,679.0,566.0,481.0,959.0,760.0,365.0,706.0,697.0,845.0,569,679,470,566,959.0,845.0,915.0,582.0,334.0,697.0,481.0,706.0,679,569.0,566.0,959.0,845.0,470.0,627.0,618.0,587.0,460.0,393.0,383.0,569;334;772;679;566;481;959;760;365;706;697;845,569;679;470;566;959;845;915;582;334;697;481;706,679;569;566;959;845;470;627;618;587;460;393;383,334;470;481;566;569;679;697;706;845;959,10,566;569;679;845;959,5,20,4,569;334;772;679;566;959;481;706;760;697;365;845,566;569;679;959;845;470;5;34;52;118;135;168,569;679;566;959;845;470;915;582;887;7;706;772,470;566;569;679;706;772;845;959,566;569;679;845;959,470;566;569;679;684;706;772;845;849;959,566;569;679;684;845;849;959,569,569,1,569,569
602,train,sem_0157,pref:past_simple,para3,tense,We loved tea.,610;632,827,610.0,296.0,636.0,,,,,,,,,296,166,610,827,636.0,7.0,954.0,236.0,770.0,955.0,453.0,312.0,610,166.0,296.0,,,,,,,,,,827;610;296;636,296;166;610;827;636;7;954;236;770;955;453;312,610;166;296,166;296;610;636;827,5,296;610,2,14,3,610;827,166;610;296,296;610;166;636;827;770;641;955;236;870;954;453,166;296;610;827,610,166;296;610;632;827,610;632,610;870;166,166;610;870,3,610;870,610;870
603,train,sem_0084,pref:decl,para3,lex,She enjoy a movie.,199;430,336,541.0,798.0,632.0,600.0,316.0,372.0,501.0,637.0,651.0,27.0,116.0,336,637,220,861,768.0,145.0,698.0,272.0,423.0,376.0,427.0,745.0,861,637.0,336.0,768.0,220.0,145.0,698.0,272.0,423.0,745.0,427.0,376.0,336;541;798;632;600;316;372;501;637;651;27;116,336;637;220;861;768;145;698;272;423;376;427;745,861;637;336;768;220;145;698;272;423;745;427;376,145;220;272;336;376;423;427;637;698;745;768;861,12,336;637,2,18,4,336;541;316;798;600;457;501;637;651;116;27;632,220;336;637;768;861;145;272;423;698;376;427;745,336;220;861;637;768;423;145;698;272;541;798;745,145;220;272;336;423;541;637;698;745;768;798;861,336;637,145;199;220;272;336;423;430;541;637;698;745;768;798;861,199;336;430;637,220;861;272;63;430;698;768;199,63;135;199;219;220;272;430;698;745;768;778;861;991,13,199;220;861;63;745;135;219;778;991;698,199;220;861;63;745;135;219;778;991;698
604,train,sem_0191,acq:decl,para3,base,They order a sandwich.,577,354,624.0,14.0,646.0,741.0,317.0,908.0,10.0,393.0,500.0,784.0,678.0,354,741,624,646,14.0,908.0,317.0,10.0,584.0,749.0,568.0,99.0,354,624.0,646.0,99.0,677.0,678.0,749.0,568.0,14.0,741.0,317.0,414.0,354;624;14;646;741;317;908;10;393;500;784;678,354;741;624;646;14;908;317;10;584;749;568;99,354;624;646;99;677;678;749;568;14;741;317;414,10;14;99;317;354;568;624;646;678;741;749;908,12,14;317;354;624;646;741,6,22,4,354;624;14;646;741;317;908;10;393;784;678;987,354;14;99;568;624;646;677;678;749;741;317;414,354;14;646;624;741;908;317;987;784;976;749;678,14;317;354;624;646;678;741;749;784;908;987,14;317;354;624;646;678;741,14;317;354;577;624;646;678;741;749;784;908;987,14;317;354;577;624;646;678;741,624;749;646;568;677;354;784;741;678;317;14;366;976;987,14;99;317;354;366;568;624;646;677;678;741;749;784;976;987,15,749;646;568;624;354;678;14;677;317;366;784;99;741,749;646;568;624;354;678;14;677;317;366;784;99;741
605,train,sem_0040,call:modal_can,para4,tense,She can call my father.,45;631;721,45,127.0,721.0,129.0,257.0,370.0,964.0,328.0,709.0,276.0,343.0,130.0,45,129,721,127,130.0,257.0,850.0,291.0,834.0,106.0,498.0,60.0,45,129.0,257.0,291.0,721.0,834.0,127.0,850.0,106.0,498.0,130.0,,45;127;721;129;257;370;964;328;709;276;343;130,45;129;721;127;130;257;850;291;834;106;498;60,45;129;257;291;721;834;127;850;106;498;130,45;106;127;129;130;257;291;498;721;834;850,11,45;127;129;130;257;721,6,23,5,45;127;721;129;257;370;709;964;328;276;308;343,45;129;127;257;291;721;834;850;106;498;130,45;127;129;721;257;291;850;834;106;130;370;358,45;106;127;129;130;257;291;370;721;834;850,45;127;129;257;721,45;106;127;129;130;257;291;370;631;721;834;850,45;127;129;257;631;721,45;291;834;127;257,45;106;127;133;257;284;291;343;439;469;574;834;850;881,14,45;834;291;469;881;106;133;574;439;343;850;284,45;834;291;469;881;106;133;574;439;343;850;284
606,train,sem_single_0908,move:modal_can,singleton,single,We can go to school.,,573,277.0,649.0,809.0,188.0,,,,,,,,573,277,809,649,188.0,110.0,783.0,973.0,730.0,723.0,670.0,526.0,649,573.0,809.0,188.0,277.0,,,,,,,,573;277;649;809;188,573;277;809;649;188;110;783;973;730;723;670;526,649;573;809;188;277,188;277;573;649;809,5,188;277;573;649;809,5,20,5,573;277;649;809;188,573;649;809;188;277,573;277;649;809;188;110;973;783;730;723;670;526,188;277;573;649;809,188;277;573;649;809,188;277;573;649;809,188;277;573;649;809,649;573,573;649,2,649;573,649;573
607,train,sem_seed_drink_decl,drink:decl,singleton,single-seed,They sip juice.,,654,306.0,767.0,149.0,225.0,727.0,227.0,807.0,905.0,955.0,972.0,528.0,149,767,654,306,225.0,727.0,227.0,905.0,807.0,104.0,972.0,955.0,767,149.0,955.0,972.0,104.0,306.0,654.0,528.0,225.0,727.0,194.0,227.0,654;306;767;149;225;727;227;807;905;955;972;528,149;767;654;306;225;727;227;905;807;104;972;955,767;149;955;972;104;306;654;528;225;727;194;227,104;149;225;227;306;528;654;727;767;807;905;955;972,13,149;225;227;306;654;727;767;955;972,9,15,3,654;306;767;149;727;225;227;807;905;955;528;972,104;149;306;528;654;767;955;972;194;225;727;144,767;149;306;654;225;727;227;104;807;905;972;955,104;149;225;227;306;528;654;727;767;807;905;955;972,149;225;306;654;727;767;955;972,104;149;225;227;306;528;654;727;767;807;905;955;972,149;225;306;654;727;767;955;972,104;306;149;654;767;909;487;528;905;225,104;116;149;225;306;452;487;528;654;767;905;909;955;972,14,306;104;149;654;767;528;225;905;972;909;487;452;116;955,306;104;149;654;767;528;225;905;972;909;487;452;116;955
608,train,sem_0049,move:decl,para4,base,I come to the town.,790;873;945,945,790.0,691.0,973.0,352.0,286.0,619.0,855.0,396.0,936.0,292.0,29.0,790,945,691,71,352.0,936.0,173.0,396.0,82.0,292.0,855.0,583.0,945,790.0,71.0,936.0,352.0,173.0,691.0,583.0,396.0,855.0,973.0,450.0,945;790;691;973;352;286;619;855;396;936;292;29,790;945;691;71;352;936;173;396;82;292;855;583,945;790;71;936;352;173;691;583;396;855;973;450,71;173;292;352;396;583;691;790;855;936;945;973,12,352;396;691;790;855;936;945,7,19,5,945;790;691;352;936;292;855;973;715;29;17;396,790;945;71;352;936;173;691;2;17;23;29;82,790;945;691;71;936;352;173;396;855;82;292;934,17;29;71;82;173;292;352;396;691;790;855;936;945,352;691;790;936;945,17;29;71;82;173;292;352;396;691;790;855;873;936;945,352;691;790;873;936;945,790;945;936;873;71;173;973,71;173;790;873;878;936;945;973,8,945;790;873;878;936;973;173,945;790;873;878;936;973;173
609,train,sem_seed_learn_wh_where,learn:wh_where,singleton,single-seed,Where does She review?,,736,39.0,819.0,154.0,629.0,708.0,364.0,174.0,169.0,515.0,916.0,20.0,736,39,819,916,154.0,364.0,260.0,629.0,515.0,20.0,938.0,169.0,39,736.0,364.0,169.0,174.0,819.0,844.0,916.0,748.0,708.0,154.0,629.0,736;39;819;154;629;708;364;174;169;515;916;20,736;39;819;916;154;364;260;629;515;20;938;169,39;736;364;169;174;819;844;916;748;708;154;629,20;39;154;169;174;364;515;629;708;736;819;916,12,39;154;169;364;629;736;819;916,8,22,4,736;39;154;819;916;629;364;515,39;736;364;154;169;174;260;515;629;708;748;819,736;39;916;819;154;364;515;629;260;708;938;748,39;154;260;364;515;629;708;736;748;819;916,39;154;364;515;629;736;819,39;154;260;364;515;629;708;736;748;819;916,39;154;364;515;629;736;819,,,0,,
610,train,sem_0157,pref:decl,para3,base,We love tea.,602;632,602,770.0,833.0,132.0,409.0,728.0,675.0,,,,,,166,602,728,132,409.0,675.0,833.0,548.0,640.0,164.0,407.0,641.0,132,602.0,728.0,166.0,409.0,675.0,833.0,,,,,,602;770;833;132;409;728;675,166;602;728;132;409;675;833;548;640;164;407;641,132;602;728;166;409;675;833,132;166;409;602;675;728;833,7,132;409;602;675;728;833,6,12,3,602;770;833;132;409;728,132;166;409;602;728;675;833,166;602;409;132;728;675;833;548;640;164;407;312,132;166;409;602;675;728;833,132;409;602;728;833,132;166;409;602;632;675;728;833,132;409;602;632;728;833,602;870;236;166;453,166;236;453;602;870;918,6,602;870;166;453;236;918,602;870;166;453;236;918
611,train,sem_0114,social:front_place,para3,order,"in home, I help my mother.",872;967,872,676.0,265.0,802.0,121.0,823.0,412.0,,,,,,872,676,265,802,121.0,823.0,412.0,964.0,400.0,302.0,319.0,470.0,872,676.0,964.0,400.0,265.0,412.0,802.0,121.0,823.0,,,,872;676;265;802;121;823;412,872;676;265;802;121;823;412;964;400;302;319;470,872;676;964;400;265;412;802;121;823,121;265;400;412;676;802;823;872;964,9,121;265;412;676;802;823;872,7,26,6,872;676;265;802;121;823;412,872;265;400;676;964;121;412;802;823,872;676;265;802;121;412;964;400;823;302;232;599,121;265;400;412;676;802;823;872;964,121;265;412;676;802;823;872,121;265;400;412;676;802;823;872;964;967,121;265;412;676;802;823;872;967,872,121;265;872,3,872;121;265,872;121;265
612,train,sem_0127,social:decl,para3,lex,He finish my father.,676;802,683,768.0,858.0,765.0,274.0,284.0,986.0,45.0,881.0,266.0,574.0,850.0,817,461,953,284,341.0,247.0,831.0,320.0,834.0,133.0,291.0,127.0,284,817.0,953.0,461.0,247.0,341.0,831.0,371.0,756.0,291.0,320.0,850.0,683;768;858;765;274;284;986;45;881;266;574;850,817;461;953;284;341;247;831;320;834;133;291;127,284;817;953;461;247;341;831;371;756;291;320;850,247;284;291;320;341;461;817;831;850;953,10,284,1,20,4,768;683,284;461;817;953;247;341;831;45;56;58;127;133,817;284;461;953;247;341;831;320;834;850;371;574,247;284;341;461;817;831;953,,247;284;341;461;676;802;817;831;953,676;802,,,0,,
613,train,sem_seed_play_wh_what,play:wh_what,singleton,single-seed,What does He play?,,621,267.0,39.0,938.0,748.0,,,,,,,,621,267,748,938,39.0,95.0,126.0,154.0,916.0,32.0,819.0,634.0,621,267.0,634.0,95.0,39.0,938.0,154.0,126.0,748.0,462.0,984.0,916.0,621;267;39;938;748,621;267;748;938;39;95;126;154;916;32;819;634,621;267;634;95;39;938;154;126;748;462;984;916,39;95;126;154;267;621;634;748;916;938,10,39;267;621;748;938,5,18,4,621;267;39;938;748,621;267;634;32;39;95;126;154;462;748;819;916,621;267;748;938;39;634;32;95;126;916;819;154,32;39;95;126;154;267;621;634;748;819;916;938,39;267;621;748,32;39;95;126;154;267;621;634;748;819;916;938,39;267;621;748,621,621,1,621,621
614,train,sem_single_0913,acq:going_to,singleton,single,He is going to purchase a film.,,230,248.0,509.0,19.0,703.0,615.0,241.0,170.0,866.0,711.0,735.0,150.0,866,19,150,406,615.0,703.0,248.0,230.0,509.0,427.0,745.0,795.0,19,406.0,150.0,866.0,703.0,615.0,427.0,745.0,956.0,792.0,230.0,248.0,230;248;509;19;703;615;241;170;866;711;735;150,866;19;150;406;615;703;248;230;509;427;745;795,19;406;150;866;703;615;427;745;956;792;230;248,19;150;230;248;406;427;509;615;703;745;866,11,19;150;230;248;615;703;866,7,31,7,230;248;509;703;19;241;170;711;735;615,19;150;406;866;615;703;427;745;230;248;792;956,615;703;248;230;19;866;150;406;509;745;427;36,19;150;230;248;406;427;509;615;703;745;866,19;230;248;615;703,19;150;230;248;406;427;509;615;703;745;866,19;230;248;615;703,,131;230;248;509,4,509;230;248;131,509;230;248;131
615,train,sem_0194,move:going_to,para3,tense,He is going to jog to home.,195;783,195,723.0,19.0,866.0,703.0,745.0,614.0,150.0,406.0,36.0,876.0,518.0,195,703,19,406,614.0,150.0,866.0,723.0,876.0,518.0,36.0,397.0,195,703.0,406.0,150.0,614.0,19.0,866.0,415.0,36.0,876.0,723.0,518.0,195;723;19;866;703;745;614;150;406;36;876;518,195;703;19;406;614;150;866;723;876;518;36;397,195;703;406;150;614;19;866;415;36;876;723;518,19;36;150;195;406;518;614;703;723;866;876,11,19;36;150;195;406;518;614;703;723;866;876,11,27,7,195;723;19;36;866;703;745;150;518;406;397;876,195;703;19;150;406;614;866;36;415;518;723;876,195;703;723;866;150;406;614;19;36;518;876;397,19;36;150;195;397;406;518;614;703;723;866;876,19;36;150;195;406;518;703;723;866;876,19;36;150;195;397;406;518;614;703;723;783;866;876,19;36;150;195;406;518;703;723;783;866;876,195,195,1,195,195
616,train,sem_0233,watch:decl,para3,base,You see a game.,251;958,958,950.0,240.0,109.0,151.0,244.0,387.0,438.0,890.0,,,,958,244,109,950,240.0,387.0,151.0,531.0,438.0,294.0,170.0,558.0,958,244.0,837.0,240.0,109.0,151.0,438.0,558.0,294.0,251.0,890.0,170.0,958;950;240;109;151;244;387;438;890,958;244;109;950;240;387;151;531;438;294;170;558,958;244;837;240;109;151;438;558;294;251;890;170,109;151;170;240;244;294;387;438;558;890;950;958,12,109;151;240;244;438;958,6,15,4,958;950;240;109;151;244;387;438;890,958;244;69;109;151;170;240;251;294;438;558;636,958;244;240;109;950;151;387;837;558;438;890;294,109;151;240;244;294;387;438;558;890;950;958,109;151;240;244;438;958,109;151;240;244;251;294;387;438;558;890;950;958,109;151;240;244;251;438;958,240;69;109;251;950;558;472;958;200;837;925;890;644,69;109;200;240;244;251;472;558;644;648;837;890;925;950;958,15,240;950;472;244;558;109;69;251;200;958;644;648,240;950;472;244;558;109;69;251;200;958;644;648
617,train,sem_0045,pref:decl,para4,base,I like a sandwich.,525;754;774,754,525.0,500.0,38.0,118.0,818.0,80.0,910.0,678.0,99.0,108.0,408.0,754,289,443,335,408.0,108.0,735.0,525.0,798.0,500.0,624.0,100.0,754,500.0,525.0,108.0,408.0,624.0,798.0,735.0,171.0,100.0,335.0,289.0,754;525;500;38;118;818;80;910;678;99;108;408,754;289;443;335;408;108;735;525;798;500;624;100,754;500;525;108;408;624;798;735;171;100;335;289,100;108;289;335;408;500;525;624;735;754;798,11,108;408;500;525;754,5,18,4,525;754;38;118;818;80;678;99;108;624;177;408,754;108;408;500;525;624;735;798;100;171;289;335,754;289;335;443;525;500;798;624;408;735;108;685,108;289;335;408;500;525;624;735;754;798,108;408;525;624;754,108;289;335;408;500;525;624;735;754;774;798,108;408;525;624;754;774,798;525;108;408;500;171;624;99;177;393;118;138,55;80;99;100;108;118;138;171;177;393;408;495;500;525;624;678;754;798;818;944,20,798;525;108;393;99;408;138;177;118;754;500;80;55;944;171;818;495;678;100,798;525;108;393;99;408;138;177;118;754;500;80;55;944;171;818;495;678;100
618,train,sem_0076,watch:decl,para3,lex,We see a show.,52,780,362.0,240.0,119.0,117.0,889.0,258.0,197.0,956.0,52.0,63.0,418.0,362,780,117,119,240.0,52.0,155.0,734.0,410.0,889.0,447.0,63.0,362,52.0,780.0,240.0,155.0,734.0,410.0,889.0,447.0,117.0,380.0,393.0,780;362;240;119;117;889;258;197;956;52;63;418,362;780;117;119;240;52;155;734;410;889;447;63,362;52;780;240;155;734;410;889;447;117;380;393,52;63;117;119;155;240;362;410;447;734;780;889,12,52;117;240;362;780;889,6,14,4,780;362;240;119;117;956;63;258;197;52;418;882,362;52;240;780;155;410;734;889;447;117;5;34,362;780;240;117;52;119;734;410;155;889;447;109,52;117;119;155;240;362;410;447;734;780;889,52;117;240;362;780,52;117;119;155;240;362;410;447;734;780;889,52;117;240;362;780,52;780;410;889;362;734;390;330,52;330;362;390;410;517;734;780;889,9,780;52;889;330;517;390,780;52;889;330;517;390
619,train,sem_0133,move:present_cont,para3,tense,She is jogging to the town.,17;286,286,352.0,973.0,415.0,9.0,301.0,173.0,608.0,17.0,936.0,715.0,828.0,17,286,691,301,397.0,608.0,71.0,352.0,936.0,828.0,715.0,973.0,286,17.0,301.0,397.0,691.0,71.0,352.0,934.0,715.0,936.0,828.0,591.0,286;352;973;415;9;301;173;608;17;936;715;828,17;286;691;301;397;608;71;352;936;828;715;973,286;17;301;397;691;71;352;934;715;936;828;591,17;71;286;301;352;397;608;691;715;828;936;973,12,17;286;301;352;715;828;936,7,27,6,352;286;415,17;286;301;397;691;2;29;71;224;300;322;352,286;17;301;691;397;828;973;715;936;352;608;71,17;71;286;301;352;397;691,286;352,17;71;286;301;352;397;691,17;286;352,286;352,9;286;352,3,286;352;9,286;352;9
620,train,sem_0088,acq:front_place,para3,order,"in the park, They buy pizza.",411;568,411,741.0,985.0,,,,,,,,,,985,741,411,628,92.0,639.0,962.0,455.0,153.0,176.0,326.0,196.0,411,628.0,92.0,985.0,741.0,962.0,639.0,326.0,153.0,523.0,979.0,455.0,411;741;985,985;741;411;628;92;639;962;455;153;176;326;196,411;628;92;985;741;962;639;326;153;523;979;455,92;153;326;411;455;628;639;741;962;985,10,411;741;985,3,28,6,411;741;985;455,92;411;628;741;985;153;326;639;962;117;196;455,411;741;985;92;628;639;962;455;153;326;529;987,92;153;326;411;455;628;639;741;962;985,411;455;741;985,92;153;326;411;455;568;628;639;741;962;985,411;455;568;741;985,741;411;577,411;577;741,3,741,741
621,train,sem_seed_play_wh_when,play:wh_when,singleton,single-seed,When does He play?,,613,95.0,32.0,126.0,154.0,267.0,886.0,843.0,35.0,39.0,708.0,174.0,126,32,95,154,613.0,267.0,174.0,169.0,844.0,708.0,886.0,35.0,154,32.0,613.0,95.0,126.0,267.0,634.0,844.0,843.0,708.0,916.0,886.0,613;95;32;126;154;267;886;843;35;39;708;174,126;32;95;154;613;267;174;169;844;708;886;35,154;32;613;95;126;267;634;844;843;708;916;886,32;35;95;126;154;174;267;613;708;843;844;886,12,32;95;126;154;267;613;708;886,8,18,4,613;95;32;154;126;267;886;35;39;843;169;708,32;95;126;154;613;267;634;35;39;169;174;462,32;95;154;126;613;267;708;174;169;844;843;886,32;35;39;95;126;154;169;174;267;613;708;843;886,32;95;126;154;169;267;613,32;35;39;95;126;154;169;174;267;613;708;843;886,32;95;126;154;169;267;613,613;35,35;613,2,613,613
622,train,sem_single_0927,drink:wh_what,singleton,single,What do We sip?,,189,47.0,86.0,980.0,593.0,,,,,,,,189,47,86,593,980.0,488.0,731.0,496.0,738.0,271.0,254.0,234.0,47,189.0,980.0,86.0,593.0,306.0,166.0,254.0,204.0,280.0,323.0,271.0,189;47;86;980;593,189;47;86;593;980;488;731;496;738;271;254;234,47;189;980;86;593;306;166;254;204;280;323;271,47;86;189;254;271;593;980,7,47;86;189;593;980,5,15,4,189;86;593;47;980,47;86;189;593;980;166;306;204;234;254;271;280,189;86;980;593;47;496;488;234;254;271;738;731,47;86;189;234;254;271;593;980,47;86;189;593;980,47;86;189;234;254;271;593;980,47;86;189;593;980,189,189;280,2,189;280,189;280
623,train,sem_0053,eat:past_simple,para4,tense,She had a sandwich.,15;818;921,763,818.0,118.0,910.0,500.0,15.0,80.0,678.0,559.0,944.0,617.0,14.0,763,401,818,14,456.0,65.0,15.0,559.0,305.0,860.0,,,14,818.0,456.0,763.0,559.0,15.0,860.0,430.0,190.0,861.0,408.0,464.0,763;818;118;910;500;15;80;678;559;944;617;14,763;401;818;14;456;65;15;559;305;860,14;818;456;763;559;15;860;430;190;861;408;464,14;15;456;559;763;818;860,7,14;15;559;763;818,5,19,4,763;818;118;15;80;678;525;617;14;559;108;177,14;456;818;15;559;763;860;16;26;38;63;80,763;401;65;14;456;818;305;15;559;860;735;678,14;15;80;456;559;678;763;818;860,14;15;559;763;818,14;15;80;456;559;678;763;818;860;921,14;15;559;763;818;921,818;500;14;15;113,14;15;80;108;113;118;177;456;500;504;525;677;678;763;818;860;910,17,818;14;456;763;525;500;177;113;860;910;678;80;677;118;15;108;504,818;14;456;763;525;500;177;113;860;910;678;80;677;118;15;108;504
624,train,sem_0216,eat:decl,para3,base,I order a sandwich.,,14,604.0,646.0,317.0,354.0,908.0,741.0,10.0,393.0,500.0,366.0,118.0,604,646,14,908,354.0,317.0,10.0,741.0,584.0,481.0,408.0,735.0,646,735.0,617.0,108.0,525.0,408.0,798.0,14.0,500.0,481.0,604.0,100.0,14;604;646;317;354;908;741;10;393;500;366;118,604;646;14;908;354;317;10;741;584;481;408;735,646;735;617;108;525;408;798;14;500;481;604;100,10;14;317;354;408;481;500;604;646;735;741;908,12,14;604;646,3,19,4,14;604;646;317;354;908;741;10;393;366;118;138,14;108;408;481;500;525;604;617;646;735;798;100,14;604;646;908;354;317;481;800;520;565;500;525,14;317;354;481;500;525;604;646;908,14;604;646,14;317;354;481;500;525;604;646;908,14;604;646,646;604;735;408;108;500;800;366;317;617;14;520;171;798;787;177;525,14;108;171;177;317;354;366;408;500;520;525;568;604;617;646;678;735;749;787;798;800;908,22,646;735;604;366;14;317;500;408;108;354;749;800;568;177;678;908,646;735;604;366;14;317;500;408;108;354;749;800;568;177;678;908
625,train,sem_seed_acq_conditional_if,acq:conditional_if,singleton,single-seed,"If it is warm, She order dinner.",,680,268.0,157.0,520.0,976.0,299.0,786.0,663.0,990.0,119.0,571.0,951.0,680,3,990,571,142.0,786.0,527.0,119.0,951.0,299.0,175.0,319.0,680,3.0,329.0,990.0,571.0,527.0,584.0,799.0,951.0,786.0,175.0,510.0,680;268;157;520;976;299;786;663;990;119;571;951,680;3;990;571;142;786;527;119;951;299;175;319,680;3;329;990;571;527;584;799;951;786;175;510,3;119;175;299;527;571;680;786;951;990,10,571;680;786;951;990,5,32,7,157;268;680;520;976;119;786;299;663;990;571;951,680;3;329;571;990;119;142;175;299;319;510;527,680;3;571;990;527;951;299;119;319;142;786;175,3;119;142;175;299;319;527;571;680;786;951;990,119;299;571;680;990,3;119;142;175;299;319;527;571;680;786;951;990,119;299;571;680;990,680,680,1,680,680
626,train,sem_0137,learn:future_will,para3,tense,I will review a novel.,85;394,85,587.0,515.0,777.0,477.0,540.0,859.0,361.0,27.0,629.0,519.0,413.0,85,587,515,361,519.0,27.0,540.0,777.0,477.0,926.0,733.0,572.0,85,241.0,333.0,477.0,871.0,261.0,515.0,587.0,926.0,540.0,572.0,361.0,85;587;515;777;477;540;859;361;27;629;519;413,85;587;515;361;519;27;540;777;477;926;733;572,85;241;333;477;871;261;515;587;926;540;572;361,27;85;361;477;515;519;540;572;587;777;926,11,85;361;477;515;540;587,6,22,5,85;587;515;777;477;540;859;361;629,85;241;261;333;477;515;587;871;27;361;519;540,85;515;587;519;540;361;27;477;777;926;261;241,27;85;241;261;361;477;515;519;540;587;777,85;361;477;515;540;587,27;85;241;261;361;394;477;515;519;540;587;777,85;361;394;477;515;540;587,85;587;477;96;704;926;515;859,85;96;477;515;587;704;859;926,8,85;477;587;96;704;926,85;477;587;96;704;926
627,train,sem_0111,social:decl,para3,lex,We take a phone.,566;845,293,561.0,806.0,645.0,123.0,417.0,901.0,667.0,684.0,43.0,898.0,,293,561,806,667,380.0,684.0,849.0,205.0,186.0,572.0,574.0,66.0,684,293.0,380.0,849.0,806.0,561.0,644.0,695.0,679.0,667.0,587.0,618.0,293;561;806;645;123;417;901;667;684;43;898,293;561;806;667;380;684;849;205;186;572;574;66,684;293;380;849;806;561;644;695;679;667;587;618,293;380;561;667;684;806;849,7,293;561;667;684;806,5,16,4,293;561;806;645;123;417;667;684;43;901;898,293;380;684;849;561;806;5;34;43;52;66;118,293;561;806;667;380;684;205;186;574;66;978;994,43;66;293;380;561;667;684;806,293;561;684;806,43;66;293;380;561;566;667;684;806;845,293;561;566;684;806;845,293;684;806;123,123;293;561;684;806,5,293;806;684;561,293;806;684;561
628,train,sem_0186,acq:front_place,para3,order,"in the city, They pick pizza.",50;749,50,117.0,326.0,658.0,,,,,,,,,326,50,117,92,620.0,807.0,640.0,455.0,658.0,522.0,376.0,153.0,50,92.0,326.0,620.0,117.0,596.0,807.0,153.0,658.0,640.0,985.0,455.0,50;117;326;658,326;50;117;92;620;807;640;455;658;522;376;153,50;92;326;620;117;596;807;153;658;640;985;455,50;92;117;153;326;455;620;640;658;807,10,50;117;326;658,4,29,6,50;117;326;658,50;92;326;620;117;153;596;640;658;807;196;376,50;326;117;92;620;807;640;658;455;376;522;153,50;92;117;153;326;376;620;640;658;807,50;117;326;658,50;92;117;153;326;376;620;640;658;749;807,50;117;326;658;749,50,50;326;658,3,50;658;326,50;658;326
629,train,sem_0010,learn:decl,para4,lex,She review a book.,474;660;949,859,477.0,413.0,926.0,515.0,865.0,96.0,20.0,841.0,364.0,587.0,704.0,413,477,859,926,841.0,96.0,865.0,515.0,20.0,364.0,777.0,263.0,794,263.0,413.0,515.0,592.0,477.0,859.0,926.0,20.0,810.0,687.0,650.0,859;477;413;926;515;865;96;20;841;364;587;704,413;477;859;926;841;96;865;515;20;364;777;263,794;263;413;515;592;477;859;926;20;810;687;650,20;96;263;364;413;477;515;841;859;865;926,11,20;413;477;515;859;926,6,18,4,859;477;413;926;515;865;96;841;20;364;587;704,263;413;477;515;592;794;859;20;687;810;926;650,477;413;859;926;515;364;20;96;865;841;794;592,20;96;364;413;477;515;592;794;841;859;865;926,20;413;477;515;859;926,20;96;364;413;474;477;515;592;660;794;841;859;865;926;949,20;413;474;477;515;660;859;926;949,515;477;859;413;704;364;592;777,364;413;477;515;592;704;777;859,8,515;413,515;413
630,train,sem_seed_play_comparative,play:comparative,singleton,single-seed,We prefer a game to that.,,76,383.0,393.0,812.0,74.0,794.0,342.0,78.0,,,,,76,589,465,393,383.0,785.0,983.0,650.0,138.0,152.0,342.0,812.0,76,644.0,393.0,240.0,383.0,808.0,152.0,88.0,138.0,650.0,983.0,785.0,76;383;393;812;74;794;342;78,76;589;465;393;383;785;983;650;138;152;342;812,76;644;393;240;383;808;152;88;138;650;983;785,76;138;152;342;383;393;650;785;812;983,10,76;383;393,3,25,6,76;383;393;74;794;78,76;240;383;393;644;808;88;138;152;650;785;983,76;383;393;812;432;342;589;465;152;138;240;644,76;138;152;240;383;393;644,76;383;393,76;138;152;240;383;393;644,76;383;393,,808,1,808,808
631,train,sem_0040,call:decl,para4,lex,She contact my mother.,45;605;721,285,739.0,291.0,714.0,202.0,817.0,22.0,106.0,439.0,392.0,320.0,773.0,739,285,714,202,291.0,693.0,257.0,106.0,875.0,391.0,125.0,392.0,202,291.0,739.0,693.0,257.0,285.0,106.0,125.0,875.0,391.0,714.0,282.0,285;739;291;714;202;817;22;106;439;392;320;773,739;285;714;202;291;693;257;106;875;391;125;392,202;291;739;693;257;285;106;125;875;391;714;282,106;125;202;257;285;291;391;392;693;714;739;875,12,106;202;285;291;714;739,6,22,4,285;739;291;817;714;202;106;439;392;22;320;773,202;257;285;291;693;739;106;125;391;875;714;45,285;739;291;202;714;693;257;106;875;125;391;392,106;125;202;257;285;291;391;392;693;714;739;875,106;202;285;291;714;739,45;106;125;202;257;285;291;391;392;605;693;714;721;739;875,45;106;202;285;291;605;714;721;739,285;257;291;693;739;202;106;370;125;328;391;45;368;22;875;834,22;45;58;66;106;125;202;257;285;291;328;368;370;391;693;739;817;834;875,19,693;291;257;739;285;125;202;22;58;817;368;66;391,693;291;257;739;285;125;202;22;58;817;368;66;391
632,train,sem_0157,pref:decl,para3,lex,We enjoy coffee.,602;610,600,501.0,116.0,316.0,541.0,603.0,336.0,562.0,666.0,25.0,555.0,,600,116,501,576,128.0,880.0,492.0,242.0,774.0,316.0,37.0,516.0,501,600.0,116.0,576.0,128.0,,,,,,,,600;501;116;316;541;603;336;562;666;25;555,600;116;501;576;128;880;492;242;774;316;37;516,501;600;116;576;128,116;128;316;501;576;600,6,116;501;600,3,16,3,600;501;116;316;541;603;336,116;501;576;600;128,116;501;600;576;128;880;774;516;316;242;37;492,116;128;316;501;576;600,116;501;600,116;128;316;501;576;600;602;610,116;501;600;602;610,576;128;835,128;576;835;904,4,576;128;835;904,576;128;835;904
633,train,sem_0201,watch:decl,para3,base,They watch a movie.,259;722,419,681.0,722.0,896.0,925.0,159.0,644.0,185.0,852.0,251.0,331.0,534.0,722,419,896,681,331.0,185.0,897.0,444.0,181.0,72.0,251.0,484.0,722,897.0,419.0,681.0,185.0,181.0,444.0,72.0,896.0,768.0,678.0,749.0,419;681;722;896;925;159;644;185;852;251;331;534,722;419;896;681;331;185;897;444;181;72;251;484,722;897;419;681;185;181;444;72;896;768;678;749,72;181;185;251;331;419;444;681;722;896;897,11,185;419;681;722;896,5,19,4,419;681;722;896;925;159;644;534;852;251;331;484,722;185;419;681;897;72;181;444;896;5;33;43,722;419;896;681;331;185;897;181;72;444;233;644,72;181;185;331;419;444;644;681;722;896;897,419;681;722;896,72;181;185;259;331;419;444;644;681;722;896;897,259;419;681;722;896,259;722;419;444;484;852;72;151;5;811;713,5;72;151;259;419;444;484;713;722;811;852;861;897,13,722;259;444;419;897;484;861;852,722;259;444;419;897;484;861;852
634,train,sem_0026,play:decl,para4,lex,He play music.,270;851;984,311,688.0,424.0,141.0,511.0,147.0,595.0,638.0,448.0,656.0,984.0,462.0,424,511,311,141,688.0,638.0,448.0,595.0,147.0,656.0,482.0,187.0,789,688.0,511.0,316.0,311.0,424.0,187.0,141.0,621.0,984.0,448.0,613.0,311;688;424;141;511;147;595;638;448;656;984;462,424;511;311;141;688;638;448;595;147;656;482;187,789;688;511;316;311;424;187;141;621;984;448;613,141;147;187;311;424;448;511;595;638;656;688;984,12,141;311;424;448;511;688,6,14,3,688;311;424;141;511;595;638;147;448;656;359;984,141;187;311;316;424;511;688;789;147;448;462;595,511;424;311;688;141;448;595;638;147;187;316;789,141;147;187;311;316;424;448;511;595;638;688;789,141;147;311;424;448;511;595;688,141;147;187;270;311;316;424;448;511;595;638;688;789;851;984,141;147;270;311;424;448;511;595;688;851;984,984;187;316;688;851;424,141;187;316;424;688;851;984,7,688;984;187;851;424;141,688;984;187;851;424;141
635,train,sem_0289,watch:front_place,para3,order,"in the office, She view a game.",524;648,777,648.0,246.0,48.0,69.0,270.0,928.0,272.0,220.0,965.0,91.0,,777,648,48,270,965.0,91.0,69.0,246.0,2.0,928.0,474.0,376.0,648,777.0,48.0,965.0,376.0,474.0,270.0,524.0,69.0,464.0,220.0,246.0,777;648;246;48;69;270;928;272;220;965;91,777;648;48;270;965;91;69;246;2;928;474;376,648;777;48;965;376;474;270;524;69;464;220;246,48;69;91;220;246;270;376;474;648;777;928;965,12,48;69;246;270;648;777;965,7,31,7,777;648;246;48;69;270;928;965;272;220;91;882,648;777;48;270;376;474;965;69;220;464;524;2,648;777;48;69;270;965;91;246;2;928;220;272,2;48;69;91;220;246;270;272;648;777;928;965,48;69;220;270;648;777;965,2;48;69;91;220;246;270;272;524;648;777;928;965,48;69;220;270;524;648;777;965,648,648,1,,
636,train,sem_0255,pref:past_simple,para3,tense,You loved a game.,438;890,438,827.0,602.0,296.0,539.0,890.0,,,,,,,827,602,170,438,837.0,294.0,616.0,558.0,251.0,69.0,890.0,296.0,170,890.0,294.0,251.0,69.0,616.0,438.0,558.0,837.0,200.0,580.0,388.0,438;827;602;296;539;890,827;602;170;438;837;294;616;558;251;69;890;296,170;890;294;251;69;616;438;558;837;200;580;388,69;170;251;294;296;438;558;602;616;827;837;890,12,438;890,2,18,4,438;827;539;890;377,69;170;251;294;438;558;616;837;890;200;388;580,827;602;438;558;616;837;294;251;170;890;69;296,69;170;251;294;438;558;616;827;837;890,438;890,69;170;251;294;438;558;616;827;837;890,438;890,438;890,438;580;890,3,438;890;580,438;890;580
637,train,sem_0099,acq:decl,para3,lex,She buy a movie.,248;509,651,747.0,423.0,737.0,510.0,348.0,417.0,185.0,603.0,220.0,,,423,510,651,747,737.0,361.0,861.0,768.0,220.0,603.0,272.0,145.0,423,768.0,861.0,603.0,651.0,220.0,737.0,747.0,361.0,698.0,510.0,145.0,651;747;423;737;510;348;417;185;603;220,423;510;651;747;737;361;861;768;220;603;272;145,423;768;861;603;651;220;737;747;361;698;510;145,145;220;361;423;510;603;651;737;747;768;861,11,220;423;510;603;651;737;747,7,16,4,651;747;423;737;510;417;348;603;220;732,423;220;603;651;737;768;861;145;272;361;510;698,423;651;747;510;737;361;220;768;603;861;272;145,145;220;272;361;423;510;603;651;737;747;768;861,220;423;510;603;651;737,145;220;248;272;361;423;509;510;603;651;737;747;768;861,220;248;423;509;510;603;651;737,248;423;509;510;220;651;737,220;248;423;509;510;651;737;747,8,423;248;651;510;220;747,423;248;651;510;220;747
638,train,sem_single_0980,play:ynq_do,singleton,single,do I play music?,,424,634.0,311.0,688.0,141.0,511.0,147.0,595.0,886.0,946.0,482.0,448.0,424,946,886,482,311.0,634.0,511.0,141.0,688.0,595.0,147.0,448.0,424,946.0,886.0,443.0,511.0,634.0,311.0,688.0,141.0,337.0,825.0,482.0,424;634;311;688;141;511;147;595;886;946;482;448,424;946;886;482;311;634;511;141;688;595;147;448,424;946;886;443;511;634;311;688;141;337;825;482,141;147;311;424;448;482;511;595;634;688;886;946,12,141;311;424;482;511;634;688;886;946,9,16,4,424;634;311;688;141;511;595;886;946;147;448,424;886;946;141;311;337;443;511;634;688;825;482,424;946;886;141;311;511;688;634;448;147;595;482,141;147;311;424;448;482;511;595;634;688;886;946,141;311;424;511;634;688;886;946,141;147;311;424;448;482;511;595;634;688;886;946,141;311;424;511;634;688;886;946,424,424,1,,
639,train,sem_seed_pref_front_place,pref:front_place,singleton,single-seed,"in the park, You love music.",,841,880.0,455.0,,,,,,,,,,620,962,880,455,741.0,985.0,640.0,522.0,840.0,91.0,182.0,115.0,840,880.0,91.0,962.0,640.0,115.0,182.0,620.0,857.0,741.0,841.0,985.0,841;880;455,620;962;880;455;741;985;640;522;840;91;182;115,840;880;91;962;640;115;182;620;857;741;841;985,91;115;182;455;620;640;741;840;841;880;962;985,12,880,1,28,6,841;880,840;91;115;182;620;640;880;962;455;522;741;841,620;962;880;640;840;741;455;985;91;522;182;115,91;115;182;455;522;620;640;741;840;841;880;962,880,91;115;182;455;522;620;640;741;840;841;880;962,880,880,880,1,880,880
640,train,sem_0016,pref:front_place,para4,order,"in the city, We love juice.",296;728;812,728,807.0,522.0,486.0,,,,,,,,,807,522,728,326,628.0,639.0,376.0,117.0,61.0,384.0,164.0,548.0,807,728.0,522.0,61.0,326.0,639.0,91.0,628.0,548.0,384.0,164.0,865.0,728;807;522;486,807;522;728;326;628;639;376;117;61;384;164;548,807;728;522;61;326;639;91;628;548;384;164;865,61;164;326;384;522;548;628;639;728;807,10,522;728;807,3,27,6,728;807;522;486,728;807;522;61;91;164;326;384;548;628;639;111,807;728;522;628;326;639;61;117;376;384;342;306,61;326;384;522;628;639;728;807,522;728;807,61;296;326;384;522;628;639;728;807;812,296;522;728;807;812,807;728,728;807,2,807,807
641,train,sem_0275,drink:decl,para3,lex,She drink tea.,36;929,236,453.0,105.0,156.0,690.0,546.0,412.0,913.0,456.0,766.0,21.0,576.0,105,236,453,690,412.0,156.0,407.0,913.0,546.0,456.0,770.0,870.0,105,913.0,546.0,453.0,236.0,407.0,456.0,690.0,412.0,156.0,,,236;453;105;156;690;546;412;913;456;766;21;576,105;236;453;690;412;156;407;913;546;456;770;870,105;913;546;453;236;407;456;690;412;156,105;156;236;407;412;453;456;546;690;913,10,105;156;236;412;453;456;546;690;913,9,14,3,236;453;105;690;156;546;412;913;456;766;16;21,105;236;407;453;546;913;456;690;156;412,105;236;453;690;156;412;407;546;913;456;312;602,105;156;236;407;412;453;456;546;690;913,105;156;236;412;453;456;546;690;913,36;105;156;236;407;412;453;456;546;690;913;929,36;105;156;236;412;453;456;546;690;913;929,105;407;546;954;929;236;453,105;236;407;453;546;770;870;929;954,9,105;407;770;954;236;453;870,105;407;770;954;236;453;870
642,train,sem_0083,move:decl,para3,lex,He visit at the town.,256;556,662,378.0,928.0,467.0,553.0,717.0,830.0,327.0,729.0,873.0,556.0,878.0,662,256,556,467,246.0,146.0,553.0,107.0,717.0,378.0,928.0,830.0,556,662.0,256.0,717.0,378.0,878.0,928.0,873.0,830.0,146.0,715.0,467.0,662;378;928;467;553;717;830;327;729;873;556;878,662;256;556;467;246;146;553;107;717;378;928;830,556;662;256;717;378;878;928;873;830;146;715;467,146;256;378;467;553;556;662;717;830;873;878;928,12,378;467;556;662;717;830;928,7,21,5,662;378;928;467;553;717;830;729;327;873;176;556,256;556;662;107;146;246;378;467;553;715;717;830,662;556;256;146;553;107;246;717;830;467;378;928,107;146;246;256;378;467;553;556;662;717;830;928,378;467;553;556;662;717;830,107;146;246;256;378;467;553;556;662;717;830;928,256;378;467;553;556;662;717;830,556;662,17;556;662;715,4,556;17;715,556;17;715
643,train,sem_single_0990,pref:comparative,singleton,single,This movie is better than that film.,,172,465.0,136.0,589.0,885.0,888.0,,,,,,,465,136,172,888,885.0,589.0,614.0,795.0,745.0,427.0,510.0,,465,136.0,172.0,589.0,885.0,888.0,,,,,,,172;465;136;589;885;888,465;136;172;888;885;589;614;795;745;427;510,465;136;172;589;885;888,136;172;465;589;885;888,6,136;172;465;589;885;888,6,36,7,172;465;136;589;888;885,136;172;465;589;885;888,465;136;172;589;888;885;614;795;427;745;510;76,136;172;465;589;885;888,136;172;465;589;885;888,136;172;465;589;885;888,136;172;465;589;885;888,136,136;465,2,136;465,136;465
644,train,sem_0063,watch:decl,para3,base,We watch a game.,88;240,159,925.0,251.0,681.0,88.0,564.0,534.0,852.0,233.0,419.0,633.0,484.0,88,564,251,925,681.0,159.0,734.0,240.0,808.0,630.0,233.0,419.0,88,240.0,159.0,251.0,681.0,925.0,808.0,734.0,564.0,630.0,299.0,393.0,159;925;251;681;88;564;534;852;233;419;633;484,88;564;251;925;681;159;734;240;808;630;233;419,88;240;159;251;681;925;808;734;564;630;299;393,88;159;233;240;251;419;564;630;681;734;808;925,12,88;159;251;564;681;925,6,16,4,159;925;251;681;88;534;564;852;419;633;484;233,88;159;240;251;681;808;925;564;734;630;5;34,88;681;251;159;925;564;734;240;808;419;633;233,88;159;233;240;251;419;564;633;681;734;808;925,88;159;251;564;681;925,88;159;233;240;251;419;564;633;681;734;808;925,88;159;240;251;564;681;925,925;681;240;251;109;69;88;616;558;159;846;808,69;88;109;159;240;251;472;558;564;616;648;681;808;846;925,15,925;681;251;240;159;564;616;69;109;472;648;558;88,925;681;251;240;159;564;616;69;109;472;648;558;88
645,train,sem_0031,social:decl,para4,base,He use a phone.,19;569;898,898,901.0,19.0,471.0,627.0,417.0,43.0,123.0,293.0,988.0,684.0,,898,19,901,988,471.0,508.0,95.0,417.0,307.0,284.0,706.0,273.0,898,471.0,417.0,19.0,307.0,901.0,508.0,991.0,284.0,293.0,513.0,74.0,898;901;19;471;627;417;43;123;293;988;684,898;19;901;988;471;508;95;417;307;284;706;273,898;471;417;19;307;901;508;991;284;293;513;74,19;284;293;307;417;471;508;898;901;988,10,19;417;471;898;901,5,15,4,898;901;19;471;627;43;123;293;417;988;684,898;417;471;19;307;508;901;16;38;43;74;95,898;19;901;471;508;95;417;988;307;284;273;706,19;43;95;307;417;471;508;898;901;988,19;417;471;898;901,19;43;95;307;417;471;508;569;898;901;988,19;417;471;569;898;901,898;19,19;417;898;901,4,19;898;901;417,19;898;901;417
646,train,sem_0019,eat:decl,para4,base,You order a sandwich.,366;463;908,317,624.0,14.0,604.0,908.0,354.0,741.0,10.0,393.0,500.0,366.0,80.0,317,908,604,624,14.0,354.0,741.0,10.0,584.0,80.0,344.0,366.0,908,317.0,624.0,14.0,604.0,80.0,354.0,696.0,763.0,366.0,960.0,785.0,317;624;14;604;908;354;741;10;393;500;366;80,317;908;604;624;14;354;741;10;584;80;344;366,908;317;624;14;604;80;354;696;763;366;960;785,10;14;80;317;354;366;604;624;741;908,10,14;80;317;354;366;604;624;908,8,21,4,317;624;14;604;908;354;741;10;393;366;80;344,317;908;14;80;604;624;354;366;696;763;960;785,317;908;14;604;624;354;344;80;10;741;366;763,10;14;80;317;344;354;366;604;624;741;763;908,14;80;317;354;366;604;624;908,10;14;80;317;344;354;366;463;604;624;741;763;908,14;80;317;354;366;463;604;624;908,366;624;604;317;80;908;735,14;80;177;317;354;366;408;500;568;604;624;678;735;749;908,15,624;366;604;317;14;908;749;735;354;568;80;678;177;500;408,624;366;604;317;14;908;749;735;354;568;80;678;177;500;408
647,train,sem_0073,social:decl,para3,lex,They meet tea.,588;666,261,,,,,,,,,,,,955,870,7,918,194.0,759.0,261.0,355.0,782.0,748.0,761.0,295.0,955,870.0,7.0,194.0,918.0,,,,,,,,261,955;870;7;918;194;759;261;355;782;748;761;295,955;870;7;194;918,7;194;261;870;918;955,6,,0,14,3,,7;870;955;194;918,7;955;870;194;918;261;748;782;355;759;761;295,7;194;870;918;955,,7;194;588;666;870;918;955,588;666,870;7;955,7;194;870;955,4,7;870;955;194,7;870;955;194
648,train,sem_0289,watch:decl,para3,base,She view a game.,524;635,69,635.0,220.0,272.0,732.0,882.0,52.0,,,,,,635,69,220,779,272.0,745.0,464.0,524.0,940.0,351.0,732.0,259.0,464,69.0,220.0,524.0,635.0,351.0,940.0,272.0,745.0,240.0,742.0,771.0,69;635;220;272;732;882;52,635;69;220;779;272;745;464;524;940;351;732;259,464;69;220;524;635;351;940;272;745;240;742;771,69;220;272;351;464;524;635;732;745;940,10,69;220;272;635,4,16,4,69;635;220;732;882;272;52;48,69;220;464;524;635;272;351;940;745;14;26;52,69;635;220;272;524;464;779;745;351;940;259;732,52;69;220;272;351;464;524;635;732;745;940,69;220;272;635,52;69;220;272;351;464;524;635;732;745;940,69;220;272;524;635,524;635;464;940;69;220,69;159;220;464;472;524;616;635;644;681;719;925;940,13,524;159;719;940;681;69;925;644;616;472,524;159;719;940;681;69;925;644;616;472
649,train,sem_0003,move:decl,para4,lex,We come to school.,12;346;379,527,573.0,606.0,809.0,277.0,188.0,855.0,87.0,82.0,396.0,608.0,,527,809,82,855,87.0,606.0,188.0,716.0,573.0,292.0,583.0,2.0,809,82.0,606.0,855.0,188.0,87.0,573.0,527.0,968.0,716.0,,,527;573;606;809;277;188;855;87;82;396;608,527;809;82;855;87;606;188;716;573;292;583;2,809;82;606;855;188;87;573;527;968;716,82;87;188;527;573;606;716;809;855,9,82;87;188;527;573;606;809;855,8,18,4,527;573;606;809;277;188;855;87;82;396;608;292,809;82;87;188;606;855;527;573;716;968,809;855;82;87;527;188;606;716;573;292;396;2,82;87;188;292;396;527;573;606;716;809;855,82;87;188;527;573;606;809;855,12;82;87;188;292;346;379;396;527;573;606;716;809;855,12;82;87;188;346;379;527;573;606;809;855,606,573;606;809,3,809;606;573,809;606;573
650,train,sem_seed_pref_comparative,pref:comparative,singleton,single-seed,She prefer a novel to a book.,,983,794.0,74.0,8.0,810.0,,,,,,,,983,794,810,8,74.0,951.0,630.0,76.0,785.0,515.0,737.0,321.0,983,794.0,810.0,8.0,629.0,74.0,336.0,321.0,592.0,949.0,737.0,515.0,983;794;74;8;810,983;794;810;8;74;951;630;76;785;515;737;321,983;794;810;8;629;74;336;321;592;949;737;515,8;74;321;515;737;794;810;983,8,8;74;794;810;983,5,29,7,983;794;74;8;810,983;794;810;8;74;263;321;336;515;592;629;737,983;794;810;8;74;336;949;515;321;737;263;629,8;74;263;321;336;515;629;737;794;810;983,8;74;794;810;983,8;74;263;321;336;515;629;737;794;810;983,8;74;794;810;983,983;794,74;336;794;983,4,983;794;336;74,983;794;336;74
651,train,sem_0171,acq:decl,para3,base,I buy a movie.,230;747,747,637.0,423.0,185.0,510.0,253.0,603.0,732.0,135.0,348.0,220.0,,747,637,423,510,253.0,13.0,490.0,536.0,54.0,982.0,896.0,811.0,747,637.0,490.0,54.0,811.0,536.0,896.0,982.0,423.0,81.0,253.0,862.0,747;637;423;185;510;253;603;732;135;348;220,747;637;423;510;253;13;490;536;54;982;896;811,747;637;490;54;811;536;896;982;423;81;253;862,54;253;423;490;510;536;637;747;811;896;982,11,253;423;637;747,4,14,4,637;747;423;603;510;732;135;220;348,747;490;637;54;423;536;811;896;982;81;253;4,747;637;423;253;13;490;510;811;896;536;54;982,54;253;423;490;510;536;637;747;811;896;982,423;637;747,54;230;253;423;490;510;536;637;747;811;896;982,230;423;637;747,747;230;131;81;185;637,81;131;185;230;248;423;637;747,8,747;81;230;637;423;248,747;81;230;637;423;248
652,train,sem_0079,acq:decl,para3,lex,We purchase lunch.,228;268,248,204.0,503.0,230.0,735.0,241.0,170.0,577.0,711.0,749.0,363.0,43.0,204,578,363,879,132.0,847.0,674.0,483.0,432.0,884.0,597.0,451.0,432,483.0,132.0,847.0,674.0,879.0,204.0,597.0,884.0,451.0,578.0,,248;204;503;230;735;241;170;577;711;749;363;43,204;578;363;879;132;847;674;483;432;884;597;451,432;483;132;847;674;879;204;597;884;451;578,132;204;363;432;451;483;578;597;674;847;879;884,12,204,1,18,3,248;204;503;735;230;241;170;577;711;749;363;43,132;432;483;674;847;879;204;597;884;451;578,204;483;674;432;132;879;847;578;597;884;363;451,132;204;363;432;451;483;578;597;674;847;879;884,204,132;204;228;268;363;432;451;483;578;597;674;847;879;884,204;228;268,483;847;879;597;800,132;483;597;674;784;800;847;879,8,483;879;847;597;132;674;784;800,483;879;847;597;132;674;784;800
653,train,sem_single_0906,acq:negative_simple,singleton,single,You do not buy music.,,657,244.0,156.0,216.0,714.0,537.0,,,,,,,425,156,216,714,537.0,244.0,657.0,13.0,431.0,198.0,213.0,158.0,425,156.0,216.0,537.0,714.0,244.0,395.0,275.0,193.0,141.0,657.0,,657;244;156;216;714;537,425;156;216;714;537;244;657;13;431;198;213;158,425;156;216;537;714;244;395;275;193;141;657,156;216;244;425;537;657;714,7,156;216;244;537;657;714,6,21,5,657;244;216;156,425;156;216;244;537;714;141;193;275;395;657,425;657;216;156;714;537;244;13;431;638;131;294,156;216;244;425;537;657;714,156;216;244;657,156;216;244;425;537;657;714,156;216;244;657,,578,1,578,578
654,train,sem_0169,drink:decl,para3,base,I sip juice.,0;225,306,767.0,607.0,225.0,149.0,727.0,807.0,227.0,905.0,486.0,342.0,,225,807,607,306,767.0,149.0,727.0,227.0,905.0,516.0,25.0,332.0,225,306.0,516.0,607.0,807.0,149.0,767.0,25.0,727.0,332.0,189.0,227.0,306;767;607;225;149;727;807;227;905;486;342,225;807;607;306;767;149;727;227;905;516;25;332,225;306;516;607;807;149;767;25;727;332;189;227,25;149;225;227;306;332;516;607;727;767;807;905,12,149;225;227;306;607;727;767;807,8,12,3,306;767;607;225;149;727;807;227;905;486,225;25;149;306;516;607;767;807;189;332;727;227,225;607;149;306;767;807;727;227;516;905;25;332,25;149;225;227;306;332;516;607;727;767;807;905,149;225;227;306;607;727;767;807,0;25;149;225;227;306;332;516;607;727;767;807;905,0;149;225;227;306;607;727;767;807,149;306;225;607;516;487;905;767;909;104;807;227;452;116,25;104;116;149;225;227;306;452;487;516;607;767;807;905;909,15,306;149;225;607;767;905;516;487;104;116;452;25;807,306;149;225;607;767;905;516;487;104;116;452;25;807
655,train,sem_seed_drink_imperative,drink:imperative,singleton,single-seed,Please sip coffee.,,555,929.0,25.0,815.0,192.0,538.0,36.0,,,,,,25,815,555,929,538.0,192.0,36.0,932.0,994.0,389.0,134.0,941.0,555,815.0,25.0,929.0,192.0,538.0,,,,,,,555;929;25;815;192;538;36,25;815;555;929;538;192;36;932;994;389;134;941,555;815;25;929;192;538,25;36;192;538;555;815;929,7,25;192;538;555;815;929,6,18,3,555;929;25;815;192;538;36,25;555;815;929;192;538,555;25;815;929;538;192;36;994;932;389;742;858,25;36;192;538;555;815;929,25;192;538;555;815;929,25;36;192;538;555;815;929,25;192;538;555;815;929,25;815,25;192;507;555;815;929,6,815;25;555;192;929;507,815;25;555;192;929;507
656,train,sem_seed_play_going_to,play:going_to,singleton,single-seed,You are going to play music.,,46,424.0,141.0,634.0,311.0,531.0,42.0,688.0,723.0,905.0,511.0,806.0,46,42,723,905,947.0,531.0,434.0,806.0,141.0,445.0,448.0,804.0,46,947.0,141.0,905.0,723.0,42.0,806.0,531.0,434.0,445.0,448.0,518.0,46;424;141;634;311;531;42;688;723;905;511;806,46;42;723;905;947;531;434;806;141;445;448;804,46;947;141;905;723;42;806;531;434;445;448;518,42;46;141;434;445;448;531;723;806;905;947,11,42;46;141;531;723;806;905,7,28,6,46;424;141;634;311;688;42;723;531;905;511;806,46;42;141;723;905;947;434;531;806;445;448;381,46;42;141;723;905;947;445;434;531;806;448;381,42;46;141;381;434;445;448;531;723;806;905;947,42;46;141;531;723;806;905,42;46;141;381;434;445;448;531;723;806;905;947,42;46;141;531;723;806;905,141;359,141;275;359;473;550,5,359;473;141;550;275,359;473;141;550;275
657,train,sem_0069,acq:decl,para3,lex,We buy music.,398;505,653,348.0,311.0,424.0,634.0,688.0,,,,,,,653,959,348,966,311.0,600.0,446.0,433.0,919.0,269.0,147.0,880.0,600,311.0,919.0,446.0,433.0,147.0,348.0,269.0,959.0,966.0,653.0,,653;348;311;424;634;688,653;959;348;966;311;600;446;433;919;269;147;880,600;311;919;446;433;147;348;269;959;966;653,147;269;311;348;433;446;600;653;919;959;966,11,311;348;653,3,13,3,653;348;311;424;634;688,311;433;446;600;919;147;269;348;959;653;966,653;348;959;446;311;433;600;919;966;269;147;253,147;269;311;348;433;446;600;653;919;959;966,311;348;653,147;269;311;348;398;433;446;505;600;653;919;959;966,311;348;398;505;653,446;348,348;446,2,446;348,446;348
658,train,sem_0117,drink:front_place,para3,order,"at the city, He have pizza.",16;218,218,705.0,102.0,869.0,463.0,529.0,628.0,252.0,326.0,75.0,387.0,934.0,596,384,218,628,61.0,326.0,478.0,387.0,92.0,379.0,869.0,102.0,596,384.0,218.0,642.0,256.0,662.0,61.0,556.0,379.0,805.0,326.0,92.0,218;705;102;869;463;529;628;252;326;75;387;934,596;384;218;628;61;326;478;387;92;379;869;102,596;384;218;642;256;662;61;556;379;805;326;92,61;92;102;218;326;379;384;387;596;628;869,11,218;326,2,27,6,218;102;705;869;529;463;628;326;934;252;387;384,218;384;596;61;256;556;642;662;92;326;379;478,384;596;218;61;628;326;478;463;869;102;705;529,61;102;218;326;384;463;478;529;596;628;705;869,218;326;384,16;61;102;218;326;384;463;478;529;596;628;705;869,16;218;326;384,218,218;628,2,628;218,628;218
659,train,sem_0268,social:decl,para3,base,They help a friend.,62;740,34,62.0,399.0,190.0,581.0,265.0,695.0,862.0,205.0,952.0,350.0,380.0,62,34,399,952,581.0,265.0,121.0,480.0,823.0,175.0,695.0,190.0,62,952.0,34.0,581.0,399.0,480.0,943.0,820.0,933.0,109.0,826.0,98.0,34;62;399;190;581;265;695;862;205;952;350;380,62;34;399;952;581;265;121;480;823;175;695;190,62;952;34;581;399;480;943;820;933;109;826;98,34;62;190;265;399;480;581;695;952,9,34;62;399;581;952,5,19,4,34;62;399;190;581;265;862;178;350;380;952;26,62;34;581;952;399;480;26;33;43;90;98;99,62;34;399;952;581;265;121;190;695;480;674;823,26;34;62;190;265;399;480;581;952,34;62;399;581;952,26;34;62;190;265;399;480;581;740;952,34;62;399;581;740;952,62;34;399,34;62;399,3,62;34,62;34
660,train,sem_0010,learn:perfect_pr,para4,tense,She has read a novel.,474;629;949,949,167.0,226.0,992.0,712.0,474.0,979.0,965.0,,,,,949,474,167,712,226.0,992.0,698.0,965.0,979.0,989.0,401.0,243.0,949,474.0,737.0,321.0,167.0,992.0,336.0,989.0,515.0,226.0,712.0,361.0,949;167;226;992;712;474;979;965,949;474;167;712;226;992;698;965;979;989;401;243,949;474;737;321;167;992;336;989;515;226;712;361,167;226;474;712;949;965;979;989;992,9,167;226;474;712;949;992,6,21,5,949;167;226;992;712;474;979;965,949;167;226;321;336;474;515;712;737;989;992;361,949;992;712;226;167;474;698;989;401;243;979;965,167;226;474;712;949;965;979;989;992,167;226;474;712;949;992,167;226;474;629;712;949;965;979;989;992,167;226;474;629;712;949;992,949;336;515;712;167;519;361,167;226;336;361;515;519;712;737;949;992,10,949;167;712;336;226;737;519;515;992;361,949;167;712;336;226;737;519;515;992;361
661,train,sem_0015,social:future_will,para4,tense,They will make coffee.,7;49;822,822,49.0,192.0,6.0,666.0,562.0,,,,,,,822,49,6,192,697.0,33.0,933.0,371.0,835.0,666.0,904.0,588.0,822,49.0,904.0,588.0,835.0,666.0,6.0,697.0,933.0,349.0,371.0,192.0,822;49;192;6;666;562,822;49;6;192;697;33;933;371;835;666;904;588,822;49;904;588;835;666;6;697;933;349;371;192,6;49;192;371;588;666;697;822;835;904;933,11,6;49;192;666;822,5,22,4,822;49;192,822;49;588;666;835;904;6;33;192;349;371;697,822;49;6;192;933;371;33;697;904;835;666;588,6;33;49;192;371;588;666;697;822;835;904,49;192;822,6;7;33;49;192;371;588;666;697;822;835;904,7;49;192;822,822;835,128;576;588;822;835,5,835;822;588;128;576,835;822;588;128;576
662,train,sem_0214,move:decl,para3,lex,He visit at the station.,89;292,467,717.0,830.0,642.0,378.0,107.0,928.0,553.0,140.0,327.0,863.0,292.0,830,467,107,717,642.0,553.0,146.0,246.0,378.0,928.0,729.0,327.0,717,467.0,830.0,642.0,107.0,140.0,256.0,744.0,146.0,863.0,378.0,246.0,467;717;830;642;378;107;928;553;140;327;863;292,830;467;107;717;642;553;146;246;378;928;729;327,717;467;830;642;107;140;256;744;146;863;378;246,107;140;146;246;327;378;467;553;642;717;830;863;928,13,107;378;467;642;717;830,6,24,5,467;717;830;642;378;928;107;553;140;863;729;292,107;467;642;717;830;140;146;246;256;292;378;553,830;717;467;107;642;553;928;378;246;146;863;744,107;140;146;246;292;378;467;553;642;717;830;863;928,107;378;467;553;642;717;830,89;107;140;146;246;292;378;467;553;642;717;830;863;928,89;107;292;378;467;553;642;717;830,467;830;292;717;107;998;642,29;89;107;292;322;467;549;642;717;730;830;998,12,467;998;292;717;830;322;29;730;107;89;549,467;998;292;717;830;322;29;730;107;89;549
663,train,sem_seed_eat_modal_can,eat:modal_can,singleton,single-seed,I can order dinner.,,520,268.0,157.0,976.0,597.0,84.0,318.0,18.0,228.0,883.0,625.0,686.0,520,84,18,268,157.0,976.0,318.0,597.0,883.0,228.0,625.0,253.0,520,84.0,18.0,976.0,253.0,157.0,570.0,565.0,800.0,268.0,488.0,597.0,520;268;157;976;597;84;318;18;228;883;625;686,520;84;18;268;157;976;318;597;883;228;625;253,520;84;18;976;253;157;570;565;800;268;488;597,18;84;157;228;253;268;318;520;597;625;883;976,12,18;84;157;268;520;597;976,7,19,4,520;157;268;976;84;597;18;228;318;883;625;686,520;84;18;157;253;268;565;570;800;976;318;481,520;84;976;268;157;18;318;597;570;253;565;800,18;84;157;253;268;318;520;565;570;597;800;976,18;84;157;268;318;520;976,18;84;157;253;268;318;520;565;570;597;800;976,18;84;157;268;318;520;976,520;18;268;976;800,18;268;491;520;565;597;800;976,8,520;18;565;268;491;597;800,520;18;565;268;491;597;800
664,train,sem_0256,call:front_place,para3,order,"at the office, They phone my father.",133;285,133,881.0,574.0,284.0,834.0,759.0,883.0,368.0,469.0,755.0,927.0,831.0,133,759,883,834,574.0,284.0,881.0,755.0,469.0,196.0,928.0,246.0,133,883.0,759.0,196.0,368.0,127.0,574.0,284.0,371.0,881.0,927.0,435.0,133;881;574;284;834;759;883;368;469;755;927;831,133;759;883;834;574;284;881;755;469;196;928;246,133;883;759;196;368;127;574;284;371;881;927;435,133;196;284;368;469;574;755;759;834;881;883;927,12,133;284;574;759;881;883,6,36,7,133;881;284;574;834;759;883;368;927;755;469;831,133;759;883;196;127;284;368;371;392;435;574;834,133;574;284;881;834;759;883;755;469;928;246;127,127;133;284;368;469;574;755;759;834;881;883,133;284;574;759;834;883,127;133;284;285;368;469;574;755;759;834;881;883,133;284;285;574;759;834;883,133,133,1,,
665,train,sem_0047,move:front_time,para4,order,"Now, You jog to the station.",718;853;863,853,948.0,718.0,583.0,148.0,292.0,29.0,730.0,769.0,803.0,753.0,89.0,853,718,948,148,583.0,813.0,352.0,286.0,669.0,23.0,535.0,429.0,853,718.0,583.0,948.0,813.0,148.0,669.0,717.0,322.0,352.0,549.0,769.0,853;948;718;583;148;292;29;730;769;803;753;89,853;718;948;148;583;813;352;286;669;23;535;429,853;718;583;948;813;148;669;717;322;352;549;769,148;352;583;669;718;769;813;853;948,9,148;583;718;853;948,5,28,6,853;948;718;583;292;148;29;730;769;753;803;998,853;718;583;948;148;813;23;29;107;209;286;287,853;718;948;148;583;813;352;669;286;23;429;535,23;29;148;286;583;718;813;853;948,148;583;718;853;948,23;29;148;286;583;718;813;853;863;948,148;583;718;853;863;948,853;718;948;769,385;718;769;803;853;948,6,853;718;948;769;803;385,853;718;948;769;803;385
666,train,sem_0073,social:past_simple,para3,tense,They chose coffee.,588;647,588,440.0,215.0,382.0,441.0,876.0,562.0,822.0,103.0,904.0,661.0,632.0,588,822,835,904,661.0,49.0,6.0,440.0,25.0,215.0,428.0,929.0,588,835.0,904.0,822.0,661.0,49.0,,,,,,,588;440;215;382;441;876;562;822;103;904;661;632,588;822;835;904;661;49;6;440;25;215;428;929,588;835;904;822;661;49,49;215;440;588;661;822;835;904,8,588;661;822;904,4,18,3,588;440;215;382;441;876;562;822,588;822;835;904;49;661,588;904;835;822;49;661;6;25;655;929;632;215,49;215;588;661;822;835;904,588;822,49;215;588;647;661;822;835;904,588;647;822,588;215;440;904;835;382,215;382;440;588;835;876;904,7,588;215;904;835;440;876,588;215;904;835;440;876
667,train,sem_0221,social:decl,para3,lex,We take my teacher.,34;399,692,740.0,229.0,927.0,262.0,756.0,44.0,276.0,709.0,282.0,60.0,358.0,692,907,497,160,627.0,782.0,756.0,282.0,276.0,44.0,547.0,773.0,692,907.0,497.0,160.0,740.0,282.0,60.0,942.0,627.0,66.0,547.0,358.0,692;740;229;927;262;756;44;276;709;282;60;358,692;907;497;160;627;782;756;282;276;44;547;773,692;907;497;160;740;282;60;942;627;66;547;358,44;60;160;276;282;358;497;547;627;692;740;756;907,13,282;692,2,19,4,692;229;927;756;262;740;709;276;60;358;202;282,692;907;160;497;44;60;66;202;229;262;276;282,692;907;627;262;202;276;782;282;942;773;927;756,60;202;229;262;276;282;692;756;907;927,202;262;276;282;692,34;60;202;229;262;276;282;399;692;756;907;927,34;202;262;276;282;399;692,740;907,740;782;907,3,740;782,740;782
668,train,sem_seed_call_front_time,call:front_time,singleton,single-seed,"Today, They text my teacher.",,692,756.0,557.0,599.0,497.0,203.0,981.0,160.0,44.0,740.0,773.0,282.0,692,756,557,981,497.0,160.0,599.0,740.0,773.0,927.0,60.0,203.0,60,740.0,773.0,927.0,599.0,756.0,692.0,981.0,557.0,203.0,160.0,497.0,692;756;557;599;497;203;981;160;44;740;773;282,692;756;557;981;497;160;599;740;773;927;60;203,60;740;773;927;599;756;692;981;557;203;160;497,60;160;203;497;557;599;692;740;756;773;927;981,12,160;203;497;557;599;692;740;756;773;981,10,28,5,756;692;557;599;497;203;160;981;773;60;927;709,60;599;692;740;756;773;927;203;557;981;160;497,692;756;557;981;599;60;927;773;740;160;497;203,60;160;203;497;557;599;692;740;756;773;927;981,60;160;203;497;557;599;692;756;773;927;981,60;160;203;497;557;599;692;740;756;773;927;981,60;160;203;497;557;599;692;756;773;927;981,692;756;981;557,203;497;557;692;756;981,6,692;557;756;497;981;203,692;557;756;497;981;203
669,train,sem_0056,move:decl,para3,base,I jog to the office.,429;450,429,352.0,2.0,23.0,450.0,948.0,286.0,327.0,928.0,535.0,853.0,718.0,429,23,948,352,450.0,853.0,286.0,718.0,665.0,535.0,2.0,327.0,429,948.0,352.0,450.0,23.0,936.0,71.0,608.0,853.0,753.0,2.0,286.0,429;352;2;23;450;948;286;327;928;535;853;718,429;23;948;352;450;853;286;718;665;535;2;327,429;948;352;450;23;936;71;608;853;753;2;286,2;23;286;327;352;429;450;535;718;853;948,11,2;23;286;352;429;450;853;948,8,20,5,429;352;2;23;450;948;286;928;853;327;535,429;23;352;450;948;2;71;286;608;753;769;853,429;948;23;352;450;286;853;2;665;718;535;195,2;23;286;352;429;450;535;853;948,2;23;286;352;429;450;853;948,2;23;286;352;429;450;535;853;948,2;23;286;352;429;450;853;948,429;450;948;23,23;429;450;948,4,429;450;948;23,429;450;948;23
670,train,sem_0036,move:front_time,para4,order,"Today, They go to the station.",287;526;730,730,526.0,914.0,948.0,292.0,29.0,769.0,803.0,753.0,583.0,287.0,89.0,730,526,914,277,287.0,973.0,783.0,998.0,948.0,769.0,549.0,322.0,730,526.0,287.0,914.0,140.0,753.0,583.0,322.0,853.0,830.0,277.0,744.0,730;526;914;948;292;29;769;803;753;583;287;89,730;526;914;277;287;973;783;998;948;769;549;322,730;526;287;914;140;753;583;322;853;830;277;744,277;287;322;526;583;730;753;769;914;948,10,287;526;730;914,4,30,6,730;526;914;292;948;29;769;753;583;287;803;998,730;526;287;914;29;140;277;292;304;322;549;583,730;526;277;914;287;973;783;573;292;549;583;322,29;277;287;292;322;526;549;583;730;914,287;292;526;583;730;914,29;277;287;292;322;526;549;583;730;914,287;292;526;583;730;914,730;526;287,29;140;287;292;322;397;526;549;730;744;914;998,12,526;730;914;998;322;549;292;140;29;397;744,526;730;914;998;322;549;292;140;29;397;744
671,train,sem_0062,eat:decl,para3,base,We order pizza.,,921,565.0,987.0,344.0,431.0,491.0,381.0,120.0,483.0,446.0,268.0,207.0,431,344,921,565,987.0,491.0,381.0,268.0,483.0,446.0,501.0,705.0,431,921.0,268.0,446.0,705.0,987.0,565.0,501.0,344.0,483.0,491.0,597.0,921;565;987;344;431;491;381;120;483;446;268;207,431;344;921;565;987;491;381;268;483;446;501;705,431;921;268;446;705;987;565;501;344;483;491;597,268;344;381;431;446;483;491;501;565;705;921;987,12,268;344;431;446;483;491;565;921;987,9,15,3,921;565;987;344;491;431;381;483;120;268;207;446,431;268;344;446;483;501;565;705;921;987;207;491,431;987;344;921;565;491;268;483;446;705;501;381,207;268;344;381;431;446;483;491;501;565;705;921;987,268;344;431;446;483;491;565;921;987,207;268;344;381;431;446;483;491;501;565;705;921;987,268;344;431;446;483;491;565;921;987,565;987;344;705;120;501;491;411;268;503;431;577;483,41;120;268;344;349;381;411;431;436;483;491;501;503;520;529;565;577;597;705;707;868;921;976;987,24,344;565;987;268;431;411;577;503;705;921;381;491;436;520;120;483;349;707;501;976;868;597;41;529,344;565;987;268;431;411;577;503;705;921;381;491;436;520;120;483;349;707;501;976;868;597;41;529
672,train,sem_0097,learn:present_cont,para3,tense,They are reviewing music.,235;826,789,364.0,235.0,193.0,445.0,260.0,42.0,,,,,,42,445,656,235,511.0,339.0,101.0,846.0,971.0,245.0,595.0,381.0,42,511.0,101.0,235.0,339.0,445.0,595.0,,,,,,789;364;235;193;445;260;42,42;445;656;235;511;339;101;846;971;245;595;381,42;511;101;235;339;445;595,42;101;235;339;445;511;595,7,42;235;445,3,25,4,789;364;235;193,42;101;235;339;511;445;595,42;445;235;101;511;339;656;595;971;846;245;804,42;101;235;339;445;511;595,235,42;101;235;339;445;511;595;826,235;826,235;193;789;364,193;235;364;518;789,5,235;518;193;364;789,235;518;193;364;789
673,train,sem_seed_move_imperative,move:imperative,singleton,single-seed,Please travel to the park.,,17,998.0,549.0,322.0,313.0,287.0,148.0,855.0,809.0,397.0,468.0,300.0,179,549,287,998,304.0,322.0,17.0,300.0,855.0,840.0,148.0,397.0,998,300.0,304.0,322.0,179.0,287.0,855.0,840.0,17.0,549.0,115.0,182.0,17;998;549;322;313;287;148;855;809;397;468;300,179;549;287;998;304;322;17;300;855;840;148;397,998;300;304;322;179;287;855;840;17;549;115;182,17;148;179;287;300;304;322;397;549;840;855;998,12,17;287;300;322;549;855;998,7,26,5,17;998;549;322;313;287;148;855;809;468;397;300,17;179;287;300;304;322;549;840;855;998;115;148,179;549;322;304;287;998;17;840;300;855;148;535,17;148;179;287;300;304;322;549;840;855;998,17;148;287;300;322;549;855;998,17;148;179;287;300;304;322;549;840;855;998,17;148;287;300;322;549;855;998,,840,1,840,840
674,train,sem_0093,social:decl,para3,lex,We help lunch.,683;986,972,695.0,34.0,879.0,,,,,,,,,34,695,399,132,652.0,847.0,483.0,879.0,432.0,597.0,884.0,451.0,879,847.0,132.0,652.0,483.0,432.0,884.0,34.0,695.0,597.0,399.0,451.0,972;695;34;879,34;695;399;132;652;847;483;879;432;597;884;451,879;847;132;652;483;432;884;34;695;597;399;451,34;132;399;432;451;483;597;652;695;847;879;884,12,34;695;879,3,14,3,695;972;34,132;432;483;652;847;879;34;597;695;884;399;451,34;695;483;432;652;847;132;879;399;884;597;451,34;132;399;432;451;483;597;652;695;847;879;884,34;695,34;132;399;432;451;483;597;652;683;695;847;879;884;986,34;683;695;986,879,132;652;879,3,132;879;652,132;879;652
675,train,sem_seed_pref_ynq_do,pref:ynq_do,singleton,single-seed,do We love pizza?,,705,610.0,869.0,218.0,833.0,132.0,102.0,710.0,,,,,431,710,728,610,409.0,132.0,833.0,705.0,671.0,501.0,640.0,548.0,431,409.0,671.0,705.0,728.0,501.0,132.0,610.0,622.0,980.0,833.0,694.0,705;610;869;218;833;132;102;710,431;710;728;610;409;132;833;705;671;501;640;548,431;409;671;705;728;501;132;610;622;980;833;694,132;409;431;501;610;671;705;710;728;833,10,132;610;705;833,4,17,4,,431;132;409;501;610;671;705;728;47;86;204;280,431;728;409;132;610;833;501;705;671;710;323;402,132;409;431;501;610;671;705;728,,132;409;431;501;610;671;705;728,,501;705,501;705,2,,
676,train,sem_0127,social:decl,para3,base,He help my mother.,612;802,872,802.0,265.0,121.0,823.0,611.0,370.0,58.0,964.0,257.0,400.0,701.0,802,872,265,121,611.0,823.0,58.0,370.0,403.0,328.0,285.0,739.0,802,58.0,370.0,872.0,265.0,121.0,611.0,403.0,823.0,701.0,756.0,599.0,872;802;265;121;823;611;370;58;964;257;400;701,802;872;265;121;611;823;58;370;403;328;285;739,802;58;370;872;265;121;611;403;823;701;756;599,58;121;265;370;403;611;701;802;823;872,10,58;121;265;370;611;802;823;872,8,18,4,872;802;265;121;611;823;370;58;257;964;400;701,802;58;265;370;872;121;611;403;823;66;257;284,802;872;265;121;611;58;370;823;403;693;599;257,58;121;257;265;370;403;611;802;823;872,58;121;257;265;370;611;802;823;872,58;121;257;265;370;403;611;612;802;823;872,58;121;257;265;370;611;612;802;823;872,802;265;872;953,121;265;370;802;872;953,6,802;872;121;265;370,802;872;121;265;370
677,train,sem_0048,eat:decl,para4,lex,They eat a sandwich.,92;529;804,108,177.0,899.0,500.0,55.0,568.0,678.0,99.0,118.0,922.0,818.0,604.0,177,108,899,55,922.0,436.0,349.0,99.0,568.0,678.0,749.0,604.0,568,604.0,108.0,678.0,99.0,177.0,749.0,414.0,899.0,354.0,436.0,922.0,108;177;899;500;55;568;678;99;118;922;818;604,177;108;899;55;922;436;349;99;568;678;749;604,568;604;108;678;99;177;749;414;899;354;436;922,55;99;108;177;436;568;604;678;749;899;922,11,99;108;177;568;604;678;899;922,8,20,4,108;177;899;55;568;678;99;118;500;818;922;604,99;108;177;568;604;678;749;354;414;899;436;922,177;108;899;436;922;55;349;678;99;604;749;568,55;99;108;177;436;568;604;678;749;899;922,99;108;177;568;604;678;899;922,55;92;99;108;177;436;529;568;604;678;749;804;899;922,92;99;108;177;529;568;604;678;804;899;922,177;678;568;108;604;749;99;922;55,55;99;108;118;177;354;414;568;604;623;678;749;818;899;922,15,177;568;678;749;604;99;108;899;414;354;623;118;55;818;922,177;568;678;749;604;99;108;899;414;354;623;118;55;818;922
678,train,sem_0246,eat:decl,para3,lex,They have a sandwich.,349;436,118,818.0,80.0,15.0,99.0,100.0,559.0,500.0,910.0,960.0,763.0,617.0,118,818,80,960,763.0,559.0,944.0,100.0,15.0,677.0,749.0,568.0,604,118.0,99.0,749.0,677.0,818.0,568.0,80.0,15.0,559.0,960.0,354.0,118;818;80;15;99;100;559;500;910;960;763;617,118;818;80;960;763;559;944;100;15;677;749;568,604;118;99;749;677;818;568;80;15;559;960;354,15;80;99;100;118;559;568;677;749;763;818;960,12,15;80;118;559;818;960,6,21,4,118;818;80;15;99;559;960;763;617;568;414;677,80;99;118;568;604;677;749;818;15;94;100;354,818;118;80;763;100;559;960;15;944;677;99;749,15;80;99;100;118;559;568;677;749;763;818;960,15;80;99;118;677;818,15;80;99;100;118;349;436;559;568;677;749;763;818;960,15;80;99;118;349;436;677;818,677;118;568;99;80;604;177;500;749,14;80;99;118;138;177;354;393;414;500;568;604;617;623;624;646;677;749;763;818;944,21,568;99;677;749;118;604;80;414;818;177;354;646;500;623;138;393;944;617;763;624;14,568;99;677;749;118;604;80;414;818;177;354;646;500;623;138;393;944;617;763;624;14
679,train,sem_0281,social:decl,para3,base,We start a book.,470;695,470,601.0,569.0,582.0,887.0,915.0,4.0,592.0,282.0,7.0,,,470,601,255,460,859.0,582.0,915.0,569.0,67.0,762.0,996.0,865.0,470,255.0,859.0,460.0,601.0,996.0,762.0,67.0,758.0,865.0,781.0,808.0,470;601;569;582;887;915;4;592;282;7,470;601;255;460;859;582;915;569;67;762;996;865,470;255;859;460;601;996;762;67;758;865;781;808,67;255;460;470;569;582;601;762;859;865;915;996,12,470;601,2,16,4,470;601;569;582;915;887;4;592,470;255;460;601;859;67;762;996;758;865;4;5,470;601;255;460;859;582;569;915;7;887;762;67,4;67;255;460;470;569;582;601;762;859;887;915,470;601,4;67;255;460;470;569;582;601;695;762;859;887;915,470;601;695,470,255;470,2,470;255,470;255
680,train,sem_single_0984,eat:conditional_if,singleton,single,"If it is warm, She eat pizza.",,571,625.0,299.0,786.0,932.0,119.0,990.0,436.0,707.0,319.0,951.0,3.0,571,625,990,3,299.0,175.0,142.0,527.0,319.0,786.0,951.0,119.0,571,625.0,3.0,329.0,710.0,990.0,142.0,319.0,175.0,786.0,527.0,951.0,571;625;299;786;932;119;990;436;707;319;951;3,571;625;990;3;299;175;142;527;319;786;951;119,571;625;3;329;710;990;142;319;175;786;527;951,3;119;142;175;299;319;527;571;625;786;951;990,12,3;319;571;625;786;951;990,7,29,7,571;625;119;786;299;990;436;707;951;319;932;3,571;625;3;329;710;990;119;142;175;299;319;510,571;625;3;990;786;319;175;142;119;527;299;951,3;119;142;175;299;319;571;625;786;951;990,3;119;299;319;571;625;990,3;119;142;175;299;319;571;625;786;951;990,3;119;299;319;571;625;990,571;625,571;625,2,571;625,571;625
681,train,sem_0068,watch:decl,para3,lex,They watch a game.,109;846,925,159.0,644.0,251.0,633.0,88.0,852.0,331.0,534.0,419.0,722.0,484.0,159,644,925,251,88.0,564.0,633.0,722.0,331.0,920.0,103.0,109.0,159,633.0,801.0,274.0,251.0,920.0,925.0,644.0,109.0,103.0,933.0,94.0,925;159;644;251;633;88;852;331;534;419;722;484,159;644;925;251;88;564;633;722;331;920;103;109,159;633;801;274;251;920;925;644;109;103;933;94,88;103;109;159;251;331;633;644;722;920;925,11,159;251;633;644;925,5,18,4,925;159;644;251;633;88;534;852;331;419;564;484,103;109;159;251;274;633;644;801;920;925;933;88,925;644;159;251;88;633;722;331;564;274;801;920,88;159;251;274;331;564;633;644;801;920;925,88;159;251;633;644;925,88;109;159;251;274;331;564;633;644;801;846;920;925,88;109;159;251;633;644;846;925,644;251;846;109;925;159;458;69;240;801;552,69;109;159;240;251;458;552;644;648;779;801;846;925;940,14,644;846;925;251;109;159;458;648;779;240;552;940,644;846;925;251;109;159;458;648;779;240;552;940
682,train,sem_seed_social_past_cont,social:past_cont,singleton,single-seed,He was starting lunch.,,40,494.0,787.0,,,,,,,,,,113,415,184,278,567.0,766.0,757.0,839.0,345.0,40.0,201.0,57.0,567,766.0,278.0,839.0,184.0,757.0,40.0,345.0,,,,,40;494;787,113;415;184;278;567;766;757;839;345;40;201;57,567;766;278;839;184;757;40;345,40;184;278;345;567;757;766;839,8,40,1,22,4,40,184;278;567;757;766;839;40;345,113;839;567;766;757;278;184;415;345;40;201;391,40;184;278;345;567;757;766;839,40,40;184;278;345;567;757;766;839,40,,,0,,
683,train,sem_0093,social:decl,para3,base,We finish dinner.,674;986,765,986.0,864.0,947.0,612.0,768.0,858.0,,,,,,986,765,864,947,268.0,314.0,533.0,122.0,228.0,266.0,858.0,832.0,986,533.0,765.0,268.0,314.0,122.0,864.0,,,,,,765;986;864;947;612;768;858,986;765;864;947;268;314;533;122;228;266;858;832,986;533;765;268;314;122;864,122;268;314;533;765;858;864;947;986,9,765;864;986,3,17,3,986;765;864;947;768;612;858,986;122;268;314;533;765;864,986;765;864;947;533;314;268;122;266;228;832;612,122;268;314;533;612;765;864;947;986,765;864;986,122;268;314;533;612;674;765;864;947;986,674;765;864;986,765;986;122;533;266,122;266;533;570;765;864;947;986,8,765;122;986;947;533;864;570,765;122;986;947;533;864;570
684,train,sem_0136,social:decl,para3,base,We bring a phone.,601;849,849,417.0,939.0,123.0,645.0,627.0,,,,,,,849,627,380,98,939.0,733.0,66.0,574.0,755.0,469.0,829.0,222.0,849,627.0,380.0,679.0,208.0,939.0,298.0,43.0,997.0,240.0,695.0,226.0,849;417;939;123;645;627,849;627;380;98;939;733;66;574;755;469;829;222,849;627;380;679;208;939;298;43;997;240;695;226,380;627;849;939,4,627;849;939,3,17,4,849;939;417;123;645;627,849;380;627;5;34;43;52;66;98;118;123;135,849;627;380;98;939;312;574;66;733;469;755;126,66;98;123;380;627;849;939,627;849,66;98;123;380;601;627;849;939,601;627;849,627;849,293;627;849;901,4,627;901;293,627;901;293
685,train,sem_0066,pref:modal_can,para3,tense,I can like pizza.,335;798,335,918.0,,,,,,,,,,,335,918,443,289,617.0,663.0,774.0,503.0,565.0,869.0,754.0,747.0,335,774.0,869.0,289.0,503.0,443.0,565.0,918.0,617.0,663.0,120.0,491.0,335;918,335;918;443;289;617;663;774;503;565;869;754;747,335;774;869;289;503;443;565;918;617;663;120;491,289;335;443;503;565;617;663;774;869;918,10,335;918,2,17,4,335;918,335;289;443;503;565;774;869;51;120;491;617;663,335;918;289;443;774;869;503;565;617;663;51;491,51;289;335;443;491;503;565;617;663;774;869;918,335,51;289;335;443;491;503;565;617;663;774;798;869;918,335;798,335;774;869;501,335;501;707;774;869,5,335;774;869;501;707,335;774;869;501;707
686,train,sem_0057,pref:decl,para3,base,He prefer dinner.,278;318,937,318.0,157.0,520.0,268.0,74.0,757.0,812.0,976.0,342.0,663.0,432.0,318,937,757,791,157.0,975.0,74.0,302.0,283.0,962.0,703.0,,318,791.0,937.0,157.0,975.0,757.0,74.0,283.0,302.0,,,,937;318;157;520;268;74;757;812;976;342;663;432,318;937;757;791;157;975;74;302;283;962;703,318;791;937;157;975;757;74;283;302,74;157;283;302;318;757;791;937;975,9,74;157;318;757;937,5,17,3,937;318;157;520;268;976;74;757;794;663;432;812,318;157;757;791;937;975;74;283;302,318;937;757;157;975;791;74;283;302;703;962;342,74;157;283;302;318;757;791;937;975,74;157;318;757;937,74;157;278;283;302;318;757;791;937;975,74;157;278;318;757;937,318;757;937;975,283;314;318;757;791;937;975,7,318;937;757;975;314;791;283,318;937;757;975;314;791;283
687,train,sem_0022,learn:present_cont,para4,tense,She is learning a book.,263;422;515,762,83.0,263.0,394.0,281.0,255.0,939.0,,,,,,762,83,629,592,263.0,794.0,951.0,347.0,810.0,650.0,136.0,888.0,629,263.0,794.0,592.0,810.0,762.0,650.0,422.0,427.0,745.0,347.0,510.0,762;83;263;394;281;255;939,762;83;629;592;263;794;951;347;810;650;136;888,629;263;794;592;810;762;650;422;427;745;347;510,83;263;347;592;629;650;762;794;810,9,263;762,2,23,5,762;83;263;394;255;281;939,263;592;629;794;762;810;650;422;427;745;347;510,762;83;592;629;794;263;810;560;650;347;951;888,83;263;347;592;629;650;762;794;810,263;762,83;263;347;422;515;592;629;650;762;794;810,263;422;515;762,263;519,263;394;519;762,4,263;762;394,263;762;394
688,train,sem_seed_play_decl,play:decl,singleton,single-seed,She play music.,,634,311.0,424.0,141.0,511.0,147.0,595.0,638.0,448.0,656.0,464.0,482.0,141,311,634,511,424.0,638.0,595.0,448.0,147.0,656.0,482.0,699.0,542,634.0,699.0,424.0,311.0,141.0,511.0,364.0,39.0,595.0,464.0,448.0,634;311;424;141;511;147;595;638;448;656;464;482,141;311;634;511;424;638;595;448;147;656;482;699,542;634;699;424;311;141;511;364;39;595;464;448,141;147;311;424;448;464;482;511;595;634;638;656;699,13,141;311;424;448;511;595;634,7,15,3,634;311;424;141;511;595;638;147;448;656;464;359,141;311;364;424;511;542;634;699;39;147;260;448,311;634;141;511;424;638;595;147;448;542;364;699,141;147;311;364;424;448;511;542;595;634;638;699,141;147;311;424;448;511;634,141;147;311;364;424;448;511;542;595;634;638;699,141;147;311;424;448;511;634,560;634;542;699,141;187;424;511;542;560;634;699;984,9,634;984;560;542;699;141;424;187;511,634;984;560;542;699;141;424;187;511
689,train,sem_0272,call:past_simple,para3,tense,I phoned my father.,881;964,461,881.0,574.0,284.0,834.0,133.0,125.0,469.0,953.0,755.0,831.0,435.0,461,125,881,439,967.0,856.0,574.0,56.0,284.0,127.0,612.0,392.0,881,439.0,967.0,461.0,856.0,371.0,574.0,276.0,435.0,392.0,284.0,320.0,461;881;574;284;834;133;125;469;953;755;831;435,461;125;881;439;967;856;574;56;284;127;612;392,881;439;967;461;856;371;574;276;435;392;284;320,125;284;392;435;439;461;574;856;881;967,10,284;461;574;881,4,19,4,461;881;284;574;834;133;125;953;469;755;435;831,439;461;881;967;856;45;56;127;133;276;284;291,461;967;439;881;125;856;817;284;320;953;574;834,125;133;284;439;461;574;834;856;881;953;967,284;461;881,125;133;284;439;461;574;834;856;881;953;964;967,284;461;881;964,881;461;574;133;439;284;400;469;755,45;133;284;343;400;439;461;469;574;755;834;881,12,461;881;284;834;469;574;133;343;45;755;439,461;881;284;834;469;574;133;343;45;755;439
690,train,sem_0192,drink:front_time,para3,order,"Now, You drink tea.",453;815,453,236.0,641.0,156.0,105.0,487.0,412.0,970.0,143.0,,,,453,156,641,236,194.0,105.0,412.0,487.0,143.0,970.0,761.0,317.0,453,156.0,487.0,236.0,641.0,105.0,970.0,143.0,194.0,,,,453;236;641;156;105;487;412;970;143,453;156;641;236;194;105;412;487;143;970;761;317,453;156;487;236;641;105;970;143;194,105;143;156;194;236;412;453;487;641;970,10,105;143;156;236;453;487;641;970,8,19,4,453;236;641;156;105;487;412;970;143,453;156;236;487;641;105;143;194;970,453;156;236;641;194;105;412;487;970;143;958;761,105;143;156;194;236;412;453;487;641;970,105;143;156;236;453;487;641;970,105;143;156;194;236;412;453;487;641;815;970,105;143;156;236;453;487;641;815;970,194;453,156;194;453,3,453;194;156,453;194;156
691,train,sem_seed_move_negative_simple,move:negative_simple,singleton,single-seed,She does not come to the town.,,608,790.0,945.0,297.0,441.0,973.0,860.0,619.0,286.0,369.0,396.0,29.0,608,945,790,2,934.0,396.0,29.0,17.0,286.0,619.0,441.0,860.0,396,17.0,29.0,934.0,2.0,286.0,608.0,945.0,619.0,790.0,322.0,441.0,608;790;945;297;441;973;860;619;286;369;396;29,608;945;790;2;934;396;29;17;286;619;441;860,396;17;29;934;2;286;608;945;619;790;322;441,2;17;29;286;396;441;608;619;790;860;934;945,12,29;286;396;441;608;619;790;945,8,30,7,608;790;945;297;441;352;29;396;17;286;292;249,2;17;29;286;396;608;934;619;790;945;71;82,608;945;790;2;934;29;396;17;286;441;619;369,2;17;29;286;396;441;608;619;790;934;945,17;29;286;396;608;790;945,2;17;29;286;396;441;608;619;790;934;945,17;29;286;396;608;790;945,,17,1,17,17
692,train,sem_0009,call:decl,para4,base,We text my teacher.,160;380;497,756,557.0,668.0,160.0,497.0,701.0,44.0,282.0,58.0,850.0,667.0,276.0,497,160,756,557,668.0,701.0,667.0,907.0,599.0,58.0,56.0,850.0,667,701.0,756.0,160.0,497.0,668.0,907.0,557.0,276.0,740.0,56.0,202.0,756;557;668;160;497;701;44;282;58;850;667;276,497;160;756;557;668;701;667;907;599;58;56;850,667;701;756;160;497;668;907;557;276;740;56;202,56;58;160;276;497;557;667;668;701;756;850;907,12,160;497;557;667;668;701;756,7,19,4,756;557;668;160;497;701;58;850;667;709;276;202,667;701;756;160;497;557;668;907;44;56;58;60,756;557;668;497;160;701;667;907;599;56;58;850,56;58;160;497;557;667;668;701;756;850;907,58;160;497;557;667;668;701;756,56;58;160;380;497;557;667;668;701;756;850;907,58;160;380;497;557;667;668;701;756,497;756;160;668;557;701,160;262;276;497;557;668;701;756;907;942,10,497;557;756;668;907;942;276;262;701,497;557;756;668;907;942;276;262;701
693,train,sem_0288,call:decl,para3,lex,She phone my mother.,498;850,66,400.0,368.0,834.0,229.0,574.0,284.0,881.0,125.0,133.0,755.0,257.0,368,400,66,631,257.0,229.0,834.0,125.0,391.0,599.0,739.0,701.0,631,257.0,368.0,834.0,229.0,400.0,66.0,391.0,125.0,265.0,850.0,45.0,66;400;368;834;229;574;284;881;125;133;755;257,368;400;66;631;257;229;834;125;391;599;739;701,631;257;368;834;229;400;66;391;125;265;850;45,66;125;229;257;368;391;400;631;834,9,66;125;229;257;368;400;834,7,20,4,66;400;368;834;284;229;574;881;133;125;755;257,66;229;257;368;400;631;834;125;391;45;58;133,368;400;66;631;257;229;834;125;391;739;328;285,66;125;133;229;257;368;391;400;631;834,66;125;229;257;368;400;834,66;125;133;229;257;368;391;400;498;631;834;850,66;125;229;257;368;400;498;834;850,257;834;631;125;368;391;229;66;370;400;45;328;284;291;285,45;58;66;125;229;257;284;285;291;328;368;370;391;400;631;834;964,17,257;125;834;631;391;400;66;370;368;229;964;284;45;58,257;125;834;631;391;400;66;370;368;229;964;284;45;58
694,train,sem_seed_eat_wh_where,eat:wh_where,singleton,single-seed,Where do We eat?,,280,402.0,993.0,162.0,894.0,946.0,232.0,,,,,,280,402,894,143,796.0,310.0,232.0,425.0,13.0,993.0,162.0,946.0,402,280.0,122.0,575.0,622.0,675.0,593.0,946.0,894.0,323.0,796.0,425.0,280;402;993;162;894;946;232,280;402;894;143;796;310;232;425;13;993;162;946,402;280;122;575;622;675;593;946;894;323;796;425,162;232;280;402;425;796;894;946;993,9,280;402;894;946,4,16,4,280;402,280;402;122;13;47;86;143;162;177;204;232;310,402;280;796;425;575;310;232;162;143;894;993;13,13;143;162;232;280;310;402,280;402,13;143;162;232;280;310;402,280;402,,,0,,
695,train,sem_0281,social:decl,para3,lex,We help a novel.,470;679,34,190.0,399.0,674.0,659.0,,,,,,,,34,399,674,226,587.0,702.0,1.0,598.0,659.0,190.0,62.0,872.0,702,226.0,587.0,34.0,598.0,1.0,399.0,674.0,712.0,333.0,808.0,348.0,34;190;399;674;659,34;399;674;226;587;702;1;598;659;190;62;872,702;226;587;34;598;1;399;674;712;333;808;348,1;34;190;226;399;587;598;659;674;702,10,34;399;674,3,16,4,34;190;399;674;659,34;226;587;702;1;399;598;674;5;52;85;90,34;674;399;226;587;702;1;598;659;190;62;676,1;34;190;226;399;587;598;659;674;702,34;399;674,1;34;190;226;399;470;587;598;659;674;679;702,34;399;470;674;679,,,0,,
696,train,sem_single_0919,pref:past_cont,singleton,single,You were preferring a sandwich.,,393,366.0,944.0,495.0,138.0,785.0,500.0,,,,,,114,163,996,646,80.0,960.0,763.0,908.0,366.0,317.0,909.0,785.0,646,80.0,960.0,763.0,908.0,317.0,366.0,785.0,,,,,393;366;944;495;138;785;500,114;163;996;646;80;960;763;908;366;317;909;785,646;80;960;763;908;317;366;785,80;317;366;646;763;785;908;960,8,366;785,2,30,5,393;944;495;138;366,80;646;317;366;763;908;960;785,114;646;80;996;163;909;366;317;908;763;960;785,80;317;366;646;763;785;908;960,366,80;317;366;646;763;785;908;960,366,,138;393;495;525;785;944,6,944;393;138;495;785;525,944;393;138;495;785;525
697,train,sem_0106,social:decl,para3,lex,They make a computer.,293;561,706,566.0,772.0,933.0,481.0,334.0,959.0,365.0,137.0,601.0,569.0,845.0,933,33,706,772,822.0,365.0,421.0,137.0,163.0,371.0,661.0,49.0,706,33.0,772.0,933.0,137.0,163.0,421.0,365.0,822.0,985.0,677.0,98.0,706;566;772;933;481;334;959;365;137;601;569;845,933;33;706;772;822;365;421;137;163;371;661;49,706;33;772;933;137;163;421;365;822;985;677;98,33;137;163;365;421;706;772;822;933,9,137;365;706;772;933,5,21,4,706;566;772;933;334;959;481;569;601;365;845;421,33;706;772;933;137;163;365;421;822;985;38;43,33;933;822;706;772;661;49;371;421;163;137;365,33;137;163;365;421;706;772;822;933,365;421;706;772;933,33;137;163;293;365;421;561;706;772;822;933,293;365;421;561;706;772;933,,772,1,772,772
698,train,sem_seed_pref_perfect_pr,pref:perfect_pr,singleton,single-seed,She has liked a movie.,,430,525.0,135.0,778.0,375.0,,,,,,,,430,660,525,243,401.0,125.0,478.0,220.0,637.0,768.0,861.0,603.0,768,220.0,861.0,603.0,637.0,430.0,272.0,423.0,145.0,660.0,376.0,745.0,430;525;135;778;375,430;660;525;243;401;125;478;220;637;768;861;603,768;220;861;603;637;430;272;423;145;660;376;745,220;430;525;603;637;660;768;861,8,430,1,23,5,135;430;375;778;525,220;430;603;637;768;861;145;272;423;660;376;427,430;660;525;401;243;125;861;603;637;768;220;478,220;430;525;603;637;660;768;861,430,220;430;525;603;637;660;768;861,430,430;603,199;430;603;778,4,430;199;778;603,430;199;778;603
699,train,sem_0011,pref:decl,para4,lex,She like music.,180;530;827,443,101.0,199.0,,,,,,,,,,443,101,199,31,844.0,364.0,542.0,688.0,260.0,560.0,315.0,518.0,364,542.0,443.0,688.0,101.0,260.0,560.0,844.0,199.0,31.0,315.0,,443;101;199,443;101;199;31;844;364;542;688;260;560;315;518,364;542;443;688;101;260;560;844;199;31;315,31;101;199;260;315;364;443;542;560;688;844,11,101;199;443,3,15,3,443;101;199;867;278,101;364;443;542;688;31;199;260;560;844;315,101;443;688;542;364;199;31;844;560;260;315;518,31;101;199;260;315;364;443;542;560;688;844,101;199;443,31;101;180;199;260;315;364;443;530;542;560;688;827;844,101;180;199;443;530;827,101;443;688;180;364;542,101;180;316;364;443;542;688,7,101;316;443;688;542,101;316;443;688;542
700,train,sem_single_0928,acq:negative_simple,singleton,single,She does not pick a ticket.,,186,915.0,33.0,98.0,860.0,572.0,369.0,,,,,,297,369,860,441,223.0,691.0,903.0,969.0,249.0,283.0,831.0,219.0,297,860.0,369.0,441.0,559.0,219.0,903.0,969.0,223.0,691.0,,,186;915;33;98;860;572;369,297;369;860;441;223;691;903;969;249;283;831;219,297;860;369;441;559;219;903;969;223;691,219;223;297;369;441;691;860;903;969,9,369;860,2,27,6,186;33;915;98;572,297;369;860;219;441;559;223;903;969;691,441;369;297;860;223;691;969;903;249;283;831;33,33;223;297;369;441;691;860;903;969,,33;223;297;369;441;691;860;903;969,,,,0,,
701,train,sem_0035,call:decl,para4,lex,We text my mother.,469;574;755,58,599.0,367.0,403.0,692.0,850.0,319.0,756.0,56.0,964.0,631.0,66.0,599,58,403,319,692.0,367.0,66.0,160.0,497.0,850.0,756.0,56.0,66,58.0,692.0,599.0,367.0,497.0,160.0,403.0,265.0,693.0,285.0,370.0,58;599;367;403;692;850;319;756;56;964;631;66,599;58;403;319;692;367;66;160;497;850;756;56,66;58;692;599;367;497;160;403;265;693;285;370,56;58;66;160;319;367;403;497;599;692;756;850,12,58;66;367;403;599;692,6,18,4,58;599;367;403;692;850;319;756;56;370;964;631,58;66;367;599;692;160;403;497;56;257;265;285,599;58;692;66;367;403;319;850;756;56;160;497,56;58;66;160;319;367;403;497;599;692;756;850,56;58;367;403;599;692,56;58;66;160;319;367;403;469;497;574;599;692;755;756;850,56;58;367;403;469;574;599;692;755,367;599;66;58;692;850,58;66;285;367;368;400;599;692;739;850;964,11,367;599;66;58;964;368;400;285;739;692,367;599;66;58;964;368;400;285;739;692
702,train,sem_0074,learn:decl,para3,lex,We practice a novel.,859;865,321,333.0,502.0,543.0,752.0,187.0,28.0,537.0,91.0,269.0,24.0,340.0,333,321,91,695,226.0,587.0,598.0,1.0,502.0,752.0,543.0,28.0,587,695.0,226.0,321.0,333.0,1.0,598.0,618.0,684.0,679.0,814.0,644.0,321;333;502;543;752;187;28;537;91;269;24;340,333;321;91;695;226;587;598;1;502;752;543;28,587;695;226;321;333;1;598;618;684;679;814;644,1;28;91;226;321;333;502;543;587;598;695;752,12,321;333,2,20,4,321;333;502;543;752;187;28;537;91;24;269;340,226;321;333;587;695;1;598;5;34;52;85;90,333;321;695;226;587;543;502;752;598;1;91;187,1;91;187;226;321;333;502;543;587;598;695;752,321;333,1;91;187;226;321;333;502;543;587;598;695;752;859;865,321;333;859;865,333,321;333,2,333;321,333;321
703,train,sem_0034,pref:going_to,para4,tense,He is going to prefer lunch.,757;962;975,757,432.0,614.0,615.0,19.0,962.0,866.0,745.0,150.0,406.0,,,615,757,866,406,150.0,614.0,19.0,40.0,962.0,518.0,36.0,876.0,757,615.0,866.0,150.0,19.0,614.0,406.0,40.0,415.0,36.0,518.0,876.0,757;432;614;615;19;962;866;745;150;406,615;757;866;406;150;614;19;40;962;518;36;876,757;615;866;150;19;614;406;40;415;36;518;876,19;36;40;150;406;518;614;615;757;866;876;962,12,19;150;406;614;615;757;866,7,28,6,757;432;614;962;615;36;19;866;518;150;745,615;757;19;150;406;614;866;40;36;415;518;876,757;615;40;406;614;150;866;19;432;962;876;36,19;36;40;150;406;432;518;614;615;757;866;876;962,19;36;150;614;615;757;866,19;36;40;150;406;432;518;614;615;757;866;876;962;975,19;36;150;614;615;757;866;962;975,757,432;757,2,757;432,757;432
704,train,sem_0043,learn:past_simple,para4,tense,I reviewed a book.,333;477;926,477,926.0,859.0,629.0,5.0,413.0,360.0,,,,,,939,394,477,360,4.0,733.0,290.0,28.0,926.0,96.0,222.0,,394,360.0,4.0,477.0,939.0,926.0,733.0,290.0,28.0,222.0,96.0,915.0,477;926;859;629;5;413;360,939;394;477;360;4;733;290;28;926;96;222,394;360;4;477;939;926;733;290;28;222;96;915,4;28;96;222;290;360;394;477;733;926;939,11,360;477;926,3,18,4,477;859;629;926;413;5;360;877;460,4;360;394;477;939;28;290;733;926;96;222;8,4;477;394;360;939;926;290;733;28;96;222;413,4;28;96;222;290;360;394;413;477;733;926;939,360;477;926,4;28;96;222;290;333;360;394;413;477;733;926;939,333;360;477;926,477;96;85;859;926;413;360;629;626;587,85;96;360;413;477;587;626;629;859;926,10,477;96;85;626;859;413;926;587,477;96;85;626;859;413;926;587
705,train,sem_0124,eat:decl,para3,lex,We have pizza.,55;177,218,102.0,869.0,463.0,529.0,252.0,75.0,658.0,804.0,92.0,51.0,335.0,529,102,218,869,463.0,252.0,120.0,75.0,804.0,92.0,658.0,501.0,501,533.0,869.0,463.0,879.0,218.0,529.0,102.0,671.0,252.0,75.0,120.0,218;102;869;463;529;252;75;658;804;92;51;335,529;102;218;869;463;252;120;75;804;92;658;501,501;533;869;463;879;218;529;102;671;252;75;120,75;92;102;120;218;252;463;501;529;658;804;869,12,75;102;218;252;463;529;869,7,14,3,218;102;869;463;529;252;658;75;804;92;335;120,102;218;463;501;529;533;671;869;879;75;118;120,463;869;218;102;529;252;75;120;671;501;879;533,75;102;120;218;252;463;501;529;533;671;869;879,75;102;120;218;463;529;869,55;75;102;120;177;218;252;463;501;529;533;671;869;879,55;75;102;120;177;218;463;529;869,869;529;501;463;671;120;51;335;675;431;707;774,51;102;120;218;252;335;344;349;411;431;436;463;501;503;529;565;671;675;707;774;804;869,22,869;463;671;102;529;501;218;120;707;431;252;436;349;804;503;51;565;344;411,869;463;671;102;529;501;218;120;707;431;252;436;349;804;503;51;565;344;411
706,train,sem_0122,social:decl,para3,base,They use a computer.,421;582,566,421.0,845.0,720.0,697.0,772.0,481.0,334.0,959.0,365.0,137.0,601.0,421,566,845,720,697.0,772.0,901.0,163.0,365.0,137.0,740.0,985.0,421,566.0,697.0,772.0,901.0,365.0,163.0,845.0,720.0,137.0,985.0,930.0,566;421;845;720;697;772;481;334;959;365;137;601,421;566;845;720;697;772;901;163;365;137;740;985,421;566;697;772;901;365;163;845;720;137;985;930,137;163;365;421;566;697;720;772;845;901;985,11,137;365;421;566;697;720;772;845,8,20,4,566;421;845;720;697;772;334;959;481;569;601;365,421;566;697;772;137;163;365;720;845;901;985;33,421;566;720;845;772;697;901;163;137;365;740;985,137;163;365;421;566;697;720;772;845;901;985,365;421;566;697;720;772;845,137;163;365;421;566;582;697;720;772;845;901;985,365;421;566;582;697;720;772;845,566;421,421;566;772,3,566;772,566;772
707,train,sem_0000,eat:decl,para4,lex,You eat pizza.,80;763;960,436,932.0,349.0,309.0,571.0,680.0,868.0,887.0,,,,,932,436,349,680,571.0,309.0,463.0,344.0,75.0,785.0,974.0,839.0,344,436.0,309.0,463.0,932.0,75.0,349.0,,,,,,436;932;349;309;571;680;868;887,932;436;349;680;571;309;463;344;75;785;974;839,344;436;309;463;932;75;349,75;309;344;349;436;463;571;680;932,9,309;349;436;932,4,14,3,436;932;349;309;571;680;868,309;344;436;463;932;75;349,932;436;349;309;463;344;680;571;75;570;974;839,75;309;344;349;436;463;571;680;932,309;349;436;932,75;80;309;344;349;436;463;571;680;763;932;960,80;309;349;436;763;932;960,463;436;344;335;774;75;869;501;705;565,37;50;75;335;344;349;436;463;501;503;529;565;671;685;705;774;869;932,18,463;436;344;932;705;869;349;501;671;565;335;503;75;37;50;685;774;529,463;436;344;932;705;869;349;501;671;565;335;503;75;37;50;685;774;529
708,train,sem_seed_watch_wh_when,watch:wh_when,singleton,single-seed,When does She see?,,169,174.0,844.0,95.0,736.0,32.0,621.0,39.0,938.0,126.0,748.0,154.0,844,169,174,219,126.0,95.0,32.0,154.0,621.0,63.0,39.0,736.0,169,174.0,844.0,219.0,39.0,63.0,736.0,95.0,621.0,126.0,32.0,938.0,169;174;844;95;736;32;621;39;938;126;748;154,844;169;174;219;126;95;32;154;621;63;39;736,169;174;844;219;39;63;736;95;621;126;32;938,32;39;63;95;126;154;169;174;219;621;736;844;938,13,32;39;95;126;169;174;621;736;844,9,18,4,169;844;174;95;621;736;32;39;154;938;126,169;174;844;219;32;39;63;95;126;154;609;621,169;174;844;219;621;95;154;126;32;63;39;938,32;39;63;95;126;154;169;174;219;621;844;938,32;39;95;126;154;169;174;621;844,32;39;63;95;126;154;169;174;219;621;844;938,32;39;95;126;154;169;174;621;844,169;844,169;844,2,169,169
709,train,sem_0002,call:decl,para4,base,He call my teacher.,308;356;547,276,60.0,358.0,514.0,907.0,308.0,288.0,547.0,434.0,370.0,45.0,756.0,514,308,60,276,358.0,907.0,434.0,288.0,370.0,756.0,547.0,557.0,514,547.0,276.0,60.0,756.0,370.0,358.0,308.0,907.0,557.0,434.0,288.0,276;60;358;514;907;308;288;547;434;370;45;756,514;308;60;276;358;907;434;288;370;756;547;557,514;547;276;60;756;370;358;308;907;557;434;288,60;276;288;308;358;370;434;514;547;557;756;907,12,60;276;288;308;358;370;434;514;547;756;907,11,19,4,276;60;358;308;514;907;288;547;434;370;45;257,514;60;276;358;370;547;756;308;557;907;288;434,514;358;60;276;308;907;370;756;547;288;434;557,60;276;288;308;358;370;434;514;547;557;756;907,60;276;288;308;358;370;434;514;547;907,60;276;288;308;356;358;370;434;514;547;557;756;907,60;276;288;308;356;358;370;434;514;547;907,547;60;358;514;276;927;308;229;262;756;907;370;202;773,60;202;229;262;276;308;358;370;434;514;547;756;773;907;927,15,547;276;907;229;60;262;434;756;370;358,547;276;907;229;60;262;434;756;370;358
710,train,sem_single_0948,pref:because_cause,singleton,single,"I love pizza, because it is warm.",,482,206.0,279.0,988.0,329.0,795.0,510.0,799.0,924.0,912.0,564.0,6.0,482,279,329,924,6.0,988.0,347.0,510.0,130.0,564.0,584.0,206.0,482,279.0,990.0,329.0,680.0,571.0,924.0,6.0,510.0,206.0,130.0,347.0,482;206;279;988;329;795;510;799;924;912;564;6,482;279;329;924;6;988;347;510;130;564;584;206,482;279;990;329;680;571;924;6;510;206;130;347,6;130;206;279;329;347;482;510;564;924;988,11,6;206;279;329;482;510;924,7,33,7,279;329;206;482;564;924;988;510;779;795;912;584,482;279;6;329;571;680;924;990;130;206;319;347,482;279;6;329;924;571;680;564;584;510;130;347,6;130;206;279;329;347;482;510;564;571;584;680;924,279;329;482;924,6;130;206;279;329;347;482;510;564;571;584;680;924,279;329;482;924,,,0,,
711,train,sem_0173,acq:decl,para3,lex,They purchase a book.,90;303,43,749.0,577.0,969.0,230.0,241.0,170.0,248.0,735.0,578.0,503.0,652.0,969,749,43,577,281.0,951.0,230.0,170.0,241.0,248.0,735.0,388.0,43,281.0,749.0,969.0,577.0,951.0,697.0,592.0,943.0,293.0,952.0,330.0,43;749;577;969;230;241;170;248;735;578;503;652,969;749;43;577;281;951;230;170;241;248;735;388,43;281;749;969;577;951;697;592;943;293;952;330,43;170;230;241;248;281;577;735;749;951;969,11,43;577;749;969,4,21,4,43;749;577;969;230;241;170;248;735;578;503;509,43;281;749;969;577;4;8;33;74;90;98;99,43;749;969;577;281;248;241;230;735;170;652;503,43;170;230;241;248;281;503;577;735;749;969,43;577;749;969,43;90;170;230;241;248;281;303;503;577;735;749;969,43;90;303;577;749;969,241,241;969,2,969;241,969;241
712,train,sem_0286,learn:decl,para3,base,They read a novel.,281;979,167,226.0,949.0,992.0,979.0,826.0,660.0,474.0,965.0,339.0,360.0,496.0,979,167,226,949,992.0,660.0,965.0,474.0,826.0,895.0,339.0,90.0,167,826.0,992.0,90.0,949.0,226.0,979.0,895.0,303.0,660.0,339.0,161.0,167;226;949;992;979;826;660;474;965;339;360;496,979;167;226;949;992;660;965;474;826;895;339;90,167;826;992;90;949;226;979;895;303;660;339;161,90;167;226;339;474;660;826;895;949;965;979;992,12,167;226;339;660;826;949;979;992,8,18,4,167;226;949;992;979;826;660;474;965;339;775;877,90;167;226;826;949;992;979;303;660;895;339;161,992;167;226;949;979;660;826;339;474;965;895;90,90;167;226;339;474;660;826;895;949;965;979;992,167;226;339;660;826;949;979;992,90;167;226;281;339;474;660;826;895;949;965;979;992,167;226;281;339;660;826;949;979;992,226;992;949;167;90;660;460,90;167;226;460;660;949;992,7,226;949;167;992;660;90,226;949;167;992;660;90
713,train,sem_0270,watch:decl,para3,base,You observe a movie.,,490,991.0,861.0,982.0,558.0,536.0,390.0,935.0,54.0,112.0,719.0,524.0,490,991,861,982,536.0,54.0,112.0,558.0,935.0,390.0,931.0,857.0,861,991.0,375.0,558.0,151.0,778.0,390.0,419.0,490.0,935.0,824.0,54.0,490;991;861;982;558;536;390;935;54;112;719;524,490;991;861;982;536;54;112;558;935;390;931;857,861;991;375;558;151;778;390;419;490;935;824;54,54;112;390;490;536;558;861;935;982;991,10,54;390;490;558;861;935;991,7,20,4,490;991;861;558;536;390;935;982;112;54;719;524,151;375;390;419;490;558;778;824;861;935;991;54,991;861;490;982;54;536;112;558;390;935;931;778,54;112;390;490;536;558;778;861;935;982;991,54;390;490;558;861;935;991,54;112;390;490;536;558;778;861;935;982;991,54;390;490;558;861;935;991,935;490;419;484;151;536;931;982;991;861;54;390;792;857;852;778;633;811,54;151;390;419;484;490;536;633;778;792;811;852;857;861;931;935;982;991,18,935;490;419;151;931;536;484;390;991;792;861;982,935;490;419;151;931;536;484;390;991;792;861;982
714,train,sem_single_0976,call:negative_simple,singleton,single,You do not contact my mother.,,739,631.0,285.0,213.0,22.0,439.0,817.0,291.0,392.0,942.0,297.0,202.0,739,213,631,285,653.0,216.0,156.0,942.0,244.0,537.0,238.0,22.0,739,213.0,285.0,631.0,942.0,238.0,216.0,22.0,653.0,156.0,537.0,244.0,739;631;285;213;22;439;817;291;392;942;297;202,739;213;631;285;653;216;156;942;244;537;238;22,739;213;285;631;942;238;216;22;653;156;537;244,22;156;213;216;238;244;285;537;631;653;739;942,12,22;213;285;631;739;942,6,29,6,739;631;285;213;817;439;291;392;942;22;297;202,739;213;285;631;942;22;156;216;238;653;244;537,739;213;631;285;942;653;216;156;238;22;537;244,22;156;213;216;238;244;285;537;631;653;739;942,22;213;285;631;739;942,22;156;213;216;238;244;285;537;631;653;739;942,22;213;285;631;739;942,739;22;213,22;213;285;739,4,739;22;285;213,739;22;285;213
715,train,sem_0125,move:decl,para3,base,He walk to the town.,,936,828.0,813.0,591.0,300.0,173.0,753.0,973.0,840.0,71.0,415.0,608.0,71,936,828,813,415.0,840.0,544.0,753.0,300.0,591.0,914.0,182.0,828,936.0,71.0,813.0,415.0,300.0,352.0,642.0,556.0,753.0,973.0,998.0,936;828;813;591;300;173;753;973;840;71;415;608,71;936;828;813;415;840;544;753;300;591;914;182,828;936;71;813;415;300;352;642;556;753;973;998,71;300;415;591;753;813;828;840;936;973,10,71;300;415;753;813;828;936,7,20,5,936;828;813;591;300;753;840;415;608;173;352;544,71;828;936;415;813;17;256;286;292;300;352;544,936;828;71;813;415;300;544;753;591;840;182;914,71;300;352;415;544;591;753;813;828;840;936,300;415;544;813;828;936,71;300;352;415;544;591;753;813;828;840;936,300;415;544;813;828;936,415;936;71;828;173,17;71;173;286;415;556;642;828;936;973,10,936;556;828;415;17;642;173;286;973,936;556;828;415;17;642;173;286;973
716,train,sem_seed_move_decl,move:decl,singleton,single-seed,You come to home.,,87,583.0,968.0,195.0,842.0,608.0,313.0,468.0,,,,,87,842,583,115,723.0,357.0,649.0,313.0,195.0,468.0,968.0,29.0,842,583.0,87.0,115.0,723.0,313.0,165.0,195.0,968.0,649.0,468.0,357.0,87;583;968;195;842;608;313;468,87;842;583;115;723;357;649;313;195;468;968;29,842;583;87;115;723;313;165;195;968;649;468;357,87;115;195;313;357;468;583;649;723;842;968,11,87;195;313;468;583;842;968,7,17,4,87;583;842;195;608;313;468,842;87;583;115;723;165;195;313;468;649;968;357,87;842;583;723;115;649;968;195;468;313;165;2,87;115;165;195;313;468;583;649;723;842;968,87;195;313;468;583;842,87;115;165;195;313;468;583;649;723;842;968,87;195;313;468;583;842,165;723;842;87;554;968;874,87;165;554;723;842;874;968,7,723,723
717,train,sem_0129,move:decl,para3,base,You visit at the station.,107;583,467,662.0,830.0,107.0,553.0,729.0,642.0,378.0,863.0,928.0,140.0,327.0,107,830,662,467,553.0,729.0,863.0,378.0,146.0,642.0,928.0,246.0,107,830.0,863.0,467.0,662.0,553.0,729.0,93.0,378.0,928.0,853.0,140.0,467;662;830;107;553;729;642;378;863;928;140;327,107;830;662;467;553;729;863;378;146;642;928;246,107;830;863;467;662;553;729;93;378;928;853;140,107;140;378;467;553;642;662;729;830;863;928,11,107;378;467;553;662;729;830;863;928,9,25,5,662;467;830;553;107;729;642;378;863;928;140;583,107;467;553;662;830;863;729;93;140;146;246;378,107;467;830;662;553;863;729;146;378;642;246;928,107;140;146;246;378;467;553;642;662;729;830;863;928,107;378;467;553;662;729;830;863,107;140;146;246;378;467;553;583;642;662;729;830;863;928,107;378;467;553;583;662;729;830;863,107;467;830;583;662,29;107;287;292;322;467;549;583;662;730;830;863;998,13,467;107;662;583;830;730;549;863;998;292;287;29;322,467;107;662;583;830;730;549;863;998;292;287;29;322
718,train,sem_0047,move:future_will,para4,tense,You will jog to the station.,665;853;863,948,853.0,665.0,583.0,292.0,29.0,730.0,769.0,753.0,803.0,89.0,998.0,853,665,948,583,115.0,23.0,669.0,352.0,286.0,429.0,535.0,998.0,853,665.0,583.0,948.0,115.0,549.0,322.0,352.0,998.0,973.0,292.0,544.0,948;853;665;583;292;29;730;769;753;803;89;998,853;665;948;583;115;23;669;352;286;429;535;998,853;665;583;948;115;549;322;352;998;973;292;544,115;292;352;583;665;853;948;998,8,583;665;853;948;998,5,28,6,948;853;665;583;292;29;730;769;753;803;998;549,853;665;583;948;115;23;29;107;209;286;287;292,853;665;948;583;115;23;352;669;286;429;535;292,23;29;115;286;292;583;665;853;948,292;583;665;853;948,23;29;115;286;292;583;665;853;863;948,292;583;665;853;863;948,853;665;948,385;665;769;803;853;948,6,853;948;665;385;769;803,853;948;665;385;769;803
719,train,sem_0059,watch:decl,para3,lex,He observe a game.,159;552,524,742.0,558.0,891.0,991.0,418.0,792.0,861.0,458.0,200.0,112.0,490.0,891,524,558,742,458.0,418.0,991.0,792.0,112.0,150.0,159.0,462.0,891,524.0,418.0,462.0,159.0,558.0,742.0,792.0,991.0,552.0,112.0,150.0,524;742;558;891;991;418;792;861;458;200;112;490,891;524;558;742;458;418;991;792;112;150;159;462,891;524;418;462;159;558;742;792;991;552;112;150,112;150;159;418;458;462;524;558;742;792;891;991,12,112;418;524;558;742;792;891;991,8,18,4,524;558;742;891;991;418;792;861;458;112;490;713,891;159;418;462;524;558;742;792;991;112;552;150,891;524;742;558;991;418;792;112;458;462;159;552,112;159;418;458;462;524;552;558;742;792;891;991,112;418;524;558;742;792;891;991,112;159;418;458;462;524;552;558;742;792;891;991,112;159;418;524;552;558;742;792;891;991,159;524;558;418;552;891;991;792;925;742,159;200;418;458;524;552;558;648;742;792;891;925;991,13,524;558;159;648;458;552;200,524;558;159;648;458;552;200
720,train,sem_seed_social_front_time,social:front_time,singleton,single-seed,"Today, You use a computer.",,217,566.0,706.0,845.0,421.0,481.0,697.0,334.0,959.0,772.0,273.0,601.0,217,566,706,845,421.0,273.0,506.0,459.0,214.0,981.0,471.0,645.0,217,706.0,273.0,566.0,845.0,506.0,421.0,459.0,,,,,217;566;706;845;421;481;697;334;959;772;273;601,217;566;706;845;421;273;506;459;214;981;471;645,217;706;273;566;845;506;421;459,217;273;421;459;506;566;706;845,8,217;273;421;566;706;845,6,26,5,217;566;706;421;845;697;334;481;959;772;569;273,217;273;566;706;421;459;506;845,217;706;566;421;845;273;459;506;471;645;214;981,217;273;421;459;506;566;706;845,217;273;421;566;706;845,217;273;421;459;506;566;706;845,217;273;421;566;706;845,845,217;421;845,3,845;217;421,845;217;421
721,train,sem_0040,call:front_place,para4,order,"in the cafe, She call my father.",45;605;631,45,129.0,605.0,127.0,308.0,288.0,532.0,257.0,370.0,709.0,79.0,964.0,45,498,605,288,308.0,129.0,532.0,127.0,196.0,79.0,257.0,130.0,45,498.0,605.0,532.0,129.0,288.0,196.0,308.0,850.0,834.0,257.0,291.0,45;129;605;127;308;288;532;257;370;709;79;964,45;498;605;288;308;129;532;127;196;79;257;130,45;498;605;532;129;288;196;308;850;834;257;291,45;79;127;129;196;257;288;308;498;532;605,11,45;129;257;288;308;532;605,7,32,7,45;129;605;308;127;532;288;257;370;709;79;523,45;498;605;129;532;196;288;308;127;257;291;834,45;605;498;127;129;308;288;532;196;257;834;850,45;127;129;196;257;288;308;498;532;605;834,45;127;129;257;288;308;532;605,45;127;129;196;257;288;308;498;532;605;631;834,45;127;129;257;288;308;532;605;631,45;129;308,45;129;308,3,308,308
722,train,sem_0201,watch:modal_can,para3,tense,They can watch a movie.,259;633,633,419.0,734.0,896.0,444.0,681.0,925.0,159.0,747.0,644.0,185.0,,633,444,419,734,896.0,747.0,536.0,681.0,331.0,895.0,590.0,303.0,633,444.0,897.0,185.0,681.0,419.0,895.0,181.0,72.0,303.0,734.0,747.0,633;419;734;896;444;681;925;159;747;644;185,633;444;419;734;896;747;536;681;331;895;590;303,633;444;897;185;681;419;895;181;72;303;734;747,185;303;419;444;633;681;734;747;895;896,10,419;444;633;681;734;747,6,23,5,633;419;734;896;444;681;925;159;644,633;444;185;419;681;897;72;181;303;536;590;734,633;444;419;734;896;681;747;536;331;897;185;590,185;419;444;536;590;633;681;734;896;897,419;444;633;681;734,185;259;419;444;536;590;633;681;734;896;897,259;419;444;633;681;734,444;633,419;444;633;897,4,444;633;419;897,444;633;419;897
723,train,sem_seed_move_going_to,move:going_to,singleton,single-seed,You are going to go to home.,,526,531.0,46.0,615.0,656.0,806.0,905.0,434.0,505.0,804.0,947.0,823.0,526,947,905,656,806.0,46.0,434.0,531.0,615.0,973.0,381.0,42.0,947,656.0,905.0,46.0,806.0,526.0,531.0,434.0,842.0,716.0,973.0,42.0,526;531;46;615;656;806;905;434;505;804;947;823,526;947;905;656;806;46;434;531;615;973;381;42,947;656;905;46;806;526;531;434;842;716;973;42,42;46;434;526;531;615;656;806;905;947;973,11,46;434;526;531;656;806;905;947,8,28,7,526;46;615;531;656;806;905;505;434;947;804;823,656;905;947;46;434;526;531;806;716;842;973;42,526;947;905;656;434;531;46;806;973;615;716;842,46;434;526;531;615;656;716;806;842;905;947;973,46;434;526;531;656;806;905;947,46;434;526;531;615;656;716;806;842;905;947;973,46;434;526;531;656;806;905;947,716;968;165,165;716;968,3,716,716
724,train,sem_seed_acq_perfect_pr,acq:perfect_pr,singleton,single-seed,He has purchased pizza.,,503,41.0,577.0,218.0,230.0,241.0,652.0,170.0,248.0,,,,41,437,910,89,218.0,887.0,868.0,658.0,243.0,401.0,571.0,660.0,41,868.0,218.0,887.0,437.0,,,,,,,,503;41;577;218;230;241;652;170;248,41;437;910;89;218;887;868;658;243;401;571;660,41;868;218;887;437,41;218;437;868;887,5,41;218,2,23,4,503;577;41,41;218;868;887;437,41;437;910;218;868;887;89;401;243;658;660;698,41;218;437;868;887,41,41;218;437;868;887,41,41;577;120;868;503,41;120;218;503;577;868;921,7,41;868;577;120;218;503;921,41;868;577;120;218;503;921
725,train,sem_seed_pref_wh_when,pref:wh_when,singleton,single-seed,When do I prefer?,,886,324.0,373.0,86.0,,,,,,,,,886,373,324,843,816.0,204.0,97.0,35.0,331.0,970.0,86.0,138.0,324,373.0,886.0,337.0,843.0,271.0,894.0,310.0,970.0,638.0,232.0,254.0,886;324;373;86,886;373;324;843;816;204;97;35;331;970;86;138,324;373;886;337;843;271;894;310;970;638;232;254,86;324;373;843;886;970,6,324;373;886,3,17,4,886;324;86;373,324;373;886;337;13;35;78;86;97;189;204;232,886;373;324;204;970;816;35;843;331;97;86;337,35;86;97;204;324;337;373;886,86;324;373;886,35;86;97;204;324;337;373;886,86;324;373;886,,,0,,
726,train,sem_single_0947,play:front_place,singleton,single,"in home, We play a song.",,892,984.0,139.0,473.0,124.0,470.0,134.0,550.0,267.0,270.0,851.0,808.0,523,270,470,892,550.0,111.0,134.0,984.0,139.0,473.0,124.0,302.0,892,550.0,470.0,270.0,111.0,523.0,139.0,398.0,781.0,984.0,134.0,124.0,892;984;139;473;124;470;134;550;267;270;851;808,523;270;470;892;550;111;134;984;139;473;124;302,892;550;470;270;111;523;139;398;781;984;134;124,111;124;134;139;270;470;473;523;550;892;984,11,124;134;139;270;470;550;892;984,8,24,6,892;984;139;473;124;470;134;550;270;851;267;808,892;550;470;111;270;523;124;134;139;168;348;398,892;470;550;270;523;984;473;139;134;124;111;412,111;124;134;139;270;470;473;523;550;892;984,124;134;139;270;470;550;892,111;124;134;139;270;470;473;523;550;892;984,124;134;139;270;470;550;892,892;550,550;892,2,,
727,train,sem_0202,drink:front_time,para3,order,"Now, She sip juice.",546;767,767,306.0,654.0,225.0,607.0,149.0,227.0,807.0,905.0,,,,225,767,607,149,306.0,654.0,332.0,194.0,227.0,905.0,807.0,913.0,767,225.0,149.0,306.0,929.0,913.0,607.0,654.0,243.0,31.0,260.0,332.0,767;306;654;225;607;149;227;807;905,225;767;607;149;306;654;332;194;227;905;807;913,767;225;149;306;929;913;607;654;243;31;260;332,149;225;227;306;332;607;654;767;807;905;913,11,149;225;306;607;654;767,6,19,4,767;306;654;225;607;149;227;807;905,767;225;149;306;607;654;913;929;31;194;243;260,225;767;654;607;149;306;332;194;227;913;929;807,149;194;225;227;306;607;654;767;807;913;929,149;225;306;607;654;767,149;194;225;227;306;546;607;654;767;807;913;929,149;225;306;546;607;654;767,767;913;225,225;767;913,3,767;225;913,767;225;913
728,train,sem_0016,pref:decl,para4,base,We love juice.,296;640;812,640,486.0,296.0,610.0,833.0,31.0,132.0,342.0,306.0,409.0,,,640,116,306,342,409.0,132.0,610.0,909.0,452.0,296.0,675.0,833.0,132,306.0,640.0,610.0,342.0,409.0,116.0,833.0,452.0,909.0,296.0,675.0,640;486;296;610;833;31;132;342;306;409,640;116;306;342;409;132;610;909;452;296;675;833,132;306;640;610;342;409;116;833;452;909;296;675,116;132;296;306;342;409;452;610;640;675;833;909,12,132;296;306;342;409;610;640;833,8,14,3,640;486;296;833;610;132;306;409;31,116;132;306;342;409;610;640;296;452;675;833;909,640;306;342;116;610;132;409;452;296;909;675;833,116;132;296;306;342;409;452;610;640;675;833;909,132;296;306;409;610;640;833,116;132;296;306;342;409;452;610;640;675;812;833;909,132;296;306;409;610;640;812;833,116;296;516;306;640;342;452,31;104;116;296;306;332;342;452;487;516;640,11,116;296;452;516;342;306;104;487;332;31,116;296;452;516;342;306;104;487;332;31
729,train,sem_0142,move:front_time,para3,order,"Now, You visit at the cafe.",165;553,553,378.0,717.0,642.0,107.0,467.0,327.0,662.0,928.0,146.0,830.0,,553,146,378,717,107.0,521.0,93.0,404.0,467.0,830.0,928.0,662.0,553,378.0,107.0,93.0,717.0,146.0,521.0,404.0,467.0,830.0,863.0,928.0,553;378;717;642;107;467;327;662;928;146;830,553;146;378;717;107;521;93;404;467;830;928;662,553;378;107;93;717;146;521;404;467;830;863;928,93;107;146;378;404;467;521;553;662;717;830;928,12,107;146;378;467;553;717;830;928,8,27,6,553;378;717;642;662;467;107;928;830;146;327,553;93;107;146;378;521;717;404;246;338;467;642,553;378;146;107;717;521;93;404;928;467;246;830,93;107;146;246;378;404;467;521;553;642;717;830;928,107;146;378;467;553;717,93;107;146;165;246;378;404;467;521;553;642;717;830;928,107;146;165;378;467;553;717,553;146;378,93;146;378;404;521;553,6,553;378;521;93;146;404,553;378;521;93;146;404
730,train,sem_0036,move:decl,para4,base,They go to the station.,287;526;670,670,526.0,948.0,292.0,29.0,769.0,803.0,753.0,583.0,287.0,89.0,853.0,670,526,287,783,973.0,29.0,769.0,753.0,583.0,322.0,998.0,292.0,670,526.0,287.0,783.0,769.0,29.0,322.0,803.0,830.0,549.0,583.0,744.0,670;526;948;292;29;769;803;753;583;287;89;853,670;526;287;783;973;29;769;753;583;322;998;292,670;526;287;783;769;29;322;803;830;549;583;744,29;287;292;322;526;583;670;753;769;783;803,11,29;287;526;583;670;769,6,23,5,670;526;292;948;29;769;753;583;287;803;998;853,670;526;287;29;140;292;304;322;549;583;744;753,670;526;287;973;783;573;549;583;322;292;753;769,29;287;292;322;526;549;583;670;753;769,287;292;526;583;670;753,29;287;292;322;526;549;583;670;753;769,287;292;526;583;670;753,287;526;140;670;549;830;583;744;148,29;140;148;287;292;322;397;467;526;549;583;662;670;717;744;803;830;998,18,526;287;140;549;830;998;670;322;292;717;583;29;803;662;397;467;744,526;287;140;549;830;998;670;322;292;717;583;29;803;662;397;467;744
731,train,sem_single_0918,drink:wh_what,singleton,single,What do You have?,,254,738.0,,,,,,,,,,,254,738,216,488,622.0,271.0,593.0,496.0,980.0,189.0,86.0,47.0,254,738.0,216.0,750.0,463.0,917.0,189.0,507.0,622.0,593.0,97.0,143.0,254;738,254;738;216;488;622;271;593;496;980;189;86;47,254;738;216;750;463;917;189;507;622;593;97;143,189;216;254;593;622;738,6,254;738,2,17,4,254;738,254;738;216;463;750;917;47;75;80;86;97;143,254;738;980;488;496;593;47;622;271;86;234;189,47;86;254;738,254;738,47;86;254;738,254;738,254,254,1,,
732,train,sem_0297,watch:decl,para3,base,He view a movie.,48;792,220,272.0,48.0,745.0,882.0,5.0,648.0,52.0,185.0,69.0,135.0,651.0,48,220,272,745,882.0,903.0,819.0,991.0,112.0,69.0,475.0,648.0,991,220.0,882.0,48.0,272.0,112.0,903.0,745.0,74.0,541.0,768.0,185.0,220;272;48;745;882;5;648;52;185;69;135;651,48;220;272;745;882;903;819;991;112;69;475;648,991;220;882;48;272;112;903;745;74;541;768;185,48;69;112;185;220;272;648;745;882;903;991,11,48;220;272;745;882,5,16,4,220;272;48;648;882;745;5;52;69;135;651;635,220;882;991;48;112;272;903;745;5;16;38;52,220;48;272;882;745;819;991;903;112;69;52;475,5;48;52;69;112;220;272;745;882;903;991,48;52;220;272;745;882,5;48;52;69;112;220;272;745;792;882;903;991,48;52;220;272;745;792;882,956;991;220;882;792;48;534;112,5;48;112;220;272;534;745;792;861;882;903;956;991,13,220;991;792;882;861;5;112;272;903;956;534;745;48,220;991;792;882;861;5;112;272;903;956;534;745;48
733,train,sem_0012,social:future_will,para4,tense,I will bring a book.,222;261;939,939,222.0,508.0,,,,,,,,,,939,222,508,312,967.0,373.0,572.0,982.0,626.0,477.0,704.0,360.0,939,704.0,394.0,4.0,360.0,222.0,477.0,626.0,572.0,926.0,508.0,290.0,939;222;508,939;222;508;312;967;373;572;982;626;477;704;360,939;704;394;4;360;222;477;626;572;926;508;290,222;360;477;508;572;626;704;939,8,222;508;939,3,20,5,939;222;508,939;4;222;360;394;477;704;28;290;508;572;626,939;222;312;508;373;967;4;394;477;360;704;982,4;222;360;394;477;508;704;939,222;508;939,4;222;261;360;394;477;508;704;939,222;261;508;939,939;222,222;939,2,939,939
734,train,sem_single_0978,watch:modal_can,singleton,single,We can watch a show.,,534,722.0,644.0,925.0,159.0,852.0,,,,,,,534,722,644,88,618.0,52.0,889.0,410.0,155.0,362.0,447.0,564.0,52,644.0,618.0,534.0,67.0,410.0,88.0,722.0,889.0,578.0,155.0,362.0,534;722;644;925;159;852,534;722;644;88;618;52;889;410;155;362;447;564,52;644;618;534;67;410;88;722;889;578;155;362,52;88;155;362;410;534;618;644;722;889,10,534;644;722,3,20,5,534;722;644;925;159;852;251,52;534;618;644;67;88;155;410;578;722;889;362,534;722;644;52;618;88;410;889;155;67;578;362,52;67;88;155;362;410;534;578;618;644;722;889,534;644;722,52;67;88;155;362;410;534;578;618;644;722;889,534;644;722,410;52;618,52;410;475;534;618,5,410;52;475;534,410;52;475;534
735,train,sem_0046,acq:decl,para4,lex,I purchase a sandwich.,120;491;565,749,363.0,230.0,241.0,503.0,170.0,248.0,711.0,578.0,500.0,118.0,910.0,749,363,230,241,81.0,503.0,525.0,108.0,500.0,617.0,798.0,624.0,108,241.0,500.0,617.0,624.0,749.0,408.0,798.0,230.0,525.0,100.0,171.0,749;363;230;241;503;170;248;711;578;500;118;910,749;363;230;241;81;503;525;108;500;617;798;624,108;241;500;617;624;749;408;798;230;525;100;171,108;230;241;363;500;503;525;617;624;749;798,11,230;241;500;749,4,22,4,749;363;230;241;503;170;711;248;578;118;43;818,108;230;241;408;500;525;617;624;749;798;100;171,749;241;230;503;363;408;798;500;525;108;624;617,108;230;241;363;408;500;503;525;617;624;749;798,230;241;749,108;120;230;241;363;408;491;500;503;525;565;617;624;749;798,120;230;241;491;565;749,624;749;108;408;500;646;503,100;108;177;366;408;500;503;624;646;749;798,11,624;749;108;646;500;177;798;408;366;100,624;749;108;646;500;177;798;408;366;100
736,train,sem_single_0923,drink:wh_where,singleton,single,Where does She have?,,169,39.0,609.0,559.0,708.0,844.0,174.0,819.0,916.0,938.0,748.0,,39,609,169,559,819.0,916.0,283.0,938.0,708.0,174.0,748.0,844.0,39,169.0,609.0,559.0,102.0,957.0,836.0,748.0,708.0,916.0,174.0,819.0,169;39;609;559;708;844;174;819;916;938;748,39;609;169;559;819;916;283;938;708;174;748;844,39;169;609;559;102;957;836;748;708;916;174;819,39;169;174;559;609;708;748;819;844;916;938,11,39;169;174;559;609;708;748;819;916,9,20,4,169;39;609;559;916;819;708;844;938;174,39;169;609;559;102;836;957;174;252;708;748;818,39;609;169;819;916;559;283;938;748;844;708;174,39;169;174;559;609;708;748;819;844;916;938,39;169;174;559;609;708,39;169;174;559;609;708;748;819;844;916;938,39;169;174;559;609;708,169;39,39;169,2,,
737,train,sem_0092,acq:decl,para3,base,She buy a novel.,361;592,361,637.0,348.0,417.0,336.0,231.0,541.0,949.0,,,,,361,637,423,949,336.0,321.0,515.0,510.0,519.0,660.0,650.0,474.0,361,515.0,949.0,637.0,321.0,336.0,660.0,519.0,423.0,650.0,474.0,777.0,361;637;348;417;336;231;541;949,361;637;423;949;336;321;515;510;519;660;650;474,361;515;949;637;321;336;660;519;423;650;474;777,321;336;361;423;474;515;519;637;650;660;949,11,336;361;637;949,4,16,4,361;637;417;348;336;231;541;949,361;321;336;515;637;949;423;519;660;650;474;777,361;637;423;515;949;321;336;660;519;650;417;131,321;336;361;417;423;515;519;637;650;660;949,336;361;637;949,321;336;361;417;423;515;519;592;637;650;660;949,336;361;592;637;949,361;336;592;949;515;637;241,241;336;361;515;592;637;660;949,8,361;241;949;660;336,361;241;949;660;336
738,train,sem_single_0995,acq:wh_what,singleton,single,What do You purchase?,,731,170.0,388.0,204.0,,,,,,,,,731,593,488,86,47.0,234.0,254.0,271.0,496.0,189.0,622.0,980.0,731,970.0,189.0,86.0,97.0,143.0,170.0,234.0,271.0,425.0,254.0,204.0,731;170;388;204,731;593;488;86;47;234;254;271;496;189;622;980,731;970;189;86;97;143;170;234;271;425;254;204,86;170;189;204;234;254;271;731,8,731,1,21,4,731;170;388;204,731;47;86;97;143;170;189;204;234;254;271;425,731;271;593;496;488;254;234;189;86;622;47;980,47;86;170;189;204;234;254;271;731,731,47;86;170;189;204;234;254;271;731,731,425,204;425,2,204;425,204;425
739,train,sem_0135,call:decl,para3,base,You contact my mother.,22;56,631,285.0,942.0,714.0,22.0,439.0,817.0,291.0,392.0,238.0,202.0,773.0,714,631,285,942,238.0,22.0,291.0,817.0,320.0,392.0,773.0,202.0,714,942.0,631.0,285.0,22.0,238.0,202.0,265.0,599.0,676.0,262.0,257.0,631;285;942;714;22;439;817;291;392;238;202;773,714;631;285;942;238;22;291;817;320;392;773;202,714;942;631;285;22;238;202;265;599;676;262;257,22;202;238;285;291;392;631;714;773;817;942,11,22;202;238;285;631;714;942,7,22,4,631;285;942;714;817;439;291;392;22;238;202;773,714;285;631;942;22;238;44;56;58;66;202;257,631;285;714;942;238;22;202;392;439;817;320;773,22;202;238;285;392;439;631;714;773;817;942,22;202;238;285;631;714;942,22;56;202;238;285;392;439;631;714;773;817;942,22;56;202;238;285;631;714;942,285;22;631;714;328;368;257;942;66;392;964,22;66;257;285;328;368;392;400;599;631;701;714;942;964,14,285;714;22;631;368;66;964;328;701;257;400;599,285;714;22;631;368;66;964;328;701;257;400;599
740,train,sem_0268,social:decl,para3,lex,They use my teacher.,62;659,927,229.0,60.0,667.0,262.0,44.0,692.0,276.0,756.0,709.0,773.0,282.0,927,60,773,203,668.0,706.0,358.0,202.0,692.0,667.0,547.0,756.0,927,773.0,60.0,203.0,668.0,368.0,709.0,692.0,599.0,127.0,667.0,44.0,927;229;60;667;262;44;692;276;756;709;773;282,927;60;773;203;668;706;358;202;692;667;547;756,927;773;60;203;668;368;709;692;599;127;667;44,44;60;203;667;668;692;709;756;773;927,10,60;667;692;773;927,5,20,4,927;229;60;667;262;756;709;692;276;773;668;358,60;773;927;203;668;44;127;133;202;229;262;265,927;60;773;668;203;706;276;667;358;692;709;282,60;203;229;262;276;358;667;668;692;709;773;927,60;668;773;927,60;62;203;229;262;276;358;659;667;668;692;709;773;927,60;62;659;668;773;927,60;667;927,60;667;927,3,60;667;927,60;667;927
741,train,sem_single_0921,acq:front_place,singleton,single,"in the park, They order a sandwich.",,604,354.0,624.0,14.0,646.0,620.0,317.0,985.0,10.0,908.0,393.0,,985,620,604,455,354.0,962.0,639.0,10.0,911.0,624.0,14.0,646.0,604,985.0,354.0,620.0,10.0,979.0,117.0,455.0,523.0,911.0,568.0,749.0,604;354;624;14;646;620;317;985;10;908;393,985;620;604;455;354;962;639;10;911;624;14;646,604;985;354;620;10;979;117;455;523;911;568;749,10;14;354;455;604;620;624;646;911;985,10,10;354;604;620;985,5,35,7,604;354;624;14;646;620;317;985;10;908;962;393,604;985;354;620;10;117;455;523;911;979;14;99,620;985;604;354;455;639;962;14;624;646;10;911,10;14;354;455;604;620;624;646;911;962;985,10;14;354;604;620;985,10;14;354;455;604;620;624;646;911;962;985,10;14;354;604;620;985,604;620,604;620,2,620;604,620;604
742,train,sem_single_0952,watch:imperative,singleton,single,Please observe a game.,,719,524.0,558.0,891.0,991.0,418.0,792.0,861.0,458.0,200.0,490.0,330.0,524,719,558,891,458.0,858.0,233.0,134.0,941.0,495.0,713.0,792.0,558,524.0,719.0,891.0,458.0,390.0,418.0,941.0,330.0,933.0,616.0,950.0,719;524;558;891;991;418;792;861;458;200;490;330,524;719;558;891;458;858;233;134;941;495;713;792,558;524;719;891;458;390;418;941;330;933;616;950,330;418;458;524;558;719;792;891;941,9,458;524;558;719;891,5,22,4,719;524;558;891;991;418;792;861;458;490;713;390,524;558;719;891;458;69;103;109;134;159;170;233,524;558;719;891;458;495;134;941;858;233;994;932,134;233;458;524;558;719;891,458;524;558;719;891,134;233;458;524;558;719;891,458;524;558;719;891,558;200;719,200;558;719,3,558,558
743,train,sem_0050,pref:front_time,para4,order,"Today, They like a show.",197;258;517,197,155.0,920.0,517.0,447.0,258.0,870.0,506.0,72.0,101.0,117.0,181.0,155,197,517,506,447.0,258.0,780.0,330.0,920.0,354.0,181.0,72.0,197,517.0,155.0,920.0,258.0,780.0,330.0,354.0,72.0,586.0,181.0,506.0,197;155;920;517;447;258;870;506;72;101;117;181,155;197;517;506;447;258;780;330;920;354;181;72,197;517;155;920;258;780;330;354;72;586;181;506,72;155;181;197;258;330;354;447;506;517;780;920,12,72;155;181;197;258;506;517;920,8,24,5,197;155;920;517;258;870;447;506;101;72;117,197;155;517;258;330;780;920;72;181;354;506;586,155;197;517;506;447;330;780;258;920;101;870;354,72;101;155;197;258;330;354;447;506;517;780;870;920,155;197;258;506;517;920,72;101;155;197;258;330;354;447;506;517;780;870;920,155;197;258;506;517;920,155;197;517;258,155;181;197;258;517,5,155;517;181,155;517;181
744,train,sem_0101,move:front_place,para3,order,"at the station, They arrive.",140;830,140,977.0,107.0,338.0,160.0,830.0,,,,,,,140,977,338,830,12.0,873.0,346.0,61.0,404.0,863.0,467.0,717.0,140,977.0,830.0,338.0,287.0,346.0,107.0,467.0,717.0,863.0,730.0,662.0,140;977;107;338;160;830,140;977;338;830;12;873;346;61;404;863;467;717,140;977;830;338;287;346;107;467;717;863;730;662,107;140;338;346;467;717;830;863;977,9,140;338;830;977,4,28,5,140;977;107;338;830;160,140;338;830;977;12;61;107;287;346;467;662;717,140;338;977;830;61;873;12;346;404;662;863;717,12;61;107;140;338;346;662;717;830;977,140;338;830;977,12;61;107;140;338;346;662;717;830;977,140;338;830;977,140;977;730;287;830;107,107;140;287;670;730;830;977,7,140;670;977;730,140;670;977;730
745,train,sem_0051,watch:going_to,para4,tense,She is going to view a movie.,63;220;272,427,220.0,732.0,518.0,272.0,36.0,531.0,876.0,615.0,397.0,19.0,866.0,427,220,272,36,518.0,876.0,397.0,531.0,732.0,614.0,150.0,406.0,427,220.0,272.0,876.0,36.0,518.0,397.0,531.0,866.0,614.0,150.0,406.0,427;220;732;518;272;36;531;876;615;397;19;866,427;220;272;36;518;876;397;531;732;614;150;406,427;220;272;876;36;518;397;531;866;614;150;406,36;150;220;272;397;406;427;518;531;614;732;866;876,13,36;220;272;397;427;518;531;876,8,29,7,427;732;220;518;272;36;615;531;19;866;876;48,427;220;272;36;518;876;19;150;397;406;531;614,427;220;272;876;518;36;397;732;615;531;150;866,19;36;150;220;272;397;427;518;531;615;732;866;876,36;220;272;427;518;531;876,19;36;63;150;220;272;397;427;518;531;615;732;866;876,36;63;220;272;427;518;531;876,220,219;220;531;603;732;861,6,220;861;603;531;219;732,220;861;603;531;219;732
746,train,sem_0041,social:decl,para4,lex,I make a game.,68;386;902,933,890.0,920.0,38.0,950.0,240.0,,,,,,,933,512,902,925,950.0,33.0,38.0,697.0,68.0,386.0,221.0,472.0,925,902.0,512.0,933.0,950.0,68.0,472.0,221.0,386.0,579.0,387.0,525.0,933;890;920;38;950;240,933;512;902;925;950;33;38;697;68;386;221;472,925;902;512;933;950;68;472;221;386;579;387;525,38;68;221;386;472;512;902;925;933;950,10,933;950,2,14,4,933;890;920;38;950,512;902;925;933;950;68;221;386;472;579;387;4,933;902;950;512;925;33;38;697;407;822;386;472,38;386;472;512;902;925;933;950,933;950,38;68;386;472;512;902;925;933;950,68;386;902;933;950,512;933,512;933,2,933,933
747,train,sem_0171,acq:modal_can,para3,tense,I can buy a movie.,230;651,651,637.0,423.0,536.0,444.0,185.0,510.0,722.0,,,,,651,536,637,423,444.0,722.0,510.0,253.0,171.0,13.0,490.0,811.0,651,536.0,490.0,637.0,54.0,423.0,171.0,811.0,896.0,982.0,722.0,444.0,651;637;423;536;444;185;510;722,651;536;637;423;444;722;510;253;171;13;490;811,651;536;490;637;54;423;171;811;896;982;722;444,171;423;444;490;510;536;637;651;722;811,10,423;444;536;637;651;722,6,18,5,651;637;423;536,651;536;490;637;54;171;423;444;722;811;896;982,651;536;637;423;444;722;253;13;490;510;171;663,171;423;444;490;536;637;651;722,423;536;637;651,171;230;423;444;490;536;637;651;722,230;423;536;637;651,651;230;81;131;185,81;131;185;230;423;637;651,7,651;81;230;423;637,651;81;230;423;637
748,train,sem_single_0930,social:wh_what,singleton,single,What does She meet?,,938,174.0,613.0,708.0,169.0,736.0,,,,,,,938,369,613,355,295.0,169.0,174.0,844.0,736.0,708.0,609.0,39.0,938,369.0,613.0,609.0,708.0,174.0,169.0,844.0,355.0,39.0,736.0,,938;174;613;708;169;736,938;369;613;355;295;169;174;844;736;708;609;39,938;369;613;609;708;174;169;844;355;39;736,39;169;174;355;369;609;613;708;736;844;938,11,169;174;613;708;736;938,6,19,4,938;613,938;369;39;169;174;355;609;613;708;736;844,938;369;613;355;295;708;169;609;844;736;39;174,39;169;174;355;369;609;613;708;736;844;938,613;938,39;169;174;355;369;609;613;708;736;844;938,613;938,,,0,,
749,train,sem_0186,acq:decl,para3,lex,They purchase a sandwich.,50;628,735,711.0,43.0,363.0,577.0,230.0,241.0,170.0,248.0,678.0,578.0,500.0,735,363,43,711,577.0,604.0,99.0,678.0,677.0,568.0,414.0,354.0,711,568.0,43.0,604.0,99.0,735.0,677.0,678.0,354.0,414.0,363.0,577.0,735;711;43;363;577;230;241;170;248;678;578;500,735;363;43;711;577;604;99;678;677;568;414;354,711;568;43;604;99;735;677;678;354;414;363;577,43;99;354;363;414;568;577;604;677;678;711;735,12,43;363;577;678;711;735,6,25,4,735;711;43;363;577;230;241;170;678;248;578;118,43;99;568;604;677;678;711;735;354;414;363;577,735;711;43;363;577;678;677;604;568;99;354;414,43;99;354;363;414;568;577;604;677;678;711;735,43;363;577;678;711;735,43;50;99;354;363;414;568;577;604;628;677;678;711;735,43;50;363;577;628;678;711;735,604;735;568;677;577;678,14;99;177;354;366;568;577;604;624;646;677;678;735,13,604;568;735;678;677;646;354;624;99;177;14;366,604;568;735;678;677;646;354;624;99;177;14;366
750,train,sem_0132,drink:decl,para3,lex,You have water.,149;905,0,957.0,409.0,463.0,917.0,80.0,289.0,551.0,,,,,0,957,114,463,917.0,507.0,731.0,848.0,359.0,80.0,75.0,216.0,917,463.0,957.0,0.0,848.0,359.0,507.0,731.0,80.0,114.0,75.0,960.0,0;957;409;463;917;80;289;551,0;957;114;463;917;507;731;848;359;80;75;216,917;463;957;0;848;359;507;731;80;114;75;960,0;75;80;114;359;463;507;731;848;917;957,11,0;80;463;917;957,5,15,3,0;957;409;463;917;80;289;551,0;463;917;957;75;80;114;359;507;731;848;216,0;957;114;463;917;507;359;848;80;731;75;21,0;75;80;114;359;463;507;731;848;917;957,0;80;463;917;957,0;75;80;114;149;359;463;507;731;848;905;917;957,0;80;149;463;905;917;957,0,0,1,0,0
751,train,sem_0262,drink:present_cont,para3,tense,He is sipping tea.,562;954,325,909.0,,,,,,,,,,,325,770,954,909,249.0,40.0,552.0,504.0,341.0,703.0,406.0,866.0,325,954.0,770.0,40.0,,,,,,,,,325;909,325;770;954;909;249;40;552;504;341;703;406;866,325;954;770;40,40;325;770;909;954,5,325,1,18,4,325;909,325;770;954;40,325;954;770;909;249;40;552;504;341;312;236;453,40;325;770;909;954,325,40;325;562;770;909;954,325;562;954,954;955;764,166;249;325;764;954;955,6,954;325;955;249;166;764,954;325;955;249;166;764
752,train,sem_0162,learn:decl,para3,base,You practice a book.,340;992,502,28.0,347.0,333.0,543.0,702.0,340.0,321.0,537.0,187.0,8.0,,347,502,28,537,413.0,273.0,8.0,340.0,217.0,333.0,543.0,702.0,273,413.0,8.0,502.0,340.0,217.0,347.0,28.0,537.0,983.0,841.0,543.0,502;28;347;333;543;702;340;321;537;187;8,347;502;28;537;413;273;8;340;217;333;543;702,273;413;8;502;340;217;347;28;537;983;841;543,8;28;217;273;333;340;347;413;502;537;543;702,12,8;28;340;347;502;537;543,7,20,4,502;28;347;333;702;543;321;340;537;187;8,8;273;413;502;28;217;340;347;537;983;841;4,502;28;347;537;413;273;8;321;543;702;333;340,8;28;273;321;333;340;347;413;502;537;543;702,8;28;340;347;502;537,8;28;273;321;333;340;347;413;502;537;543;702;992,8;28;340;347;502;537;992,340;502,28;255;281;340;347;502,6,340;28;502;347;281;255,340;28;502;347;281;255
753,train,sem_0141,move:decl,para3,base,I walk to the station.,914;948,914,936.0,948.0,292.0,29.0,769.0,715.0,730.0,803.0,583.0,828.0,89.0,914,71,936,769,948.0,385.0,591.0,300.0,840.0,544.0,828.0,715.0,914,71.0,948.0,769.0,936.0,385.0,300.0,840.0,853.0,322.0,467.0,352.0,914;936;948;292;29;769;715;730;803;583;828;89,914;71;936;769;948;385;591;300;840;544;828;715,914;71;948;769;936;385;300;840;853;322;467;352,71;300;385;715;769;828;840;914;936;948,10,769;914;936;948,4,22,5,914;936;292;948;715;29;730;769;583;828;803;591,914;71;769;936;948;385;23;29;287;292;300;322,914;936;71;769;948;385;840;300;828;715;591;544,29;71;292;300;385;591;715;769;828;914;936;948,769;914;936;948,29;71;292;300;385;591;715;769;828;914;936;948,769;914;936;948,914;769;948;549;385;936,322;385;549;583;769;853;914;936;948,9,914;948;769;385;549;583;853;322,914;948;769;385;549;583;853;322
754,train,sem_0045,pref:front_time,para4,order,"Yesterday, I like a sandwich.",525;617;774,617,960.0,908.0,476.0,525.0,386.0,84.0,500.0,38.0,118.0,818.0,,617,476,908,960,386.0,84.0,335.0,289.0,443.0,624.0,735.0,408.0,617,408.0,735.0,798.0,500.0,108.0,525.0,624.0,171.0,386.0,100.0,960.0,617;960;908;476;525;386;84;500;38;118;818,617;476;908;960;386;84;335;289;443;624;735;408,617;408;735;798;500;108;525;624;171;386;100;960,84;386;408;476;500;525;617;624;735;908;960,11,386;617;960,3,29,5,617;960;908;476;525;386;84;38;118;818,617;108;408;500;525;624;735;798;100;171;386;476,617;476;960;908;386;335;443;289;84;408;500;525,84;386;408;476;500;525;617;908;960,386;476;525;617,84;386;408;476;500;525;617;774;908;960,386;476;525;617;774,960;525;908,525;617;908;960,4,525;960;617,525;960;617
755,train,sem_0035,call:front_time,para4,order,"Today, We phone my father.",469;574;701,574,284.0,834.0,881.0,133.0,469.0,66.0,831.0,461.0,981.0,693.0,664.0,574,469,834,133,284.0,881.0,856.0,981.0,831.0,664.0,66.0,906.0,574,469.0,834.0,133.0,881.0,66.0,284.0,856.0,906.0,981.0,831.0,664.0,574;284;834;881;133;469;66;831;461;981;693;664,574;469;834;133;284;881;856;981;831;664;66;906,574;469;834;133;881;66;284;856;906;981;831;664,66;133;284;469;574;664;831;834;856;881;906;981,12,66;133;284;469;574;664;831;834;881;981,10,26,5,574;284;834;881;133;469;66;461;831;981;693;664,574;469;66;133;284;834;881;856;906;981;831;664,574;469;284;133;834;881;856;981;66;831;664;906,66;133;284;469;574;664;831;834;856;881;906;981,66;133;284;469;574;664;831;834;881;981,66;133;284;469;574;664;701;831;834;856;881;906;981,66;133;284;469;574;664;701;831;834;881;981,574;856;881;469;133;66;689,66;133;439;469;574;689;856;881,8,856;574;469;881;133;439;689,856;574;469;881;133;439;689
756,train,sem_0277,call:decl,para3,base,He text my teacher.,178;557,692,557.0,668.0,497.0,160.0,58.0,44.0,282.0,701.0,850.0,709.0,276.0,557,692,668,160,497.0,58.0,709.0,547.0,247.0,514.0,403.0,308.0,557,547.0,692.0,709.0,58.0,668.0,514.0,247.0,403.0,308.0,160.0,497.0,692;557;668;497;160;58;44;282;701;850;709;276,557;692;668;160;497;58;709;547;247;514;403;308,557;547;692;709;58;668;514;247;403;308;160;497,58;160;247;308;403;497;514;547;557;668;692;709,12,58;160;497;557;668;692;709,7,19,4,692;557;668;497;160;58;850;701;709;202;282;276,557;58;547;692;709;247;514;668;160;308;403;497,557;692;668;58;547;709;497;160;247;514;599;701,58;160;247;497;514;547;557;668;692;701;709,58;160;497;557;668;692;709,58;160;178;247;497;514;547;557;668;692;701;709,58;160;178;497;557;668;692;709,557;692;547;58;668;709;341;850,58;202;229;341;497;547;557;668;692;709;850,11,557;692;547;497;668;58;229;202;709,557;692;547;497;668;58;229;202;709
757,train,sem_0034,pref:decl,para4,base,He prefer lunch.,703;962;975,432,962.0,703.0,74.0,800.0,686.0,483.0,812.0,788.0,342.0,784.0,393.0,703,962,432,686,74.0,318.0,766.0,567.0,278.0,184.0,839.0,345.0,278,184.0,703.0,962.0,686.0,432.0,839.0,567.0,766.0,318.0,74.0,40.0,432;962;703;74;800;686;483;812;788;342;784;393,703;962;432;686;74;318;766;567;278;184;839;345,278;184;703;962;686;432;839;567;766;318;74;40,74;184;278;318;432;567;686;703;766;839;962,11,74;432;686;703;962,5,16,3,432;962;703;800;74;483;788;794;686;784;393;383,184;278;432;567;686;703;766;839;962;40;74;318,432;703;962;686;766;278;839;567;184;74;318;682,74;184;278;318;432;567;686;703;766;839;962,74;432;686;703;962,74;184;278;318;432;567;686;703;766;839;962;975,74;432;686;703;962;975,686;703;278;962;318;432,184;278;318;432;686;703;839;962,8,432;686;703;278;318;184;839,432;686;703;278;318;184;839
758,train,sem_0243,learn:going_to,para3,tense,We are going to read a book.,460;587,42,360.0,460.0,877.0,96.0,505.0,55.0,497.0,492.0,161.0,531.0,804.0,42,55,492,505,460.0,497.0,762.0,829.0,480.0,531.0,561.0,458.0,460,505.0,492.0,55.0,762.0,42.0,497.0,161.0,829.0,458.0,531.0,806.0,42;360;460;877;96;505;55;497;492;161;531;804,42;55;492;505;460;497;762;829;480;531;561;458,460;505;492;55;762;42;497;161;829;458;531;806,42;55;161;458;460;492;497;505;531;762;829,11,42;55;460;492;497;505;531,7,28,7,42;460;877;360;96;505;55;497;492;723,460;55;492;505;762;42;46;96;161;458;480;497,42;460;505;55;492;762;497;360;877;723;531;161,42;55;96;161;360;460;492;497;505;723;762;877,42;55;460;492;497;505,42;55;96;161;360;460;492;497;505;587;723;762;877,42;55;460;492;497;505;587,460;996;762;96,96;460;762;996,4,460;996;762,460;996;762
759,train,sem_0295,drink:front_place,para3,order,"at the office, They sip tea.",835;955,955,194.0,883.0,664.0,166.0,954.0,246.0,164.0,53.0,228.0,48.0,270.0,955,883,664,194,928.0,246.0,164.0,327.0,228.0,166.0,954.0,144.0,883,955.0,664.0,194.0,338.0,830.0,977.0,140.0,744.0,246.0,144.0,928.0,955;194;883;664;166;954;246;164;53;228;48;270,955;883;664;194;928;246;164;327;228;166;954;144,883;955;664;194;338;830;977;140;744;246;144;928,144;164;166;194;228;246;664;883;928;954;955,11,194;246;664;883;955,5,28,6,955;194;883;664;954;246;166;164;228;48;53;270,883;955;664;194;140;144;246;338;744;830;928;977,955;194;883;954;166;664;246;928;144;228;327;164,144;164;166;194;228;246;664;883;928;954;955,194;246;664;883;955,144;164;166;194;228;246;664;835;883;928;954;955,194;246;664;835;883;955,955,194;955,2,194,194
760,train,sem_single_0926,acq:modal_can,singleton,single,She can get a computer.,,334,772.0,365.0,406.0,985.0,601.0,569.0,481.0,566.0,959.0,706.0,697.0,334,772,365,985,406.0,592.0,860.0,509.0,295.0,105.0,605.0,569.0,334,772.0,592.0,365.0,509.0,295.0,860.0,406.0,985.0,,,,334;772;365;406;985;601;569;481;566;959;706;697,334;772;365;985;406;592;860;509;295;105;605;569,334;772;592;365;509;295;860;406;985,295;334;365;406;509;569;592;772;860;985,10,334;365;406;772;985,5,23,5,334;772;365;406;985;569;601;566;481;959;706;697,334;592;772;295;365;509;860;406;985,334;772;365;985;406;592;295;509;860;105;481;566,295;334;365;406;481;509;566;592;772;860;985,334;365;406;772;985,295;334;365;406;481;509;566;592;772;860;985,334;365;406;772;985,,334;365;406;772,4,772;334;365;406,772;334;365;406
761,train,sem_0004,social:front_time,para4,order,"Now, You meet my teacher.",44;205;782,782,44.0,692.0,756.0,282.0,981.0,942.0,358.0,262.0,276.0,202.0,,782,942,44,358,262.0,238.0,981.0,434.0,709.0,740.0,927.0,202.0,782,44.0,358.0,262.0,942.0,981.0,238.0,434.0,,,,,782;44;692;756;282;981;942;358;262;276;202,782;942;44;358;262;238;981;434;709;740;927;202,782;44;358;262;942;981;238;434,44;202;238;262;358;434;782;942;981,9,44;262;358;782;942;981,6,25,5,782;44;756;692;981;942;358;709;262;202;276;282,782;44;262;358;942;238;981;434,782;942;44;358;262;981;238;434;692;667;60;229,44;238;262;358;434;692;782;942;981,44;262;358;782;942;981,44;205;238;262;358;434;692;782;942;981,44;205;262;358;782;942;981,782;44,44;782,2,782;44,782;44
762,train,sem_0095,learn:present_cont,para3,tense,We are learning a book.,226;255,83,687.0,255.0,263.0,394.0,281.0,939.0,,,,,,83,687,758,598,797.0,460.0,679.0,859.0,255.0,67.0,996.0,505.0,83,255.0,679.0,758.0,859.0,460.0,996.0,797.0,67.0,687.0,598.0,470.0,83;687;255;263;394;281;939,83;687;758;598;797;460;679;859;255;67;996;505,83;255;679;758;859;460;996;797;67;687;598;470,67;83;255;460;598;679;687;758;797;859;996,11,83;255;687,3,23,5,83;687;255;263;394;281;939,83;255;460;679;758;859;67;598;687;797;996;470,83;687;758;679;859;255;460;797;598;67;996;884,67;83;255;460;598;679;687;758;797;859;996,83;255;687,67;83;226;255;460;598;679;687;758;797;859;996,83;226;255;687,255;281;460;394;758;996,255;281;394;460;687;758;996,7,255;281;394;687;758,255;281;394;687;758
763,train,sem_0000,eat:perfect_pr,para4,tense,You have had a sandwich.,80;707;960,623,80.0,118.0,818.0,678.0,960.0,944.0,100.0,15.0,910.0,305.0,500.0,623,80,305,960,65.0,678.0,818.0,118.0,944.0,15.0,559.0,100.0,80,960.0,678.0,623.0,818.0,646.0,118.0,580.0,559.0,696.0,340.0,908.0,623;80;118;818;678;960;944;100;15;910;305;500,623;80;305;960;65;678;818;118;944;15;559;100,80;960;678;623;818;646;118;580;559;696;340;908,15;80;100;118;305;559;623;678;818;944;960,11,80;118;623;678;818;960,6,24,5,623;80;118;818;678;960;15;305;944;559;100;525,80;960;118;623;646;678;818;15;100;317;340;366,623;80;305;65;960;678;818;118;944;15;559;100,15;80;100;118;305;559;623;678;818;944;960,15;80;100;118;623;678;818;960,15;80;100;118;305;559;623;678;707;818;944;960,15;80;100;118;623;678;707;818;960,80;118;960,80;100;118;177;500;525;623;678;818;960,10,80;118;960;623;100;818;525;177;500;678,80;118;960;623;100;818;525;177;500;678
764,train,sem_single_0909,drink:present_cont,singleton,single,I am drinking tea.,,312,236.0,893.0,641.0,173.0,453.0,,,,,,,787,51,811,472,191.0,68.0,312.0,236.0,18.0,893.0,173.0,96.0,312,236.0,787.0,51.0,,,,,,,,,312;236;893;641;173;453,787;51;811;472;191;68;312;236;18;893;173;96,312;236;787;51,51;173;236;312;787;893,6,236;312,2,18,4,,236;312;51;787,787;51;312;236;472;811;68;191;893;173;18;412,51;236;312;787,,51;236;312;787,,236;453;166;751;955,166;236;453;751;955,5,236;751;453,236;751;453
765,train,sem_0251,social:decl,para3,base,You finish dinner.,454;947,683,864.0,986.0,947.0,612.0,274.0,266.0,768.0,,,,,947,683,986,864,937.0,65.0,917.0,266.0,858.0,768.0,832.0,274.0,65,917.0,937.0,947.0,683.0,986.0,864.0,,,,,,683;864;986;947;612;274;266;768,947;683;986;864;937;65;917;266;858;768;832;274,65;917;937;947;683;986;864,65;266;274;683;768;864;917;937;947;986,10,683;864;947;986,4,18,3,683;864;986;947,65;683;917;937;947;864;986,683;947;864;986;917;65;937;266;768;858;274;612,65;683;864;917;937;947;986,683;864;947;986,65;454;683;864;917;937;947;986,454;683;864;947;986,683;917;65;947,65;683;917;947,4,683;947;917,683;947;917
766,train,sem_0078,drink:decl,para3,lex,He drink lunch.,302;791,16,641.0,21.0,546.0,456.0,576.0,913.0,236.0,,,,,16,839,567,184,757.0,278.0,345.0,40.0,682.0,703.0,962.0,805.0,839,184.0,757.0,567.0,278.0,682.0,16.0,345.0,40.0,,,,16;641;21;546;456;576;913;236,16;839;567;184;757;278;345;40;682;703;962;805,839;184;757;567;278;682;16;345;40,16;40;184;278;345;567;682;757;839,9,16,1,15,3,641;546;16;913;456,184;278;567;757;839;16;40;345;682,184;567;278;757;839;16;345;682;40;962;805;703,16;40;184;278;345;567;682;757;839,16,16;40;184;278;302;345;567;682;757;791;839,16;302;791,839;16;184,16;184;278;839,4,839;184;278,839;184;278
767,train,sem_0202,drink:decl,para3,base,She sip juice.,546;727,306,654.0,727.0,607.0,149.0,225.0,227.0,807.0,905.0,909.0,929.0,486.0,727,607,149,306,654.0,225.0,227.0,905.0,807.0,913.0,929.0,31.0,727,654.0,149.0,607.0,913.0,306.0,929.0,31.0,225.0,243.0,227.0,,306;654;727;607;149;225;227;807;905;909;929;486,727;607;149;306;654;225;227;905;807;913;929;31,727;654;149;607;913;306;929;31;225;243;227,31;149;225;227;306;607;654;727;807;905;913;929,12,149;225;227;306;607;654;727;929,8,14,3,306;654;727;607;149;225;227;807;905;486,727;149;306;607;654;913;929;31;225;243;227,727;607;654;306;149;225;227;913;929;905;807;31,31;149;225;227;306;607;654;727;807;905;913;929,149;225;227;306;607;654;727,31;149;225;227;306;546;607;654;727;807;905;913;929,149;225;227;306;546;607;654;727,913;727;243;654;607;149;929;306;546,31;149;225;243;306;546;607;654;727;905;913;929,12,727;913;654;306;149;607;905;243;31;225,727;913;654;306;149;607;905;243;31;225
768,train,sem_0039,social:decl,para4,base,She finish a movie.,190;376;427,858,376.0,427.0,274.0,612.0,683.0,586.0,765.0,,,,,376,427,858,861,637.0,220.0,603.0,145.0,423.0,698.0,272.0,745.0,220,603.0,858.0,861.0,637.0,427.0,376.0,423.0,698.0,145.0,272.0,745.0,858;376;427;274;612;683;586;765,376;427;858;861;637;220;603;145;423;698;272;745,220;603;858;861;637;427;376;423;698;145;272;745,145;220;272;376;423;427;603;637;698;745;858;861,12,376;427;858,3,19,4,858;376;427;274;612;683;586,220;603;637;858;861;376;427;145;272;423;698;745,858;376;427;603;637;861;220;145;698;423;272;274,145;220;272;274;376;423;427;603;637;698;858;861,376;427;858,145;190;220;272;274;376;423;427;603;637;698;858;861,190;376;427;858,427;376;220;603;63,63;220;376;427;603,5,427;376;220,427;376;220
769,train,sem_0274,move:decl,para3,base,I run to the station.,385;467,803,385.0,948.0,292.0,64.0,29.0,450.0,730.0,753.0,583.0,89.0,853.0,385,803,450,64,753.0,948.0,914.0,179.0,209.0,549.0,730.0,287.0,385,803.0,948.0,450.0,753.0,914.0,64.0,936.0,29.0,179.0,352.0,608.0,803;385;948;292;64;29;450;730;753;583;89;853,385;803;450;64;753;948;914;179;209;549;730;287,385;803;948;450;753;914;64;936;29;179;352;608,29;64;179;385;450;730;753;803;914;948,10,64;385;450;753;803;948,6,21,5,803;385;292;948;29;450;730;753;583;853;998;64,385;450;753;803;948;64;914;23;29;71;179;209,385;803;450;64;948;753;209;179;914;842;998;583,29;64;179;209;385;450;583;753;803;914;948;998,64;385;450;753;803;948,29;64;179;209;385;450;467;583;753;803;914;948;998,64;385;450;467;753;803;948,803;385;948;753;853;450;665,385;450;665;718;753;803;853;914;948,9,803;385;948;853;753;718;665;450;914,803;385;948;853;753;718;665;450;914
770,train,sem_0008,drink:decl,para4,lex,He have tea.,192;538;555,610,218.0,184.0,,,,,,,,,,954,751,249,791,486.0,562.0,218.0,184.0,345.0,302.0,283.0,658.0,791,184.0,954.0,486.0,218.0,562.0,345.0,751.0,283.0,249.0,302.0,,610;218;184,954;751;249;791;486;562;218;184;345;302;283;658,791;184;954;486;218;562;345;751;283;249;302,184;218;249;283;302;345;486;562;751;791;954,11,184;218,2,12,3,610;218;102,184;218;486;562;791;954;345;751;249;283;302,954;751;562;791;218;486;184;249;345;302;283;647,184;218;249;283;302;345;486;562;751;791;954,218,184;192;218;249;283;302;345;486;538;555;562;751;791;954,192;218;538;555,562;954,105;407;562;641;870;954,6,641;954;562;407;105;870,641;954;562;407;105;870
771,train,sem_0143,learn:decl,para3,lex,She learn a song.,315;542,997,263.0,255.0,374.0,394.0,281.0,422.0,83.0,871.0,919.0,499.0,519.0,997,263,519,422,180.0,827.0,989.0,57.0,20.0,530.0,374.0,871.0,180,263.0,827.0,997.0,989.0,519.0,20.0,57.0,530.0,422.0,374.0,355.0,997;263;255;374;394;281;422;83;871;919;499;519,997;263;519;422;180;827;989;57;20;530;374;871,180;263;827;997;989;519;20;57;530;422;374;355,20;57;180;263;374;422;519;530;827;871;989;997,12,263;374;422;519;997,5,17,4,997;263;374;255;394;499;422;83;871;281;854;519,180;263;827;989;997;20;57;519;530;422;14;26,997;263;519;989;180;827;422;20;57;255;374;394,20;57;180;255;263;374;394;422;519;827;989;997,263;422;519;997,20;57;180;255;263;315;374;394;422;519;542;827;989;997,263;315;422;519;542;997,180;997,83;168;180;479;838;866;997,7,838;997;168;479;866;83,838;997;168;479;866;83
772,train,sem_0240,acq:decl,para3,base,They get a computer.,43;985,334,365.0,985.0,760.0,406.0,706.0,697.0,601.0,569.0,481.0,566.0,959.0,365,985,334,760,406.0,697.0,706.0,568.0,897.0,163.0,421.0,137.0,365,568.0,706.0,334.0,697.0,897.0,985.0,181.0,760.0,137.0,163.0,421.0,334;365;985;760;406;706;697;601;569;481;566;959,365;985;334;760;406;697;706;568;897;163;421;137,365;568;706;334;697;897;985;181;760;137;163;421,137;163;334;365;406;421;568;697;706;760;897;985,12,334;365;697;706;760;985,6,20,4,334;985;365;760;406;706;569;601;697;566;959;481,365;334;568;697;706;897;985;137;163;181;421;760,365;334;985;760;406;706;697;897;568;421;137;163,137;163;334;365;406;421;568;697;706;760;897;985,334;365;697;706;760;985,43;137;163;334;365;406;421;568;697;706;760;897;985,43;334;365;697;706;760;985,365;137,137;334;365;697;706;760,6,365;760;334;697;137;706,365;760;334;697;137;706
773,train,sem_0184,call:decl,para3,base,They contact my teacher.,203;581,202,942.0,203.0,238.0,875.0,392.0,285.0,439.0,817.0,291.0,631.0,196.0,203,942,202,238,875.0,285.0,392.0,927.0,740.0,60.0,668.0,196.0,203,942.0,202.0,740.0,60.0,285.0,392.0,927.0,875.0,668.0,238.0,196.0,202;942;203;238;875;392;285;439;817;291;631;196,203;942;202;238;875;285;392;927;740;60;668;196,203;942;202;740;60;285;392;927;875;668;238;196,60;196;202;203;238;285;392;668;740;875;927;942,12,196;202;203;238;285;392;875;942,8,24,4,202;942;203;238;875;392;285;817;439;291;631;196,203;60;202;285;392;740;927;942;238;668;875;196,203;942;202;238;875;392;285;927;740;60;668;631,60;196;202;203;238;285;392;631;668;740;875;927;942,202;203;238;285;392;875;942,60;196;202;203;238;285;392;581;631;668;740;875;927;942,202;203;238;285;392;581;875;942,942;202;927;60;238;875;203;358;392;285;262;276;907;709;547,60;202;203;238;262;276;285;358;392;547;709;875;907;927;942,15,927;942;875;202;203;276;285;262;60,927;942;875;202;203;276;285;262;60
774,train,sem_0045,pref:decl,para4,lex,I enjoy pizza.,525;617;754,501,37.0,516.0,798.0,332.0,,,,,,,,37,501,516,798,332.0,869.0,503.0,335.0,565.0,120.0,51.0,685.0,335,501.0,37.0,869.0,565.0,516.0,503.0,798.0,685.0,491.0,332.0,51.0,501;37;516;798;332,37;501;516;798;332;869;503;335;565;120;51;685,335;501;37;869;565;516;503;798;685;491;332;51,37;51;332;335;501;503;516;565;685;798;869,11,37;332;501;516;798,5,14,3,501;37;516;798,37;335;501;503;516;565;869;51;120;332;491;685,37;501;516;798;332;565;503;869;335;685;51;491,37;51;332;335;491;501;503;516;565;685;798;869,37;501;516,37;51;332;335;491;501;503;516;525;565;617;685;754;798;869,37;501;516;525;617;754,335;501;685;37;869;51;565;503;707;705,37;51;335;501;503;565;685;705;707;869,10,335;501;37;685;51;869;707,335;501;37;685;51;869;707
775,train,sem_0082,learn:decl,para3,lex,He read a song.,24;187,989,900.0,826.0,895.0,877.0,167.0,460.0,226.0,949.0,360.0,992.0,965.0,989,826,900,895,877.0,167.0,965.0,984.0,563.0,838.0,851.0,267.0,826,563.0,838.0,984.0,900.0,877.0,989.0,167.0,895.0,851.0,267.0,965.0,989;900;826;895;877;167;460;226;949;360;992;965,989;826;900;895;877;167;965;984;563;838;851;267,826;563;838;984;900;877;989;167;895;851;267;965,167;267;563;826;838;851;877;895;900;965;984;989,12,167;826;877;895;900;965;989,7,15,4,989;900;826;895;877;167;949;460;226;360;992;474,167;563;826;838;877;900;984;989;267;851;895;270,900;826;989;895;167;877;563;984;838;267;851;965,167;267;563;826;838;851;877;895;900;984;989,167;826;877;895;900;989,24;167;187;267;563;826;838;851;877;895;900;984;989,24;167;187;826;877;895;900;989,989;826;900;57,57;826;900;989,4,989;826;900;57,989;826;900;57
776,train,sem_seed_call_modal_can,call:modal_can,singleton,single-seed,He can text a friend.,,862,350.0,820.0,250.0,459.0,295.0,264.0,178.0,356.0,26.0,355.0,205.0,820,862,350,250,459.0,295.0,264.0,178.0,356.0,307.0,854.0,58.0,350,820.0,178.0,356.0,862.0,854.0,295.0,307.0,250.0,459.0,264.0,,862;350;820;250;459;295;264;178;356;26;355;205,820;862;350;250;459;295;264;178;356;307;854;58,350;820;178;356;862;854;295;307;250;459;264,178;250;264;295;307;350;356;459;820;854;862,11,178;250;264;295;350;356;459;820;862,9,21,5,862;350;820;250;459;295;264;178;26;356;355;952,178;350;356;820;862;250;295;307;459;854;264,350;862;820;250;459;295;178;356;264;756;58;307,178;250;264;295;307;350;356;459;820;862,178;250;264;295;350;356;459;820;862,178;250;264;295;307;350;356;459;820;862,178;250;264;295;350;356;459;820;862,,250;350;820;862,4,820;250;862;350,820;250;862;350
777,train,sem_single_0988,learn:front_place,singleton,single,"in the office, She review a novel.",,515,635.0,587.0,965.0,85.0,626.0,246.0,48.0,20.0,629.0,474.0,270.0,965,635,515,474,270.0,865.0,91.0,979.0,85.0,587.0,246.0,928.0,515,474.0,635.0,965.0,270.0,376.0,865.0,979.0,949.0,85.0,321.0,629.0,515;635;587;965;85;626;246;48;20;629;474;270,965;635;515;474;270;865;91;979;85;587;246;928,515;474;635;965;270;376;865;979;949;85;321;629,85;246;270;474;515;587;629;635;865;965;979,11,85;270;474;515;635;965,6,34,7,515;635;965;587;85;246;48;626;20;629;270;474,515;474;635;965;270;376;865;979;85;321;336;587,965;515;635;474;587;85;270;91;865;246;2;928,85;246;270;474;515;587;635;865;965,85;270;474;515;587;635;965,85;246;270;474;515;587;635;865;965,85;270;474;515;587;635;965,515;965;629,515;629;965,3,,
778,train,sem_0027,pref:decl,para4,base,You like a movie.,353;377;476,135,476.0,890.0,353.0,151.0,185.0,698.0,713.0,375.0,,,,353,476,135,890,824.0,375.0,713.0,419.0,151.0,796.0,531.0,197.0,353,476.0,135.0,713.0,890.0,824.0,151.0,375.0,419.0,531.0,992.0,197.0,135;476;890;353;151;185;698;713;375,353;476;135;890;824;375;713;419;151;796;531;197,353;476;135;713;890;824;151;375;419;531;992;197,135;151;197;353;375;419;476;531;713;824;890,11,135;151;353;375;476;713;890,7,17,4,135;476;890;353;151;698;713,353;476;135;151;375;419;713;824;890;531;5;8,476;353;135;890;375;713;151;824;419;796;531;617,135;151;353;375;419;476;531;713;824;890,135;151;353;476;713;890,135;151;353;375;377;419;476;531;713;824;890,135;151;353;377;476;713;890,353;135;419;377;151;484;375;476;824;713,135;151;199;353;375;377;419;476;484;603;698;713;824,13,135;353;377;151;199;419;698;603,135;353;377;151;199;419;698;603
779,train,sem_single_0982,watch:because_cause,singleton,single,"They view a game, because it is warm.",,279,564.0,988.0,510.0,206.0,482.0,6.0,710.0,912.0,795.0,799.0,329.0,564,279,912,988,6.0,130.0,584.0,510.0,795.0,799.0,206.0,347.0,912,564.0,279.0,988.0,6.0,951.0,347.0,795.0,206.0,299.0,799.0,786.0,279;564;988;510;206;482;6;710;912;795;799;329,564;279;912;988;6;130;584;510;795;799;206;347,912;564;279;988;6;951;347;795;206;299;799;786,6;206;279;347;510;564;795;799;912;988,10,6;206;279;564;795;799;912;988,8,37,8,279;564;988;510;6;206;482;912;329;924;130;710,279;564;912;988;6;130;206;299;347;510;584;786,564;279;6;912;988;130;710;329;924;482;510;584,6;130;206;279;329;482;510;564;584;710;912;924;988,6;130;279;510;564;912;988,6;130;206;279;329;482;510;564;584;710;912;924;988,6;130;279;510;564;912;988,564,564;681;846;912,4,564;681;912;846,564;681;912;846
780,train,sem_0200,watch:decl,para3,base,They see a show.,117;330,618,117.0,109.0,362.0,258.0,197.0,72.0,330.0,119.0,889.0,517.0,418.0,117,618,362,119,109.0,444.0,72.0,330.0,258.0,197.0,743.0,517.0,330,109.0,618.0,258.0,197.0,117.0,517.0,743.0,444.0,72.0,362.0,185.0,618;117;109;362;258;197;72;330;119;889;517;418,117;618;362;119;109;444;72;330;258;197;743;517,330;109;618;258;197;117;517;743;444;72;362;185,72;109;117;119;197;258;330;362;444;517;618;743,12,72;109;117;197;258;330;362;517;618,9,16,4,618;117;109;362;72;258;197;119;330;418,109;197;258;330;618;117;72;444;517;743;362;33,618;117;362;109;330;258;197;119;444;72;743;517,72;109;117;119;197;258;330;362;444;517;618;743,72;109;117;197;258;330;362;618,72;109;117;119;197;258;330;362;444;517;618;743,72;109;117;197;258;330;362;618,618;330;117;52;197;390,52;117;197;330;390;517;618,7,618;330;517;117,618;330;517;117
781,train,sem_0030,learn:past_simple,para4,tense,We studied a song.,111;168;919,395,168.0,838.0,479.0,,,,,,,,,395,997,892,168,348.0,833.0,398.0,797.0,966.0,578.0,550.0,83.0,833,997.0,398.0,348.0,892.0,168.0,966.0,83.0,550.0,797.0,578.0,726.0,395;168;838;479,395;997;892;168;348;833;398;797;966;578;550;83,833;997;398;348;892;168;966;83;550;797;578;726,83;168;348;395;398;550;578;797;833;892;966;997,12,168,1,18,4,395;168;838,168;348;398;833;892;997;83;550;578;797;966;726,395;398;168;348;833;892;997;83;966;550;578;797,83;168;348;395;398;550;578;797;833;892;966;997,168,83;111;168;348;395;398;550;578;797;833;892;919;966;997,111;168;919,168;479;997,83;168;479;838;997,5,168;997;479;838;83,168;997;479;838;83
782,train,sem_0004,social:decl,para4,base,You meet my teacher.,44;205;761,761,44.0,692.0,756.0,282.0,942.0,358.0,262.0,276.0,202.0,709.0,773.0,761,942,262,358,44.0,238.0,981.0,434.0,547.0,60.0,756.0,229.0,761,262.0,358.0,942.0,44.0,238.0,981.0,434.0,202.0,740.0,709.0,756.0,761;44;692;756;282;942;358;262;276;202;709;773,761;942;262;358;44;238;981;434;547;60;756;229,761;262;358;942;44;238;981;434;202;740;709;756,44;202;238;262;358;434;709;756;761;942;981,11,44;262;358;756;761;942,6,20,4,761;44;756;692;942;358;709;262;202;276;282;773,761;44;262;358;942;238;981;434;56;60;202;229,761;44;942;262;358;981;238;434;282;276;547;667,44;202;238;262;276;282;358;434;761;942;981,44;262;358;761;942,44;202;205;238;262;276;282;358;434;761;942;981,44;205;262;358;761;942,44;761;358;942,44;60;358;667;761;942,6,44;761;358;667;60,44;761;358;667;60
783,train,sem_0194,move:decl,para3,lex,He go to the cafe.,195;615,23,973.0,591.0,730.0,526.0,,,,,,,,730,973,670,526,591.0,23.0,79.0,805.0,573.0,308.0,489.0,277.0,973,998.0,715.0,730.0,292.0,23.0,591.0,89.0,79.0,415.0,670.0,805.0,23;973;591;730;526,730;973;670;526;591;23;79;805;573;308;489;277,973;998;715;730;292;23;591;89;79;415;670;805,23;79;526;591;670;730;805;973,8,23;591;730;973,4,18,5,23;591;973;730;526,23;292;591;715;730;973;998;79;89;415;670;805,973;730;670;23;591;526;573;805;79;606;277;723,23;79;526;591;670;730;805;973,23;591;730;973,23;79;195;526;591;615;670;730;805;973,23;195;591;615;730;973,,378;553;591,3,591;553;378,591;553;378
784,train,sem_0245,eat:decl,para3,base,They order lunch.,,800,483.0,788.0,597.0,987.0,604.0,976.0,432.0,757.0,847.0,354.0,787.0,800,483,788,597,976.0,987.0,972.0,266.0,239.0,922.0,604.0,354.0,976,788.0,800.0,483.0,987.0,266.0,972.0,239.0,922.0,604.0,597.0,354.0,800;483;788;597;987;604;976;432;757;847;354;787,800;483;788;597;976;987;972;266;239;922;604;354,976;788;800;483;987;266;972;239;922;604;597;354,239;266;354;483;597;604;788;800;922;972;976;987,12,354;483;597;604;788;800;976;987,8,17,3,800;483;788;597;987;604;976;757;432;354;847,239;266;483;788;800;922;972;976;987;597;604;354,800;788;483;597;987;976;922;239;266;972;604;354,239;266;354;483;597;604;788;800;922;972;976;987,354;483;597;604;788;800;976;987,239;266;354;483;597;604;788;800;922;972;976;987,354;483;597;604;788;800;976;987,483;800;847;976;922;604;597;11;787;788;987,11;483;597;604;652;787;788;800;847;922;976;987,12,483;800;976;597;847;788;922;604;987;652,483;800;976;597;847;788;922;604;987;652
785,train,sem_seed_eat_comparative,eat:comparative,singleton,single-seed,You prefer a sandwich to pizza.,,393,138.0,495.0,8.0,944.0,646.0,78.0,937.0,624.0,696.0,983.0,14.0,983,495,393,138,8.0,630.0,76.0,650.0,937.0,80.0,646.0,763.0,983,495.0,8.0,393.0,646.0,80.0,763.0,138.0,696.0,366.0,317.0,960.0,393;138;495;8;944;646;78;937;624;696;983;14,983;495;393;138;8;630;76;650;937;80;646;763,983;495;8;393;646;80;763;138;696;366;317;960,8;80;138;393;495;646;696;763;937;983,10,8;138;393;495;646;983,6,31,6,393;138;495;8,983;8;80;393;495;646;138;317;366;696;763;908,393;495;983;138;8;937;80;646;463;707;344;630,8;80;138;393;495;646;983,8;138;393;495,8;80;138;393;495;646;983,8;138;393;495,393,138;393;495;696;798;944,6,393;138;944;696;495;798,393;138;944;696;495;798
786,train,sem_single_0942,play:conditional_if,singleton,single,"If it is warm, He play a game.",,299,119.0,571.0,462.0,527.0,808.0,464.0,279.0,512.0,206.0,680.0,990.0,299,119,571,279,527.0,206.0,951.0,142.0,625.0,990.0,3.0,680.0,299,206.0,279.0,119.0,462.0,571.0,142.0,527.0,564.0,779.0,584.0,795.0,299;119;571;462;527;808;464;279;512;206;680;990,299;119;571;279;527;206;951;142;625;990;3;680,299;206;279;119;462;571;142;527;564;779;584;795,119;142;206;279;299;462;527;571;680;990,10,119;206;279;299;527;571,6,30,8,299;119;571;462;464;527;808;279;512;680;990;951,299;119;206;279;462;571;142;527;564;584;779;795,299;571;119;279;527;206;3;680;625;990;951;142,119;142;206;279;299;462;527;571;680;951;990,119;279;299;527;571,119;142;206;279;299;462;527;571;680;951;990,119;279;299;527;571,299,299,1,299,299
787,train,sem_0112,acq:present_cont,para3,tense,I am ordering lunch.,253;800,800,483.0,366.0,788.0,784.0,682.0,,,,,,,51,764,191,472,68.0,811.0,173.0,18.0,893.0,366.0,96.0,800.0,800,493.0,832.0,51.0,764.0,305.0,,,,,,,800;483;366;788;784;682,51;764;191;472;68;811;173;18;893;366;96;800,800;493;832;51;764;305,51;366;764;800,4,800,1,20,4,800,493;800;51;305;764;832,764;51;472;811;191;68;366;493;800;18;893;173,51;493;764;800,800,51;253;493;764;800,253;800,800;483;847;784;18;520;597;624;493,18;483;493;520;597;624;784;800;847,9,800;483;18;847;597;520,800;483;18;847;597;520
788,train,sem_0228,eat:decl,para3,lex,She order lunch.,70;974,483,800.0,784.0,597.0,847.0,921.0,14.0,432.0,757.0,787.0,,,483,784,800,597,921.0,836.0,14.0,401.0,625.0,532.0,329.0,,836,800.0,784.0,921.0,483.0,14.0,401.0,597.0,,,,,483;800;784;597;847;921;14;432;757;787,483;784;800;597;921;836;14;401;625;532;329,836;800;784;921;483;14;401;597,14;401;483;597;784;800;836;921,8,14;483;597;784;800;921,6,16,3,483;800;784;597;847;757;921;14;432;157,483;784;800;836;921;14;401;597,800;483;784;597;921;836;14;401;532;625;329;976,14;401;483;597;784;800;836;921,14;483;597;784;800;921,14;70;401;483;597;784;800;836;921;974,14;70;483;597;784;800;921;974,14;921;211;800;784;836;483;847,14;157;211;483;784;800;836;847;921,9,847;14;784;483;800;211;836;921;157,847;14;784;483;800;211;836;921;157
789,train,sem_0166,learn:decl,para3,lex,He review music.,838;866,364,193.0,235.0,260.0,518.0,3.0,672.0,859.0,629.0,587.0,515.0,477.0,235,364,193,260,518.0,3.0,154.0,634.0,316.0,187.0,24.0,545.0,316,187.0,364.0,235.0,634.0,193.0,260.0,154.0,24.0,545.0,,,364;193;235;260;518;3;672;859;629;587;515;477,235;364;193;260;518;3;154;634;316;187;24;545,316;187;364;235;634;193;260;154;24;545,3;24;154;187;193;235;260;316;364;518;545;634,12,193;235;260;364,4,16,3,364;193;260;235;518;3;629;515;672;859;587;20,187;193;235;316;364;634;154;260;24;545,235;364;193;260;154;518;187;316;634;3;545;24,3;24;154;187;193;235;260;316;364;518;545;634,193;235;260;364,3;24;154;187;193;235;260;316;364;518;545;634;838;866,193;235;260;364;838;866,235;364;193;672,193;235;364;518;672,5,364;235;193;672;518,364;235;193;672;518
790,train,sem_0049,move:modal_can,para4,tense,I can come to the town.,608;873;945,608,945.0,691.0,973.0,352.0,286.0,855.0,396.0,619.0,292.0,29.0,936.0,608,945,691,352,71.0,936.0,173.0,385.0,855.0,82.0,292.0,583.0,608,945.0,936.0,71.0,352.0,385.0,173.0,691.0,715.0,292.0,948.0,82.0,608;945;691;973;352;286;855;396;619;292;29;936,608;945;691;352;71;936;173;385;855;82;292;583,608;945;936;71;352;385;173;691;715;292;948;82,71;82;173;292;352;385;608;691;855;936;945,11,292;352;608;691;936;945,6,23,6,608;945;691;352;292;855;936;396;29;973;715;17,608;945;71;352;936;173;385;691;2;17;23;29,608;945;691;352;936;71;173;385;855;292;396;29,17;29;71;173;292;352;385;396;608;691;855;936;945,29;352;608;691;936;945,17;29;71;173;292;352;385;396;608;691;855;873;936;945,29;352;608;691;873;936;945,608;945;936;173,173;608;936;945,4,608;945,608;945
791,train,sem_0078,drink:decl,para3,base,He have dinner.,302;766,533,917.0,420.0,302.0,975.0,283.0,326.0,314.0,978.0,253.0,65.0,157.0,283,302,420,533,917.0,326.0,157.0,975.0,686.0,318.0,184.0,770.0,283,302.0,420.0,533.0,975.0,184.0,486.0,917.0,770.0,157.0,562.0,218.0,533;917;420;302;975;283;326;314;978;253;65;157,283;302;420;533;917;326;157;975;686;318;184;770,283;302;420;533;975;184;486;917;770;157;562;218,157;184;283;302;326;420;533;770;917;975,10,157;283;302;420;533;917;975,7,15,3,533;917;420;302;283;975;326;314;978;570;157;122,283;302;157;184;218;420;486;533;562;686;770;917,302;283;420;533;917;975;686;157;318;486;562;184,157;184;283;302;420;486;533;562;686;917;975,157;283;302;420;533;917,157;184;283;302;420;486;533;562;686;766;917;975,157;283;302;420;533;766;917,184;302;218;157,157;184;218;283;302;420;533;686;917;974;975,11,283;975;533;917;974;420;184;302;686,283;975;533;917;974;420;184;302;686
792,train,sem_0297,watch:decl,para3,lex,He observe a film.,48;732,935,931.0,719.0,991.0,418.0,524.0,857.0,891.0,861.0,742.0,112.0,490.0,935,931,857,991,418.0,719.0,956.0,112.0,891.0,150.0,903.0,614.0,719,956.0,991.0,418.0,935.0,112.0,891.0,931.0,903.0,857.0,614.0,150.0,935;931;719;991;418;524;857;891;861;742;112;490,935;931;857;991;418;719;956;112;891;150;903;614,719;956;991;418;935;112;891;931;903;857;614;150,112;150;418;614;719;857;891;903;931;935;956;991,12,112;418;719;857;891;931;935;991,8,18,4,935;931;719;524;418;991;861;857;891;112;490;742,418;719;935;956;991;112;891;931;903;150;614;857,935;931;991;719;418;956;857;891;112;903;150;614,112;150;418;614;719;857;891;903;931;935;956;991,112;418;719;857;891;931;935;991,48;112;150;418;614;719;732;857;891;903;931;935;956;991,48;112;418;719;732;857;891;931;935;991,991;956;861;418;112;732;935;490;713;719;931;982;536,112;220;259;418;490;536;713;719;732;861;903;931;935;956;982;991,16,991;861;732;935;903;490;931;713;259;956;220;112;418;536;982,991;861;732;935;903;490;931;713;259;956;220;112;418;536;982
793,train,sem_seed_drink_future_will,drink:future_will,singleton,single-seed,I will drink water.,,21,546.0,323.0,990.0,963.0,,,,,,,,990,21,546,323,963.0,289.0,0.0,236.0,999.0,412.0,982.0,733.0,546,0.0,236.0,289.0,21.0,990.0,963.0,323.0,999.0,,,,21;546;323;990;963,990;21;546;323;963;289;0;236;999;412;982;733,546;0;236;289;21;990;963;323;999,0;21;236;289;323;546;963;990;999,9,21;323;546;963;990,5,19,4,21;546;323;990,0;21;236;289;546;990;323;963;999,546;21;323;963;990;0;289;236;999;412;572;982,0;21;236;289;323;546;963;990;999,21;323;546;990,0;21;236;289;323;546;963;990;999,21;323;546;990,21;0,0;21;963,3,21;0;963,21;0;963
794,train,sem_0236,pref:decl,para3,base,She prefer a book.,336;810,74,8.0,810.0,650.0,983.0,383.0,951.0,78.0,393.0,812.0,342.0,495.0,810,650,8,74,983.0,951.0,263.0,629.0,592.0,687.0,422.0,383.0,810,650.0,8.0,263.0,74.0,629.0,592.0,687.0,983.0,422.0,273.0,355.0,74;8;810;650;983;383;951;78;393;812;342;495,810;650;8;74;983;951;263;629;592;687;422;383,810;650;8;263;74;629;592;687;983;422;273;355,8;74;263;383;422;592;629;650;687;810;951;983,12,8;74;650;810;983,5,18,4,74;8;810;650;983;951;383;78;393;757;686;495,810;650;8;74;263;592;629;687;983;422;4;14,810;650;8;74;983;592;629;263;687;951;422;495,8;74;263;422;495;592;629;650;687;810;951;983,8;74;650;810;983,8;74;263;336;422;495;592;629;650;687;810;951;983,8;74;336;650;810;983,74;810;8;650;592,8;74;592;650;810,5,74;8;810;650,74;8;810;650
795,train,sem_seed_watch_because_cause,watch:because_cause,singleton,single-seed,"He watch a film, because it is warm.",,564,206.0,482.0,710.0,924.0,799.0,988.0,279.0,510.0,329.0,912.0,6.0,564,206,584,279,988.0,799.0,779.0,912.0,347.0,510.0,6.0,329.0,584,206.0,564.0,988.0,779.0,786.0,347.0,119.0,279.0,510.0,912.0,799.0,564;206;482;710;924;799;988;279;510;329;912;6,564;206;584;279;988;799;779;912;347;510;6;329,584;206;564;988;779;786;347;119;279;510;912;799,6;206;279;329;347;510;564;584;779;799;912;988,12,206;279;510;564;799;912;988,7,36,8,564;279;924;206;329;482;988;779;510;710;799;912,206;564;584;119;279;347;510;779;786;799;912;988,564;584;206;329;482;6;710;924;799;347;988;510,206;279;329;347;482;510;564;584;710;779;799;912;924;988,206;510;564;799;988,206;279;329;347;482;510;564;584;710;779;799;912;924;988,206;510;564;799;988,,510,1,510,510
796,train,sem_seed_pref_wh_where,pref:wh_where,singleton,single-seed,Where do You like?,,425,143.0,890.0,,,,,,,,,,143,425,694,575,162.0,280.0,310.0,402.0,13.0,232.0,894.0,993.0,425,143.0,280.0,310.0,778.0,993.0,970.0,946.0,162.0,402.0,232.0,738.0,425;143;890,143;425;694;575;162;280;310;402;13;232;894;993,425;143;280;310;778;993;970;946;162;402;232;738,143;162;232;280;310;402;425;993,8,143;425,2,18,4,425;143;890,143;425;13;97;162;232;280;310;402;575;694;731,143;425;280;310;162;694;402;993;894;232;946;575,143;162;232;280;310;402;425;575;694,143;425,143;162;232;280;310;402;425;575;694,143;425,,,0,,
797,train,sem_0032,acq:present_cont,para4,tense,We are buying a song.,348;446;966,245,83.0,348.0,505.0,,,,,,,,,83,505,245,762,598.0,833.0,997.0,168.0,892.0,781.0,348.0,398.0,83,505.0,997.0,892.0,833.0,398.0,348.0,168.0,781.0,966.0,762.0,245.0,245;83;348;505,83;505;245;762;598;833;997;168;892;781;348;398,83;505;997;892;833;398;348;168;781;966;762;245,83;168;245;348;398;505;762;781;833;892;997,11,83;245;348;505,4,22,5,245;83;348,83;168;348;398;505;781;833;892;997;245;550;578,83;505;245;997;781;398;348;892;168;833;598;762,83;168;245;348;398;505;781;833;892;997,83;245;348,83;168;245;348;398;446;505;781;833;892;966;997,83;245;348;446;966,348;578,348;578,2,348;578,348;578
798,train,sem_0066,pref:decl,para3,lex,I enjoy a sandwich.,335;685,492,500.0,108.0,118.0,617.0,818.0,774.0,541.0,177.0,408.0,80.0,624.0,492,516,774,332,500.0,525.0,617.0,624.0,735.0,108.0,408.0,754.0,617,735.0,408.0,108.0,500.0,624.0,525.0,754.0,100.0,171.0,774.0,516.0,492;500;108;118;617;818;774;541;177;408;80;624,492;516;774;332;500;525;617;624;735;108;408;754,617;735;408;108;500;624;525;754;100;171;774;516,108;408;492;500;516;525;617;624;735;754;774,11,108;408;500;617;624;774,6,19,4,492;108;118;818;617;541;774;177;603;80;678;336,108;408;500;525;617;624;735;100;171;754;516;774,774;516;492;332;500;735;624;617;525;108;408;100,100;108;408;492;500;516;525;617;624;735;774,108;617;774,100;108;335;408;492;500;516;525;617;624;685;735;774,108;335;617;685;774,617;525;108;408;500;177;99;624;171;492,55;80;99;108;118;138;171;177;393;408;414;492;495;500;525;617;624;735;785;944,20,617;108;525;99;177;492;393;138;408;735;944;80;55;414;118;171;495;785,617;108;525;99;177;492;393;138;408;735;944;80;55;414;118;171;495;785
799,train,sem_single_0925,call:because_cause,singleton,single,"She call a friend, because it is warm.",,130,206.0,482.0,26.0,710.0,795.0,510.0,329.0,988.0,279.0,924.0,178.0,130,510,329,795,564.0,988.0,912.0,206.0,779.0,347.0,279.0,584.0,510,26.0,329.0,779.0,912.0,795.0,347.0,142.0,564.0,584.0,130.0,988.0,130;206;482;26;710;795;510;329;988;279;924;178,130;510;329;795;564;988;912;206;779;347;279;584,510;26;329;779;912;795;347;142;564;584;130;988,26;130;206;279;329;347;510;564;584;779;795;912;988,13,130;329;510;795;988,5,38,8,26;130;178;279;329;206;510;564;795;482;779;988,510;26;329;130;142;206;279;347;564;584;779;795,130;329;510;6;924;482;710;584;206;347;564;279,26;130;206;279;329;347;482;510;564;584;779;795,130;206;279;329;510;564,26;130;206;279;329;347;482;510;564;584;779;795,130;206;279;329;510;564,26,26;988,2,988;26,988;26
800,validation,sem_0112,acq:decl,para3,base,I order lunch.,253;787,483,788.0,784.0,597.0,432.0,757.0,847.0,787.0,565.0,624.0,520.0,,788,483,784,597,565.0,520.0,493.0,488.0,663.0,84.0,624.0,481.0,493,784.0,483.0,565.0,520.0,788.0,832.0,84.0,491.0,481.0,787.0,624.0,483;788;784;597;432;757;847;787;565;624;520,788;483;784;597;565;520;493;488;663;84;624;481,493;784;483;565;520;788;832;84;491;481;787;624,84;481;483;493;520;565;597;624;784;787;788,11,483;520;565;624;784;788,6,14,3,483;788;784;597;757;432;847;565;624;520;787,483;493;520;565;784;788;84;305;481;488;491;597,788;784;483;597;520;565;493;491;481;84;624;663,84;481;483;491;493;520;565;597;624;784;788,483;520;565;597;784;788,84;253;481;483;491;493;520;565;597;624;784;787;788,253;483;520;565;597;784;787;788,787;483;520;784;847;624;493;597;788;565;652;268;663,268;483;493;520;565;597;624;652;663;784;787;788;847,13,483;787;520;784;597;847;788;624;565;663;652,483;787;520;784;597;847;788;624;565;663;652
801,validation,sem_0067,play:decl,para3,base,They play a game.,,512,462.0,808.0,464.0,837.0,124.0,511.0,351.0,579.0,46.0,299.0,523.0,462,808,512,464,837.0,351.0,579.0,46.0,279.0,299.0,786.0,124.0,274,920.0,681.0,837.0,462.0,464.0,808.0,103.0,512.0,933.0,124.0,109.0,512;462;808;464;837;124;511;351;579;46;299;523,462;808;512;464;837;351;579;46;279;299;786;124,274;920;681;837;462;464;808;103;512;933;124;109,46;124;299;351;462;464;512;579;808;837,10,124;462;464;512;808;837,6,17,4,512;462;808;464;837;124;511;351;46;579;523;786,103;109;124;274;462;464;512;681;808;837;920;933,464;808;837;462;512;351;124;579;103;109;274;681,103;109;124;274;351;462;464;512;579;681;808;837,124;462;464;512;808;837,103;109;124;274;351;462;464;512;579;681;808;837,124;462;464;512;808;837,808;920;837;933;512;103;109;681;240,103;109;240;464;512;681;808;837;920;933,10,808;920;103;837;464,808;920;103;837;464
802,validation,sem_0127,social:front_time,para3,order,"Now, He help my mother.",612;676,676,872.0,121.0,265.0,823.0,611.0,,,,,,,121,676,872,265,611.0,823.0,370.0,58.0,399.0,403.0,693.0,257.0,676,121.0,370.0,58.0,872.0,265.0,611.0,823.0,403.0,,,,676;872;121;265;823;611,121;676;872;265;611;823;370;58;399;403;693;257,676;121;370;58;872;265;611;823;403,58;121;265;370;403;611;676;823;872,9,121;265;611;676;823;872,6,23,5,676;872;121;265;611;823,676;121;58;265;370;872;611;403;823,121;676;872;265;611;370;58;823;399;403;285;701,58;121;265;370;403;611;676;823;872,121;265;611;676;823;872,58;121;265;370;403;611;612;676;823;872,121;265;611;612;676;823;872,121;676,121;676,2,676;121,676;121
803,validation,sem_0237,move:decl,para3,lex,We run to the station.,148;549,769,385.0,948.0,292.0,29.0,730.0,753.0,583.0,89.0,549.0,853.0,998.0,769,385,549,148,179.0,209.0,450.0,64.0,322.0,730.0,292.0,998.0,769,549.0,148.0,385.0,179.0,730.0,292.0,855.0,753.0,209.0,450.0,948.0,769;385;948;292;29;730;753;583;89;549;853;998,769;385;549;148;179;209;450;64;322;730;292;998,769;549;148;385;179;730;292;855;753;209;450;948,148;179;209;292;385;450;549;730;753;769;948;998,12,292;385;549;730;769,5,22,5,769;385;292;948;29;730;753;583;549;998;853;322,549;769;148;385;29;82;179;209;287;292;322;450,769;385;549;450;209;179;148;64;842;998;287;583,29;148;179;209;287;292;322;385;450;549;583;769;998,385;549;769,29;148;179;209;287;292;322;385;450;549;583;769;998,148;385;549;769,769;549;385;948;853;148,148;385;549;665;718;730;769;853;948,9,769;853;385;665;549;730;718;948,769;853;385;665;549;730;718;948
804,validation,sem_0048,eat:going_to,para4,tense,They are going to have pizza.,92;529;677,381,529.0,161.0,823.0,869.0,218.0,705.0,102.0,42.0,463.0,561.0,458.0,381,42,526,829,161.0,480.0,561.0,458.0,823.0,723.0,529.0,656.0,381,42.0,529.0,161.0,458.0,480.0,526.0,561.0,829.0,823.0,723.0,656.0,381;529;161;823;869;218;705;102;42;463;561;458,381;42;526;829;161;480;561;458;823;723;529;656,381;42;529;161;458;480;526;561;829;823;723;656,42;161;381;458;480;526;529;561;656;723;823;829,12,42;161;381;458;529;561;823,7,29,6,381;218;529;869;705;102;823;463;42;161;561;458,381;42;529;161;458;480;526;561;823;829;92;656,381;42;529;526;823;480;161;458;561;829;723;656,42;161;381;458;480;526;529;561;656;823;829,42;161;381;458;529;561;823,42;92;161;381;458;480;526;529;561;656;677;823;829,42;92;161;381;458;529;561;677;823,381;529;349;436;987,37;51;102;252;349;381;411;436;529;577;705;987,12,381;349;252;436;37;577;987;51;705;411;529;102,381;349;252;436;37;577;987;51;705;411;529;102
805,validation,sem_seed_social_front_place,social:front_place,singleton,single-seed,"at the cafe, He start lunch.",,79,308.0,489.0,532.0,887.0,,,,,,,,489,308,532,521,378.0,338.0,553.0,146.0,977.0,93.0,729.0,404.0,489,308.0,256.0,642.0,556.0,378.0,338.0,146.0,553.0,662.0,521.0,93.0,79;308;489;532;887,489;308;532;521;378;338;553;146;977;93;729;404,489;308;256;642;556;378;338;146;553;662;521;93,93;146;308;338;378;489;521;532;553,9,308;489,2,28,6,308;532;79;489,308;489;93;146;256;338;378;521;553;556;642;662,308;489;338;378;977;553;146;93;521;532;887;729,93;146;308;338;378;489;521;532;553,308;489,93;146;308;338;378;489;521;532;553,308;489,,489;532,2,532;489,532;489
806,validation,sem_seed_social_going_to,social:going_to,singleton,single-seed,You are going to take a phone.,,561,627.0,293.0,531.0,723.0,19.0,46.0,656.0,905.0,434.0,161.0,947.0,561,531,46,723,905.0,656.0,947.0,434.0,293.0,627.0,505.0,492.0,561,531.0,46.0,905.0,656.0,723.0,947.0,55.0,505.0,492.0,458.0,829.0,561;627;293;531;723;19;46;656;905;434;161;947,561;531;46;723;905;656;947;434;293;627;505;492,561;531;46;905;656;723;947;55;505;492;458;829,46;293;434;492;505;531;561;627;656;723;905;947,12,46;531;561;656;723;905;947,7,30,7,561;627;293;723;46;531;656;19;905;434;947;161,561;46;531;656;723;905;947;19;55;161;434;458,561;723;947;905;656;46;531;627;293;434;492;161,19;46;161;293;434;531;561;627;656;723;905;947,46;161;434;531;561;656;723;905;947,19;46;161;293;434;531;561;627;656;723;905;947,46;161;434;531;561;656;723;905;947,561;627;293,19;293;561;627,4,561;627;293;19,561;627;293;19
807,validation,sem_seed_drink_front_place,drink:front_place,singleton,single-seed,"in the city, I sip juice.",,654,225.0,640.0,306.0,767.0,607.0,149.0,387.0,522.0,727.0,227.0,,640,522,654,225,326.0,628.0,376.0,117.0,79.0,149.0,767.0,607.0,654,640.0,522.0,225.0,326.0,64.0,628.0,153.0,79.0,222.0,387.0,376.0,654;225;640;306;767;607;149;387;522;727;227,640;522;654;225;326;628;376;117;79;149;767;607,654;640;522;225;326;64;628;153;79;222;387;376,79;149;225;326;376;387;522;607;628;640;654;767,12,225;522;640;654,4,25,6,654;225;306;640;767;607;149;387;522;727;227;117,640;654;522;225;64;79;153;326;628;117;222;376,640;654;225;522;767;306;607;149;326;628;727;79,79;117;149;225;306;326;522;607;628;640;654;727;767,225;522;640;654,79;117;149;225;306;326;522;607;628;640;654;727;767,225;522;640;654,640;654,225;640;654,3,640;225;654,640;225;654
808,validation,sem_0005,play:decl,singleton,base,We play a game.,,462,464.0,512.0,837.0,801.0,299.0,892.0,351.0,579.0,786.0,46.0,984.0,299,837,512,462,464.0,801.0,351.0,579.0,46.0,786.0,279.0,892.0,240,512.0,837.0,462.0,801.0,464.0,892.0,644.0,351.0,550.0,299.0,88.0,462;464;512;837;801;299;892;351;579;786;46;984,299;837;512;462;464;801;351;579;46;786;279;892,240;512;837;462;801;464;892;644;351;550;299;88,46;299;351;462;464;512;579;786;801;837;892,11,299;351;462;464;512;801;837;892,8,15,4,462;464;512;837;801;351;892;299;786;46;579;984,240;462;464;512;644;801;837;892;88;299;351;550,837;464;462;512;801;351;299;892;579;644;240;311,240;299;351;462;464;512;579;644;801;837;892,299;351;462;464;512;801;837;892,240;299;351;462;464;512;579;644;801;837;892,299;351;462;464;512;801;837;892,512;801;837;240;46;644,46;103;240;512;630;644;801;837;890,9,837;801;512;630;890;103,837;801;512;630;890;103
809,validation,sem_0293,move:decl,para3,base,We travel to school.,82;188,188,549.0,573.0,649.0,313.0,17.0,998.0,606.0,322.0,148.0,468.0,449.0,188,649,549,606,148.0,468.0,313.0,573.0,287.0,449.0,322.0,17.0,188,649.0,549.0,606.0,148.0,573.0,593.0,468.0,968.0,313.0,,,188;549;573;649;313;17;998;606;322;148;468;449,188;649;549;606;148;468;313;573;287;449;322;17,188;649;549;606;148;573;593;468;968;313,17;148;188;313;322;449;468;549;573;606;649,11,148;188;313;468;549;573;606;649,8,20,4,188;549;573;649;313;17;998;322;148;606;468;449,188;649;549;606;148;313;468;573;593;968,188;649;549;606;148;468;313;573;593;449;322;673,148;188;313;322;449;468;549;573;593;606;649,148;188;313;468;549;573;606;649,82;148;188;313;322;449;468;549;573;593;606;649,82;148;188;313;468;549;573;606;649,188,188;649,2,188;649,188;649
810,validation,sem_0236,pref:front_time,para3,order,"Yesterday, She prefer a book.",336;794,794,74.0,152.0,8.0,351.0,650.0,145.0,983.0,,,,,794,650,152,74,8.0,983.0,145.0,351.0,951.0,629.0,592.0,263.0,794,650.0,74.0,263.0,629.0,592.0,8.0,351.0,687.0,152.0,145.0,983.0,794;74;152;8;351;650;145;983,794;650;152;74;8;983;145;351;951;629;592;263,794;650;74;263;629;592;8;351;687;152;145;983,8;74;145;152;263;351;592;629;650;794;983,11,8;74;145;152;351;650;794;983,8,29,5,794;74;152;8;351;650;145;983;908;951;383,794;650;8;74;263;592;629;145;152;351;687;983,794;152;650;8;74;145;351;983;629;592;263;687,8;74;145;152;263;351;592;629;650;687;794;983,8;74;145;152;351;650;794;983,8;74;145;152;263;336;351;592;629;650;687;794;983,8;74;145;152;336;351;650;794;983,794,74;794,2,794;74,794;74
811,validation,sem_seed_watch_present_cont,watch:present_cont,singleton,single-seed,I am watching a movie.,,552,940.0,419.0,633.0,,,,,,,,,472,68,191,96,787.0,764.0,51.0,940.0,552.0,173.0,18.0,893.0,490,651.0,68.0,536.0,191.0,472.0,54.0,982.0,747.0,896.0,81.0,96.0,552;940;419;633,472;68;191;96;787;764;51;940;552;173;18;893,490;651;68;536;191;472;54;982;747;896;81;96,68;96;191;472;552;940,6,,0,22,5,552;940;419;633,490;651;54;68;191;472;536;747;896;982;81;96,68;472;191;51;764;787;552;940;490;651;96;18,68;96;191;472;490;552;651;940,,68;96;191;472;490;552;651;940,,852;490;419;536;982;633;484;54;713,54;419;484;490;536;633;713;852;982,9,490;852;419;536;982;54,490;852;419;536;982;54
812,validation,sem_0016,pref:decl,para4,lex,We prefer water.,296;640;728,342,432.0,383.0,393.0,686.0,74.0,757.0,794.0,630.0,78.0,86.0,152.0,409,21,551,963,323.0,432.0,342.0,393.0,383.0,86.0,548.0,924.0,551,432.0,21.0,342.0,409.0,383.0,86.0,963.0,323.0,393.0,138.0,152.0,342;432;383;393;686;74;757;794;630;78;86;152,409;21;551;963;323;432;342;393;383;86;548;924,551;432;21;342;409;383;86;963;323;393;138;152,21;86;152;323;342;383;393;409;432;551;963,11,86;342;383;393;432,5,16,3,432;383;393;342;686;74;757;794,21;342;409;432;551;86;323;383;393;963;138;152,551;21;409;342;432;963;323;383;393;86;138;152,21;86;138;152;323;342;383;393;409;432;551;963,342;383;393;432,21;86;138;152;296;323;342;383;393;409;432;551;640;728;963,296;342;383;393;432;640;728,342;551;21;289;963,21;289;323;342;409;551;963,7,551;342;21;323;409;963;289,551;342;21;323;409;963;289
813,validation,sem_0121,move:front_time,para3,order,"Now, You walk to the town.",828;973,828,936.0,715.0,840.0,544.0,973.0,173.0,591.0,753.0,71.0,300.0,608.0,828,71,936,715,840.0,544.0,182.0,973.0,665.0,753.0,300.0,591.0,828,715.0,936.0,840.0,71.0,973.0,544.0,182.0,665.0,300.0,583.0,352.0,828;936;715;840;544;973;173;591;753;71;300;608,828;71;936;715;840;544;182;973;665;753;300;591,828;715;936;840;71;973;544;182;665;300;583;352,71;182;300;544;591;665;715;753;828;840;936;973,12,71;300;544;715;828;840;936;973,8,26,6,828;936;715;840;544;591;753;300;608;973;173;352,828;71;544;715;840;936;973;182;665;17;209;286,828;715;71;936;544;840;182;973;665;753;591;300,71;182;300;544;591;665;715;753;828;840;936;973,544;715;828;840;936;973,71;182;300;544;591;665;715;753;828;840;936;973,544;715;828;840;936;973,828;936;973;71,71;828;936;973,4,828;973,828;973
814,validation,sem_0139,learn:decl,para3,lex,You study a novel.,413;841,231,158.0,1.0,168.0,838.0,479.0,,,,,,,231,1,158,594,992.0,539.0,372.0,923.0,540.0,983.0,838.0,479.0,594,231.0,539.0,992.0,540.0,923.0,1.0,372.0,158.0,983.0,251.0,261.0,231;158;1;168;838;479,231;1;158;594;992;539;372;923;540;983;838;479,594;231;539;992;540;923;1;372;158;983;251;261,1;158;231;372;479;539;540;594;838;923;983;992,12,1;158;231,3,18,4,231;1;158;838;168;479,231;539;594;992;1;372;540;923;158;983;8;69,231;1;158;594;539;992;372;923;540;838;168;479,1;158;168;231;372;479;539;540;594;838;923;992,1;158;231,1;158;168;231;372;413;479;539;540;594;838;841;923;992,1;158;231;413;841,992;1,1;158;231;374;519;539;854;871;992,9,158;871;992;231;519;1;374;539;854,158;871;992;231;519;1;374;539;854
815,validation,sem_0192,drink:decl,para3,lex,You sip coffee.,453;690,25,555.0,929.0,192.0,655.0,538.0,36.0,149.0,562.0,,,,929,25,655,555,192.0,538.0,36.0,149.0,507.0,905.0,576.0,562.0,655,25.0,929.0,149.0,555.0,538.0,507.0,192.0,,,,,25;555;929;192;655;538;36;149;562,929;25;655;555;192;538;36;149;507;905;576;562,655;25;929;149;555;538;507;192,25;36;149;192;507;538;555;562;655;929,10,25;149;192;538;555;655;929,7,15,3,25;555;929;655;192;538;36;149;562,25;149;555;655;929;192;507;538,25;555;655;929;538;192;149;36;507;905;215;576,25;36;149;192;507;538;555;655;929,25;149;192;538;555;655;929,25;36;149;192;453;507;538;555;655;690;929,25;149;192;453;538;555;655;690;929,25;507;428;655;929,25;36;166;192;428;507;555;576;655;835;929,11,25;655;507;555;192;929;428;166;835;576;36,25;655;507;555;192;929;428;166;835;576;36
816,validation,sem_seed_drink_wh_when,drink:wh_when,singleton,single-seed,When do They drink?,,575,970.0,35.0,331.0,104.0,835.0,,,,,,,970,35,331,575,725.0,204.0,324.0,373.0,886.0,97.0,843.0,280.0,331,970.0,575.0,35.0,104.0,835.0,234.0,373.0,280.0,999.0,864.0,204.0,575;970;35;331;104;835,970;35;331;575;725;204;324;373;886;97;843;280,331;970;575;35;104;835;234;373;280;999;864;204,35;104;204;280;331;373;575;835;970,9,35;331;575;970,4,19,4,575;970;35;331;104;835;280,35;331;575;970;104;835;97;143;162;204;234;280,970;331;35;575;324;886;373;204;843;97;725;999,35;97;104;204;280;331;575;835;970,35;331;575;970,35;97;104;204;280;331;575;835;970,35;331;575;970,970;575,575;970,2,575;970,575;970
817,validation,sem_0109,call:decl,para3,lex,He contact my father.,58;403,291,439.0,392.0,320.0,106.0,856.0,631.0,196.0,202.0,285.0,435.0,739.0,320,392,439,291,106.0,856.0,196.0,612.0,284.0,953.0,461.0,247.0,439,284.0,461.0,291.0,953.0,392.0,320.0,612.0,856.0,106.0,341.0,247.0,291;439;392;320;106;856;631;196;202;285;435;739,320;392;439;291;106;856;196;612;284;953;461;247,439;284;461;291;953;392;320;612;856;106;341;247,106;196;247;284;291;320;392;439;461;612;856;953,12,106;291;320;392;439;856,6,21,4,291;439;392;106;320;856;631;202;196;285;435;739,284;291;320;392;439;461;612;953;106;247;341;856,291;439;320;392;856;106;284;612;461;953;196;247,106;196;247;284;291;320;392;439;461;612;856;953,106;291;320;392;439;856,58;106;196;247;284;291;320;392;403;439;461;612;856;953,58;106;291;320;392;403;439;856,392;291;435;284;439;461;106;320;45;133;370;356;196,45;106;133;196;284;291;320;343;356;370;392;435;439;461;574;631;831;834;850;856,20,291;435;284;461;439;856;106;392;45;834;343;133;320;831;631;850;574,291;435;284;461;439;856;106;392;45;834;343;133;320;831;631;850;574
818,validation,sem_0053,eat:decl,para4,base,She have a sandwich.,15;623;921,118,15.0,80.0,678.0,559.0,623.0,100.0,910.0,500.0,944.0,763.0,99.0,559,15,118,80,678.0,944.0,763.0,960.0,100.0,14.0,456.0,623.0,559,15.0,118.0,14.0,623.0,678.0,456.0,80.0,944.0,763.0,960.0,100.0,118;15;80;678;559;623;100;910;500;944;763;99,559;15;118;80;678;944;763;960;100;14;456;623,559;15;118;14;623;678;456;80;944;763;960;100,14;15;80;100;118;456;559;623;678;763;944;960,12,15;80;100;118;559;623;678;763;944,9,20,4,118;15;80;678;559;623;763;99;960;617;38;100,15;559;14;80;118;456;623;678;100;763;944;960,15;559;678;118;80;763;944;100;960;456;623;14,14;15;80;100;118;456;559;623;678;763;944;960,15;80;100;118;559;623;678;763;960,14;15;80;100;118;456;559;623;678;763;921;944;960,15;80;100;118;559;623;678;763;921;960,15;623;836;559;14;102,14;15;38;55;80;100;102;108;118;177;456;504;559;617;623;677;678;763;836;860;899;910,22,623;15;118;559;80;14;678;177;38;100;504;456;763;860;910;55;899;108;617;677,623;15;118;559;80;14;678;177;38;100;504;456;763;860;910;55;899;108;617;677
819,validation,sem_seed_watch_wh_where,watch:wh_where,singleton,single-seed,Where does He view?,,916,609.0,154.0,736.0,39.0,,,,,,,,916,903,609,39,736.0,882.0,732.0,48.0,126.0,621.0,95.0,154.0,916,903.0,882.0,613.0,732.0,736.0,609.0,95.0,32.0,154.0,621.0,126.0,916;609;154;736;39,916;903;609;39;736;882;732;48;126;621;95;154,916;903;882;613;732;736;609;95;32;154;621;126,39;95;126;154;609;621;732;736;882;903;916,11,154;609;736;916,4,19,4,916;609;154;736;39,916;903;32;39;95;126;154;609;613;621;732;736,916;903;736;39;609;732;882;154;621;126;95;613,39;95;126;154;609;613;621;732;736;903;916,39;154;609;736;916,39;95;126;154;609;613;621;732;736;903;916,39;154;609;736;916,,,0,,
820,validation,sem_0018,call:decl,para4,base,You text a friend.,250;358;459,459,862.0,350.0,776.0,250.0,205.0,264.0,56.0,208.0,355.0,416.0,295.0,459,250,862,350,776.0,264.0,416.0,205.0,208.0,56.0,142.0,356.0,250,459.0,205.0,416.0,350.0,862.0,208.0,776.0,264.0,69.0,170.0,438.0,459;862;350;776;250;205;264;56;208;355;416;295,459;250;862;350;776;264;416;205;208;56;142;356,250;459;205;416;350;862;208;776;264;69;170;438,56;205;208;250;264;350;416;459;776;862,10,205;208;250;264;350;416;459;776;862,9,18,4,459;862;350;776;250;264;205;56;355;208;356;416,250;459;205;208;350;416;862;776;264;8;26;34,250;459;862;350;776;416;208;205;264;56;142;581,56;205;208;250;264;350;416;459;776;862,205;208;250;264;350;416;459;776;862,56;205;208;250;264;350;358;416;459;776;862,205;208;250;264;350;358;416;459;776;862,862;250;459;350;208;416,208;250;350;416;459;776;862,7,250;862;459;776;350,250;862;459;776;350
821,validation,sem_0174,acq:front_time,para3,order,"Now, I get a phone.",123;481,123,290.0,898.0,4.0,,,,,,,,,123,898,4,290,926.0,993.0,585.0,225.0,332.0,491.0,881.0,310.0,123,4.0,898.0,585.0,290.0,926.0,,,,,,,123;290;898;4,123;898;4;290;926;993;585;225;332;491;881;310,123;4;898;585;290;926,4;123;290;585;898;926,6,4;123;290;898,4,19,5,123;290;898;4,123;4;290;585;898;926,123;898;4;290;926;993;332;491;225;585;310;400,4;123;290;585;898;926,4;123;290;898,4;123;290;481;585;898;926,4;123;290;481;898,123,123,1,123,123
822,validation,sem_0015,social:decl,para4,base,They make coffee.,7;49;661,49,661.0,6.0,933.0,371.0,666.0,697.0,562.0,33.0,588.0,904.0,440.0,661,49,6,697,33.0,371.0,933.0,666.0,904.0,588.0,835.0,407.0,49,661.0,588.0,904.0,835.0,666.0,6.0,33.0,933.0,371.0,697.0,,49;661;6;933;371;666;697;562;33;588;904;440,661;49;6;697;33;371;933;666;904;588;835;407,49;661;588;904;835;666;6;33;933;371;697,6;33;49;371;588;661;666;697;835;904;933,11,6;33;49;371;588;661;666;697;904;933,10,17,3,49;661;6;933;371;697;562;33;588;666;440,49;661;588;666;835;904;6;33;371;697;933,661;49;6;933;371;33;697;904;835;588;666;407,6;33;49;371;588;661;666;697;835;904;933,6;33;49;371;588;661;666;697;933,6;7;33;49;371;588;661;666;697;835;904;933,6;7;33;49;371;588;661;666;697;933,661;835;49;576,49;576;588;661;835,5,835;661;49;576;588,835;661;49;576;588
823,validation,sem_0054,social:going_to,para4,tense,They are going to help my mother.,121;265;371,872,265.0,676.0,121.0,804.0,802.0,161.0,611.0,42.0,381.0,526.0,561.0,265,121,676,872,434.0,497.0,802.0,804.0,42.0,381.0,526.0,611.0,265,121.0,381.0,804.0,42.0,434.0,161.0,480.0,497.0,458.0,526.0,561.0,872;265;676;121;804;802;161;611;42;381;526;561,265;121;676;872;434;497;802;804;42;381;526;611,265;121;381;804;42;434;161;480;497;458;526;561,42;121;161;265;381;434;497;526;561;611;676;802;804;872,14,42;121;265;381;526;804,6,33,7,872;265;676;121;802;804;611;42;161;526;381;561,265;121;42;381;804;161;434;458;480;497;526;561,265;121;676;872;802;42;804;381;497;434;22;611,42;121;161;265;381;434;497;526;561;611;676;802;804;872,42;121;265;381;804,42;121;161;265;371;381;434;497;526;561;611;676;802;804;872,42;121;265;371;381;804,265;121;971,121;265;872;971,4,265;121;872;971,265;121;872;971
824,validation,sem_0266,acq:decl,para3,base,You pick a movie.,131;375,442,375.0,59.0,455.0,408.0,90.0,943.0,185.0,513.0,,,,442,59,455,419,151.0,778.0,713.0,375.0,353.0,476.0,513.0,943.0,375,713.0,442.0,419.0,778.0,151.0,59.0,353.0,476.0,455.0,531.0,861.0,442;375;59;455;408;90;943;185;513,442;59;455;419;151;778;713;375;353;476;513;943,375;713;442;419;778;151;59;353;476;455;531;861,59;151;353;375;419;442;455;476;513;713;778;943,12,59;375;442;455,4,17,4,442;375;59;455;90;408;513;943,151;375;419;442;713;778;59;353;476;455;531;5,442;59;455;151;375;419;778;713;353;476;90;943,59;90;151;353;375;419;442;455;476;713;778;943,59;375;442;455,59;90;131;151;353;375;419;442;455;476;713;778;943,59;131;375;442;455,442;375;59;943;419;151;778,59;151;375;419;442;778;943,7,442;375;59,442;375;59
825,validation,sem_seed_learn_decl,learn:decl,singleton,single-seed,I study music.,,542,315.0,445.0,168.0,838.0,424.0,479.0,,,,,,542,315,271,158,443.0,424.0,337.0,201.0,638.0,482.0,402.0,168.0,443,542.0,424.0,337.0,201.0,638.0,271.0,315.0,,,,,542;315;445;168;838;424;479,542;315;271;158;443;424;337;201;638;482;402;168,443;542;424;337;201;638;271;315,168;201;271;315;337;424;443;542;638,9,315;424;542,3,14,3,542;315;838;445;168;231;424,337;424;443;542;201;271;638;315,542;315;271;337;424;443;158;201;638;838;168;402,168;201;271;315;337;424;443;542;638;838,315;424;542,168;201;271;315;337;424;443;542;638;838,315;424;542,445;395;424;542,395;424;445;542,4,395;445;542;424,395;445;542;424
826,validation,sem_0097,learn:decl,para3,lex,They read a song.,235;672,775,989.0,900.0,895.0,712.0,339.0,979.0,360.0,496.0,877.0,460.0,167.0,895,900,989,775,712.0,339.0,979.0,930.0,479.0,543.0,124.0,496.0,895,989.0,543.0,479.0,900.0,124.0,930.0,775.0,712.0,245.0,590.0,198.0,775;989;900;895;712;339;979;360;496;877;460;167,895;900;989;775;712;339;979;930;479;543;124;496,895;989;543;479;900;124;930;775;712;245;590;198,124;339;479;496;543;712;775;895;900;930;979;989,12,712;775;895;900;989,5,17,4,775;989;900;895;712;339;979;877;360;460;167;496,895;124;479;543;712;775;900;930;989;245;590;198,895;775;989;900;712;339;479;124;543;930;496;245,124;245;339;479;496;543;712;775;895;900;930;989,712;775;895;900;989,124;235;245;339;479;496;543;672;712;775;895;900;930;989,235;672;712;775;895;900;989,900;989;775;895;57,57;775;895;900;989,5,775;989;900;57,775;989;900;57
827,validation,sem_0011,pref:past_simple,para4,tense,She loved a song.,180;530;699,180,602.0,636.0,833.0,563.0,296.0,995.0,530.0,930.0,,,,636,602,180,989,771.0,57.0,20.0,296.0,530.0,,,,989,180.0,771.0,20.0,57.0,530.0,900.0,336.0,348.0,355.0,321.0,861.0,180;602;636;833;563;296;995;530;930,636;602;180;989;771;57;20;296;530,989;180;771;20;57;530;900;336;348;355;321;861,20;57;180;296;530;602;636;771;989,9,180;530,2,18,4,180;563;833;995;636;930;530;602;989;775,180;771;989;20;57;530;14;26;63;78;124;134,636;602;989;180;771;296;20;57;530;826;781;775,20;57;180;530;602;636;771;775;989,180;530;989,20;57;180;530;602;636;699;771;775;989,180;530;699;989,180;995;930;833,180;563;833;930;995,5,180;563;930;995;833,180;563;930;995;833
828,validation,sem_0121,move:decl,para3,base,You walk to the town.,813;973,813,936.0,715.0,840.0,544.0,973.0,591.0,173.0,753.0,300.0,71.0,182.0,813,715,936,71,840.0,544.0,182.0,973.0,300.0,753.0,591.0,914.0,813,544.0,715.0,936.0,840.0,71.0,973.0,182.0,753.0,209.0,608.0,591.0,813;936;715;840;544;973;591;173;753;300;71;182,813;715;936;71;840;544;182;973;300;753;591;914,813;544;715;936;840;71;973;182;753;209;608;591,71;182;300;544;591;715;753;813;840;936;973,11,71;182;544;591;715;753;813;840;936;973,10,21,5,813;936;715;840;544;591;753;300;608;973;173;182,813;71;544;715;840;936;973;182;17;209;286;300,813;71;715;936;840;544;182;973;591;753;300;914,71;182;300;544;591;715;753;813;840;936;973,182;300;544;715;813;840;936;973,71;182;300;544;591;715;753;813;840;936;973,182;300;544;715;813;840;936;973,813;936;973;173;71;715,71;173;715;813;873;936;973,7,973;813;936;715;873;173,973;813;936;715;873;173
829,validation,sem_0291,social:going_to,para3,tense,They are going to bring a ticket.,33;98,98,161.0,804.0,33.0,561.0,42.0,186.0,526.0,381.0,823.0,458.0,915.0,98,480,561,458,161.0,804.0,42.0,381.0,526.0,823.0,806.0,55.0,98,480.0,458.0,161.0,561.0,42.0,804.0,381.0,505.0,531.0,806.0,492.0,98;161;804;33;561;42;186;526;381;823;458;915,98;480;561;458;161;804;42;381;526;823;806;55,98;480;458;161;561;42;804;381;505;531;806;492,42;98;161;381;458;480;526;561;804;806;823,11,42;98;161;381;458;561;804,7,33,7,98;804;561;161;42;33;526;186;381;458;823,98;161;458;480;561;42;381;804;46;55;492;505,98;381;42;804;458;480;561;161;526;823;33;723,33;42;98;161;381;458;480;526;561;804;823,42;98;161;381;458;561;804,33;42;98;161;381;458;480;526;561;804;823,33;42;98;161;381;458;561;804,98,98,1,98,98
830,validation,sem_0101,move:decl,para3,lex,They visit at the station.,140;744,467,662.0,717.0,107.0,642.0,140.0,378.0,176.0,553.0,928.0,327.0,863.0,467,107,662,717,744.0,140.0,176.0,642.0,246.0,553.0,146.0,378.0,467,744.0,140.0,107.0,717.0,662.0,553.0,863.0,246.0,338.0,642.0,287.0,467;662;717;107;642;140;378;176;553;928;327;863,467;107;662;717;744;140;176;642;246;553;146;378,467;744;140;107;717;662;553;863;246;338;642;287,107;140;176;246;378;467;553;642;662;717;744;863,12,107;140;467;553;642;662;717,7,26,5,662;467;717;642;176;107;378;140;553;928;863;730,107;140;467;662;717;744;146;246;287;338;378;553,662;107;717;467;744;140;642;246;378;928;553;146,107;140;146;246;378;467;553;642;662;717;744;928,107;140;378;467;553;662;717,107;140;146;246;378;467;553;642;662;717;744;928,107;140;378;467;553;662;717;744,717;467;107;662;140;730;287;744,107;140;287;467;662;717;730;744,8,662;717;730;467;140;287,662;717;730;467;140;287
831,validation,sem_seed_call_negative_simple,call:negative_simple,singleton,single-seed,He does not phone my father.,,881,284.0,574.0,834.0,133.0,469.0,755.0,249.0,664.0,461.0,283.0,689.0,284,834,133,881,574.0,283.0,249.0,755.0,469.0,903.0,969.0,307.0,284,574.0,612.0,461.0,817.0,881.0,953.0,834.0,133.0,307.0,247.0,755.0,881;284;574;834;133;469;755;249;664;461;283;689,284;834;133;881;574;283;249;755;469;903;969;307,284;574;612;461;817;881;953;834;133;307;247;755,133;249;283;284;307;461;469;574;755;834;881,11,133;284;574;755;834;881,6,28,6,881;284;574;834;133;469;755;664;461;689;400;283,284;133;461;574;612;817;834;881;953;247;249;283,284;834;574;133;881;249;283;755;469;307;461;612,133;249;283;284;461;469;574;612;755;834;881,133;283;284;461;574;834;881,133;249;283;284;461;469;574;612;755;834;881,133;283;284;461;574;834;881,461;284,133;284;461;469;574;817;834;881,8,133;284;881;461;574;469;817;834,133;284;881;461;574;469;817;834
832,validation,sem_single_0969,social:front_time,singleton,single,"Today, I finish lunch.",,266,961.0,586.0,986.0,239.0,,,,,,,,986,266,586,961,382.0,800.0,493.0,290.0,277.0,54.0,856.0,945.0,493,266.0,800.0,787.0,305.0,382.0,986.0,,,,,,266;961;586;986;239,986;266;586;961;382;800;493;290;277;54;856;945,493;266;800;787;305;382;986,266;382;493;586;800;961;986,7,266;986,2,22,4,266;961;586;986,266;493;800;305;382;787;986,266;986;586;961;493;800;382;787;305;277;856;290,266;305;382;493;586;787;800;961;986,266;986,266;305;382;493;586;787;800;961;986,266;986,986;266,266;493;986,3,493,493
833,validation,sem_0252,pref:decl,para3,lex,We love a song.,600;880,563,180.0,995.0,930.0,590.0,530.0,827.0,522.0,610.0,132.0,409.0,728.0,930,563,180,995,590.0,530.0,522.0,610.0,409.0,132.0,728.0,781.0,892,930.0,348.0,398.0,781.0,168.0,563.0,995.0,997.0,180.0,590.0,550.0,563;180;995;930;590;530;827;522;610;132;409;728,930;563;180;995;590;530;522;610;409;132;728;781,892;930;348;398;781;168;563;995;997;180;590;550,132;180;409;522;530;563;590;610;728;781;930;995,12,180;563;590;930;995,5,15,4,563;180;995;930;590;827;530;522;610;132;409;728,168;180;348;398;563;781;892;930;995;997;83;550,995;563;930;180;590;530;409;610;728;132;522;997,132;180;409;522;530;563;590;610;728;930;995;997,180;563;930;995,132;180;409;522;530;563;590;600;610;728;880;930;995;997,180;563;600;880;930;995,995;930;892;180;398;590;827,180;398;505;563;590;827;892;930;995,9,995;930;563;180;590;505;398;827;892,995;930;563;180;590;505;398;827;892
834,validation,sem_0128,call:decl,para3,base,She phone my father.,,574,284.0,881.0,133.0,755.0,469.0,693.0,831.0,229.0,461.0,66.0,664.0,881,284,133,574,469.0,755.0,831.0,664.0,850.0,45.0,291.0,693.0,881,693.0,133.0,45.0,850.0,284.0,229.0,574.0,291.0,755.0,605.0,469.0,574;284;881;133;755;469;693;831;229;461;66;664,881;284;133;574;469;755;831;664;850;45;291;693,881;693;133;45;850;284;229;574;291;755;605;469,45;133;229;284;291;469;574;664;693;755;831;850;881,13,133;284;469;574;693;755;881,7,20,4,284;574;881;133;755;693;461;469;229;831;66;664,45;133;229;284;291;574;693;850;881;106;469;605,133;574;284;881;469;755;45;291;850;229;693;831,45;133;229;284;291;469;574;693;755;831;850;881,133;229;284;469;574;693;881,45;133;229;284;291;469;574;693;755;831;850;881,133;229;284;469;574;693;881,693;45;284;291;229;257;133;129;605;850;461;574;106;631,45;106;125;129;133;229;257;284;291;343;461;469;574;605;631;689;693;817;831;850;881,21,45;284;291;693;850;461;605;689;881;133;574;469;229;106;125;257;817;343;129;831,45;284;291;693;850;461;605;689;881;133;574;469;229;106;125;257;817;343;129;831
835,validation,sem_0295,drink:decl,para3,lex,They drink coffee.,759;955,576,128.0,999.0,893.0,104.0,437.0,816.0,575.0,904.0,666.0,,,576,999,128,893,104.0,822.0,588.0,904.0,666.0,575.0,816.0,49.0,588,576.0,104.0,666.0,904.0,822.0,661.0,575.0,816.0,128.0,999.0,49.0,576;128;999;893;104;437;816;575;904;666,576;999;128;893;104;822;588;904;666;575;816;49,588;576;104;666;904;822;661;575;816;128;999;49,49;104;128;575;576;588;666;816;822;893;904;999,12,104;128;575;576;666;816;904;999,8,18,3,576;128;999;893;104;437;816;575,104;576;588;666;822;904;49;128;575;661;816;999,576;999;128;104;904;822;666;588;893;816;575;661,104;128;575;576;588;661;666;816;822;893;904;999,104;128;575;576;816;999,104;128;575;576;588;661;666;759;816;822;893;904;955;999,104;128;575;576;759;816;955;999,576;822;588;904;128;666;632;661,25;128;576;588;632;661;666;815;822;904,10,576;588;904;822;661;128;666;632;815;25,576;588;904;822;661;128;666;632;815;25
836,validation,sem_0248,eat:decl,para3,base,She have lunch.,,184,879.0,493.0,848.0,532.0,345.0,451.0,132.0,216.0,329.0,305.0,401.0,532,329,493,184,879.0,848.0,305.0,345.0,451.0,216.0,788.0,401.0,788,879.0,102.0,957.0,184.0,532.0,493.0,329.0,818.0,736.0,401.0,848.0,184;879;493;848;532;345;451;132;216;329;305;401,532;329;493;184;879;848;305;345;451;216;788;401,788;879;102;957;184;532;493;329;818;736;401;848,184;216;305;329;345;401;451;493;532;788;848;879,12,184;329;401;493;532;848;879,7,15,3,184;879;493;532;345;848;451;132;216;305;329;278,102;184;493;532;788;879;957;329;169;252;305;345,493;184;879;532;329;345;848;305;788;216;451;102,102;184;216;305;329;345;451;493;532;788;848;879,184;305;329;345;493;532;879,102;184;216;305;329;345;451;493;532;788;848;879,184;305;329;345;493;532;879,184;818;532;329;401;788;102,102;184;278;309;329;401;493;532;788;818;839;879;922,13,184;401;879;493;839;922;788;278;309,184;401;879;493;839;922;788;278;309
837,validation,sem_0226,play:decl,para3,base,You play a game.,,512,462.0,808.0,464.0,801.0,473.0,46.0,141.0,351.0,579.0,299.0,786.0,46,512,801,464,462.0,808.0,351.0,579.0,279.0,299.0,786.0,473.0,512,294.0,170.0,462.0,464.0,69.0,473.0,251.0,438.0,636.0,558.0,616.0,512;462;808;464;801;473;46;141;351;579;299;786,46;512;801;464;462;808;351;579;279;299;786;473,512;294;170;462;464;69;473;251;438;636;558;616,46;299;351;462;464;473;512;579;786;801;808,11,462;464;473;512,4,16,4,512;462;808;464;801;473;46;351;141;579;786;299,69;170;251;294;438;462;464;473;512;558;616;636,808;801;462;464;512;46;351;473;579;141;890;251,46;141;251;351;462;464;473;512;579;801;808,462;464;473;512,46;141;251;351;462;464;473;512;579;801;808,462;464;473;512,46;512;808;890;580;801;616;438,46;103;438;512;580;616;801;808;890,9,808;512;580;46;801;103,808;512;580;46;801;103
838,validation,sem_0166,learn:decl,para3,base,He study a song.,789;866,168,479.0,231.0,111.0,866.0,1.0,814.0,781.0,542.0,158.0,825.0,984.0,866,168,479,111,231.0,775.0,984.0,563.0,851.0,267.0,814.0,270.0,479,775.0,168.0,563.0,231.0,984.0,866.0,267.0,851.0,111.0,270.0,991.0,168;479;231;111;866;1;814;781;542;158;825;984,866;168;479;111;231;775;984;563;851;267;814;270,479;775;168;563;231;984;866;267;851;111;270;991,111;168;231;267;270;479;563;775;814;851;866;984,12,111;168;231;479;866;984,6,16,4,168;479;111;231;866;1;542;814;781;825;984;158,168;231;479;563;775;984;866;267;851;111;270;16,479;168;866;231;111;775;984;563;267;851;814;542,111;168;231;267;479;542;563;775;814;851;866;984,111;168;231;479;866;984,111;168;231;267;479;542;563;775;789;814;851;866;984,111;168;231;479;789;866;984,866;479,168;479;771;781;866,5,866;168;771;479;781,866;168;771;479;781
839,validation,sem_0187,eat:decl,para3,base,He eat lunch.,,309,922.0,,,,,,,,,,,309,922,899,571,757.0,278.0,567.0,766.0,184.0,40.0,682.0,345.0,922,567.0,766.0,184.0,757.0,309.0,278.0,40.0,682.0,345.0,899.0,,309;922,309;922;899;571;757;278;567;766;184;40;682;345,922;567;766;184;757;309;278;40;682;345;899,40;184;278;309;345;567;682;757;766;899;922,11,309;922,2,13,3,922;309,184;278;309;567;757;766;922;40;345;682;899,309;922;757;766;278;184;567;899;40;682;345;571,40;184;278;309;345;567;682;757;766;899;922,309;922,40;184;278;309;345;567;682;757;766;899;922,309;922,184;766;278;40,40;184;278;309;401;567;757;766;836;922,10,184;278;766;40;567;836;922;309;401;757,184;278;766;40;567;836;922;309;401;757
840,validation,sem_0077,move:decl,para3,base,You walk to the park.,182;209,300,182.0,828.0,544.0,813.0,936.0,715.0,591.0,855.0,115.0,753.0,535.0,182,300,828,544,813.0,115.0,715.0,936.0,71.0,753.0,591.0,914.0,182,828.0,300.0,544.0,813.0,115.0,936.0,209.0,855.0,853.0,583.0,715.0,300;182;828;544;813;936;715;591;855;115;753;535,182;300;828;544;813;115;715;936;71;753;591;914,182;828;300;544;813;115;936;209;855;853;583;715,115;182;300;544;591;715;753;813;828;855;936,11,115;182;300;544;715;813;828;936,8,21,5,300;182;828;544;813;936;715;591;855;753;115;535,182;300;544;828;115;813;71;209;583;591;673;715,182;300;544;828;813;115;753;591;715;936;71;673,71;115;182;300;544;591;673;715;753;813;828;936,115;182;300;544;591;715;813;828,71;115;182;209;300;544;591;673;715;753;813;828;936,115;182;209;300;544;591;715;813;828,182;300,182;300;673;855,4,182;300;855;673,182;300;855;673
841,validation,sem_0139,learn:front_place,para3,order,"at the park, You review a book.",413;814,413,477.0,859.0,629.0,926.0,639.0,865.0,193.0,96.0,30.0,,,413,865,30,880,859.0,477.0,629.0,403.0,840.0,422.0,926.0,639.0,413,30.0,422.0,865.0,752.0,629.0,273.0,8.0,859.0,477.0,553.0,521.0,413;477;859;629;926;639;865;193;96;30,413;865;30;880;859;477;629;403;840;422;926;639,413;30;422;865;752;629;273;8;859;477;553;521,30;413;422;477;629;639;859;865;926,9,30;413;477;629;859;865,6,31,7,413;477;859;629;926;639;865;193;96,413;30;422;865;8;273;477;629;752;859;93;107,413;477;859;629;865;30;880;840;926;403;115;639,30;413;477;629;639;859;865;926,413;477;629;859;865,30;413;477;629;639;814;859;865;926,413;477;629;814;859;865,413,413,1,,
842,validation,sem_0189,move:decl,para3,lex,You run to home.,93;521,209,716.0,968.0,195.0,,,,,,,,,209,716,723,179,803.0,769.0,450.0,64.0,385.0,195.0,468.0,968.0,716,209.0,723.0,313.0,968.0,195.0,165.0,468.0,,,,,209;716;968;195,209;716;723;179;803;769;450;64;385;195;468;968,716;209;723;313;968;195;165;468,195;209;468;716;723;968,6,195;209;716;968,4,16,4,209;716;195;450,716;209;723;165;195;313;468;968,209;716;723;450;803;179;769;195;968;313;468;64,195;209;313;450;468;716;723;968,195;209;716,93;195;209;313;450;468;521;716;723;968,93;195;209;521;716,716,716,1,,
843,validation,sem_single_0992,play:wh_when,singleton,single,When do You play?,,886,970.0,97.0,35.0,621.0,,,,,,,,35,886,970,97,621.0,373.0,331.0,204.0,324.0,725.0,816.0,946.0,97,970.0,35.0,886.0,141.0,621.0,725.0,738.0,373.0,425.0,638.0,816.0,886;970;97;35;621,35;886;970;97;621;373;331;204;324;725;816;946,97;970;35;886;141;621;725;738;373;425;638;816,35;97;373;621;725;816;886;970,8,35;97;621;886;970,5,17,4,886;35;970;97;621,35;97;886;970;141;143;204;324;331;373;425;448,35;886;970;97;621;816;373;324;204;331;725;638,35;97;204;324;331;373;621;886;970,35;97;886;970,35;97;204;324;331;373;621;886;970,35;97;886;970,886;35,35;886,2,886,886
844,validation,sem_single_0943,pref:wh_when,singleton,single,When does She like?,,708,169.0,174.0,32.0,95.0,736.0,621.0,39.0,938.0,126.0,154.0,,169,174,708,621,32.0,95.0,126.0,154.0,699.0,199.0,31.0,736.0,174,708.0,169.0,699.0,39.0,621.0,736.0,154.0,126.0,748.0,31.0,95.0,708;169;174;32;95;736;621;39;938;126;154,169;174;708;621;32;95;126;154;699;199;31;736,174;708;169;699;39;621;736;154;126;748;31;95,31;32;39;95;126;154;169;174;621;699;708;736,12,95;126;154;169;174;621;708;736,8,19,4,169;708;174;32;621;95;736;39;154;126;938,169;174;708;699;31;32;39;95;126;154;199;609,174;169;708;32;95;621;126;154;699;31;199;938,31;32;39;95;126;154;169;174;199;621;699;708;938,32;95;126;154;169;174;708,31;32;39;95;126;154;169;174;199;621;699;708;938,32;95;126;154;169;174;708,708,708,1,,
845,validation,sem_0111,social:front_time,para3,order,"Now, We use a computer.",566;627,566,706.0,720.0,421.0,959.0,697.0,481.0,334.0,772.0,601.0,569.0,760.0,566,706,720,421,898.0,601.0,959.0,399.0,188.0,273.0,471.0,645.0,566,601.0,959.0,706.0,399.0,421.0,720.0,898.0,,,,,566;706;720;421;959;697;481;334;772;601;569;760,566;706;720;421;898;601;959;399;188;273;471;645,566;601;959;706;399;421;720;898,399;421;566;601;706;720;898;959,8,421;566;601;706;720;959,6,23,5,566;706;720;421;697;959;334;481;772;601;569;760,566;601;706;959;399;421;720;898,566;706;720;421;898;601;959;399;273;471;645;188,399;421;566;601;706;720;898;959,421;566;601;706;720;959,399;421;566;601;627;706;720;898;959,421;566;601;627;706;720;959,566;720,421;566;720,3,720;566;421,720;566;421
846,validation,sem_0068,watch:present_cont,para3,tense,They are seeing a game.,109;681,472,68.0,240.0,200.0,,,,,,,,,472,458,200,46,245.0,274.0,109.0,103.0,920.0,801.0,681.0,933.0,458,681.0,933.0,920.0,801.0,274.0,103.0,109.0,586.0,245.0,472.0,94.0,472;68;240;200,472;458;200;46;245;274;109;103;920;801;681;933,458;681;933;920;801;274;103;109;586;245;472;94,103;109;200;245;274;458;472;681;801;920;933,11,472,1,23,5,472;240,103;109;274;458;681;801;920;933;94;200;245;472,472;458;200;933;920;109;801;681;274;103;245;46,103;109;200;245;274;458;472;681;801;920;933,472,103;109;200;245;274;458;472;681;801;920;933,109;472;681,109;681;472;458;240;644,109;240;458;472;644;681;779,7,109;458;681;472;240;779,109;458;681;472;240;779
847,validation,sem_0131,eat:past_simple,para3,tense,We ordered lunch.,483;533,483,788.0,211.0,800.0,120.0,784.0,41.0,11.0,597.0,,,,11,211,41,120,132.0,674.0,879.0,483.0,432.0,652.0,597.0,884.0,432,483.0,879.0,674.0,652.0,132.0,597.0,884.0,451.0,,,,483;788;211;800;120;784;41;11;597,11;211;41;120;132;674;879;483;432;652;597;884,432;483;879;674;652;132;597;884;451,11;41;120;132;211;432;483;597;652;674;879;884,12,483;597,2,17,3,483;788;211;800;120;784;11;597,132;432;483;652;674;879;597;884;451,11;211;674;879;132;483;432;652;120;41;597;884,11;120;132;211;432;483;597;652;674;879;884,483;597,11;120;132;211;432;483;533;597;652;674;879;884,483;533;597,483;800;784;597;879;884;652;787;268;788;11,11;268;483;597;652;784;787;788;800;879;884,11,483;597;788;800;784;787;652;11;268;879,483;597;788;800;784;787;652;11;268;879
848,validation,sem_single_0946,drink:modal_can,singleton,single,You can have lunch.,,493,184.0,879.0,836.0,216.0,532.0,132.0,345.0,454.0,451.0,278.0,305.0,216,597,493,836,184.0,879.0,305.0,345.0,451.0,532.0,73.0,309.0,216,879.0,73.0,463.0,836.0,493.0,917.0,454.0,309.0,184.0,242.0,750.0,493;184;879;836;216;532;132;345;454;451;278;305,216;597;493;836;184;879;305;345;451;532;73;309,216;879;73;463;836;493;917;454;309;184;242;750,73;184;216;305;309;345;451;454;493;532;836;879,12,184;216;493;836;879,5,19,4,184;493;879;836;216;532;132;345,216;73;184;242;309;454;463;493;750;836;879;917,216;184;836;493;879;597;305;345;309;73;242;454,73;184;216;242;309;345;454;493;836;879,184;216;493;836;879,73;184;216;242;309;345;454;493;836;879,184;216;493;836;879,309;493;242;879;454;216;494,216;242;309;454;493;494;879,7,216;879;309;493;454,216;879;309;493;454
849,validation,sem_0136,social:front_place,para3,order,"in school, We bring a phone.",601;684,684,451.0,362.0,363.0,,,,,,,,,684,362,363,451,222.0,315.0,380.0,627.0,649.0,809.0,606.0,188.0,684,362.0,363.0,627.0,380.0,451.0,726.0,470.0,455.0,111.0,865.0,222.0,684;451;362;363,684;362;363;451;222;315;380;627;649;809;606;188,684;362;363;627;380;451;726;470;455;111;865;222,222;362;363;380;451;627;684,7,362;363;451;684,4,28,6,684;362;451;363,684;362;363;380;627;451;470;726;111;222;455;865,684;362;363;451;222;315;627;380;809;649;939;98,222;362;363;380;451;627;684,362;363;451;684,222;362;363;380;451;601;627;684,362;363;451;601;684,684,684,1,,
850,validation,sem_0288,call:decl,para3,base,She text my father.,498;693,56,498.0,247.0,701.0,58.0,341.0,692.0,756.0,599.0,291.0,45.0,439.0,498,56,247,45,834.0,291.0,106.0,605.0,129.0,721.0,599.0,58.0,56,45.0,291.0,834.0,498.0,605.0,106.0,247.0,129.0,721.0,599.0,631.0,56;498;247;701;58;341;692;756;599;291;45;439,498;56;247;45;834;291;106;605;129;721;599;58,56;45;291;834;498;605;106;247;129;721;599;631,45;56;58;106;129;247;291;498;599;605;721;834,12,45;56;247;291;498;599,6,19,4,56;247;498;58;756;701;692;599;291;403;45;817,45;56;291;834;498;106;247;605;129;721;58;127,56;498;247;45;834;291;605;106;129;701;58;692,45;56;58;106;129;247;291;498;605;692;701;834,45;56;58;247;291;498,45;56;58;106;129;247;291;498;605;692;693;701;834,45;56;58;247;291;498;693,58;56;341;599;291;45;247;498;834;367;701;756,45;56;58;106;247;284;291;341;367;498;599;605;701;756;817;834,16,56;834;291;247;45;341;58;284;605;817;367;106,56;834;291;247;45;341;58;284;605;817;367;106
851,validation,sem_0026,play:future_will,para4,tense,He will play a song.,270;634;984,550,984.0,139.0,892.0,473.0,124.0,134.0,267.0,198.0,726.0,30.0,485.0,550,984,267,270,206.0,473.0,892.0,124.0,134.0,139.0,485.0,726.0,984,550.0,267.0,270.0,473.0,838.0,139.0,892.0,134.0,124.0,563.0,462.0,550;984;139;892;473;124;134;267;198;726;30;485,550;984;267;270;206;473;892;124;134;139;485;726,984;550;267;270;473;838;139;892;134;124;563;462,124;134;139;267;270;473;485;550;726;892;984,11,124;134;139;267;473;550;892;984,8,20,5,550;984;139;892;473;124;134;726;198;267;485;523,984;267;550;124;134;139;270;462;473;563;775;838,550;984;267;473;892;139;124;134;270;485;206;462,124;134;139;267;270;462;473;485;550;892;984,124;134;139;267;473;550;984,124;134;139;267;270;462;473;485;550;634;892;984,124;134;139;267;270;473;550;634;984,984;267;634;550,124;206;267;550;634;892;984,7,984;550;634;267;206;892;124,984;550;634;267;206;892;124
852,validation,sem_0052,watch:decl,para4,lex,I watch a film.,54;490;982,484,233.0,925.0,896.0,795.0,159.0,644.0,251.0,534.0,681.0,419.0,633.0,233,484,795,925,896.0,230.0,77.0,681.0,534.0,633.0,159.0,419.0,233,484.0,925.0,230.0,77.0,896.0,190.0,490.0,795.0,500.0,525.0,512.0,484;233;925;896;795;159;644;251;534;681;419;633,233;484;795;925;896;230;77;681;534;633;159;419,233;484;925;230;77;896;190;490;795;500;525;512,77;159;230;233;419;484;534;633;681;795;896;925,12,233;484;795;896;925,5,15,4,484;233;925;159;896;644;795;534;251;681;419;633,230;233;484;925;77;896;4;63;78;85;108;123,484;233;925;230;896;795;77;633;644;419;681;251,77;230;233;251;419;484;633;644;681;795;896;925,233;484;896;925,54;77;230;233;251;419;484;490;633;644;681;795;896;925;982,54;233;484;490;896;925;982,484;490;811;419;982;536;935;633;259;151;54;713;233;5;230;77,5;54;77;151;230;233;259;419;484;490;536;633;713;811;935;956;982,17,484;490;419;233;811;982;54;633;536;956,484;490;419;233;811;982;54;633;536;956
853,validation,sem_0047,move:decl,para4,base,You jog to the station.,665;718;863,665,948.0,718.0,583.0,292.0,29.0,730.0,769.0,803.0,753.0,89.0,998.0,665,718,948,583,352.0,286.0,669.0,23.0,535.0,429.0,998.0,322.0,718,665.0,583.0,948.0,669.0,544.0,549.0,209.0,973.0,717.0,292.0,998.0,665;948;718;583;292;29;730;769;803;753;89;998,665;718;948;583;352;286;669;23;535;429;998;322,718;665;583;948;669;544;549;209;973;717;292;998,292;583;665;669;718;948;998,7,583;665;718;948;998,5,23,5,665;948;718;583;292;29;730;769;753;803;998;549,665;718;583;948;23;29;107;209;286;287;292;322,718;665;948;583;352;286;23;669;535;429;549;287,23;29;286;287;292;549;583;665;718;948,583;665;718;948,23;29;286;287;292;549;583;665;718;863;948,583;665;718;863;948,718;948;665;769;803,385;549;665;718;753;769;803;948,8,718;665;948;769;803;385;753;549,718;665;948;769;803;385;753;549
854,validation,sem_0025,learn:modal_can,para4,tense,He can learn a novel.,374;499;877,871,374.0,519.0,499.0,923.0,997.0,394.0,255.0,281.0,771.0,263.0,,374,499,871,519,923.0,372.0,303.0,231.0,541.0,167.0,776.0,27.0,374,499.0,167.0,231.0,541.0,871.0,519.0,372.0,303.0,27.0,923.0,776.0,871;374;519;499;923;997;394;255;281;771;263,374;499;871;519;923;372;303;231;541;167;776;27,374;499;167;231;541;871;519;372;303;27;923;776,27;167;231;303;372;374;499;519;541;776;871;923,12,374;499;519;871;923,5,21,5,374;871;519;499;923;997;394;771;255;263;281,374;499;167;231;541;871;27;303;372;519;776;923,374;499;871;519;923;372;303;231;541;167;776;27,27;167;231;303;372;374;499;519;541;776;871;923,374;499;519;871;923,27;167;231;303;372;374;499;519;541;776;871;877;923,374;499;519;871;877;923,374,27;231;374;519;814;871,6,374;519;871;27;231;814,374;519;871;27;231;814
855,validation,sem_0183,move:decl,para3,lex,We come to the park.,61;384,115,82.0,396.0,608.0,535.0,300.0,292.0,840.0,29.0,2.0,649.0,790.0,115,82,535,649,934.0,396.0,29.0,583.0,300.0,608.0,673.0,292.0,82,115.0,535.0,649.0,2.0,29.0,803.0,608.0,292.0,300.0,583.0,396.0,115;82;396;608;535;300;292;840;29;2;649;790,115;82;535;649;934;396;29;583;300;608;673;292,82;115;535;649;2;29;803;608;292;300;583;396,2;29;82;115;292;300;396;535;583;608;649,11,29;82;115;292;300;396;535;608;649,9,20,5,115;82;396;608;292;300;29;2;840;535;649;790,82;115;535;649;2;29;87;292;300;396;549;583,115;82;535;649;2;673;608;300;292;396;840;583,2;29;82;115;292;300;396;535;583;608;649;840,2;82;115;292;300;396;535;649,2;29;61;82;115;292;300;384;396;535;583;608;649;840,2;61;82;115;292;300;384;396;535;649,115,115;840,2,115;840,115;840
856,validation,sem_0176,call:front_time,para3,order,"Today, I contact my father.",400;439,439,817.0,291.0,392.0,320.0,106.0,196.0,631.0,285.0,435.0,739.0,202.0,439,291,392,817,320.0,106.0,755.0,196.0,689.0,967.0,881.0,773.0,439,967.0,817.0,392.0,881.0,320.0,291.0,689.0,755.0,106.0,196.0,,439;817;291;392;320;106;196;631;285;435;739;202,439;291;392;817;320;106;755;196;689;967;881;773,439;967;817;392;881;320;291;689;755;106;196,106;196;291;320;392;439;689;755;817;881;967,11,106;196;291;320;392;439;817,7,27,5,439;817;291;392;106;320;196;631;285;435;739;202,439;291;320;392;689;817;881;967;106;755;196,439;291;817;320;392;106;755;689;881;967;196;739,106;196;291;320;392;439;689;739;755;817;881;967,106;196;291;320;392;439;817,106;196;291;320;392;400;439;689;739;755;817;881;967,106;196;291;320;392;400;439;817,439;755;392;881,106;291;392;439;469;755;817;881,8,755;439;106;817;881;291;469,755;439;106;817;881;291;469
857,validation,sem_0007,watch:front_place,para4,order,"in the library, You observe a film.",419;931;935,935,792.0,931.0,558.0,713.0,390.0,92.0,222.0,498.0,153.0,346.0,304.0,935,931,222,92,153.0,792.0,498.0,544.0,713.0,390.0,558.0,357.0,935,931.0,222.0,131.0,484.0,558.0,713.0,377.0,390.0,792.0,544.0,153.0,935;792;931;558;713;390;92;222;498;153;346;304,935;931;222;92;153;792;498;544;713;390;558;357,935;931;222;131;484;558;713;377;390;792;544;153,92;153;222;390;498;544;558;713;792;931;935,11,153;222;390;558;713;792;931;935,8,35,7,935;792;931;558;390;713;92;498;222;153;304;346,935;931;222;131;377;390;484;558;713;792;544;92,935;931;792;222;153;92;544;498;713;558;390;377,92;153;222;377;390;498;544;558;713;792;931;935,92;222;390;558;713;792;931;935,92;153;222;377;390;419;498;544;558;713;792;931;935,92;222;390;419;558;713;792;931;935,935;713,713;935,2,,
858,validation,sem_seed_social_imperative,social:imperative,singleton,single-seed,Please finish a movie.,,768,376.0,427.0,274.0,612.0,683.0,586.0,,,,,,768,376,427,233,495.0,134.0,742.0,941.0,274.0,586.0,389.0,932.0,768,376.0,427.0,134.0,135.0,637.0,651.0,991.0,185.0,603.0,778.0,732.0,768;376;427;274;612;683;586,768;376;427;233;495;134;742;941;274;586;389;932,768;376;427;134;135;637;651;991;185;603;778;732,134;274;376;427;586;768,6,376;427;768,3,22,4,768;376;427;274;683,768;376;427;5;134;135;151;185;220;233;274;375,768;427;376;495;134;233;941;742;274;655;994;389,134;233;274;376;427;768,274;376;427;768,134;233;274;376;427;768,274;376;427;768,,,0,,
859,validation,sem_0074,learn:decl,para3,base,We review a book.,702;865,629,477.0,413.0,865.0,926.0,587.0,96.0,841.0,515.0,704.0,460.0,85.0,865,413,477,629,926.0,841.0,96.0,587.0,679.0,460.0,255.0,762.0,587,460.0,629.0,477.0,679.0,255.0,413.0,865.0,926.0,996.0,67.0,762.0,629;477;413;865;926;587;96;841;515;704;460;85,865;413;477;629;926;841;96;587;679;460;255;762,587;460;629;477;679;255;413;865;926;996;67;762,96;255;413;460;477;587;629;679;762;841;865;926,12,413;460;477;587;629;865;926,7,17,4,629;477;413;865;926;587;96;841;515;704;460;85,255;413;460;477;587;629;679;865;67;762;926;996,629;477;413;865;926;587;96;841;679;460;255;996,96;255;413;460;477;587;629;679;841;865;926;996,413;460;477;587;629;865;926,96;255;413;460;477;587;629;679;702;841;865;926;996,413;460;477;587;629;702;865;926,477;587;704;413;460;926;96;85;865;629;255;226;626,85;96;226;255;413;460;477;587;626;629;704;865;926,13,587;477;413;704;96;926,587;477;413;704;96;926
860,validation,sem_single_0981,acq:negative_simple,singleton,single,She does not get a sandwich.,,568,500.0,369.0,441.0,108.0,297.0,691.0,177.0,249.0,700.0,818.0,559.0,369,700,297,441,559.0,223.0,691.0,426.0,568.0,969.0,903.0,249.0,559,700.0,369.0,297.0,623.0,456.0,568.0,592.0,818.0,14.0,760.0,426.0,568;500;369;441;108;297;691;177;249;700;818;559,369;700;297;441;559;223;691;426;568;969;903;249,559;700;369;297;623;456;568;592;818;14;760;426,249;297;369;426;441;559;568;691;700;818,10,297;369;559;568;700,5,28,6,568;369;249;108;500;177;283;297;818,559;297;369;700;14;456;568;592;623;818;15;219,441;559;369;700;297;568;223;426;691;592;903;969,297;369;559;568;592;700;818,297;369;568,297;369;559;568;592;700;818,297;369;568,,14;568;623;818,4,568;818;623;14,568;818;623;14
861,validation,sem_0146,watch:decl,para3,base,She observe a movie.,,991,490.0,713.0,982.0,112.0,536.0,524.0,54.0,719.0,418.0,792.0,742.0,991,713,490,982,536.0,54.0,112.0,524.0,637.0,768.0,603.0,220.0,490,220.0,524.0,991.0,713.0,637.0,768.0,603.0,982.0,112.0,536.0,145.0,991;490;713;982;112;536;524;54;719;418;792;742,991;713;490;982;536;54;112;524;637;768;603;220,490;220;524;991;713;637;768;603;982;112;536;145,54;112;220;490;524;536;603;637;713;768;982;991,12,112;490;524;536;713;982;991,7,20,4,991;490;713;112;536;524;982;54;719;418;792;891,220;490;524;603;637;713;768;991;54;112;145;272,490;713;991;982;54;536;112;524;637;768;220;603,54;112;220;490;524;536;603;637;713;768;982;991,54;112;490;524;713;991,54;112;220;490;524;536;603;637;713;768;982;991,54;112;490;524;713;991,991;220;792;490;63;603;713;536;272;524;982;935,54;63;112;199;219;220;272;490;524;536;603;633;713;732;745;792;935;982;991,19,991;220;792;490;603;732;745;982;272;713;536;54;112;935;199;63;633;219,991;220;792;490;603;732;745;982;272;713;536;54;112;935;199;63;633;219
862,validation,sem_0300,call:decl,para3,lex,I text a friend.,276;288,350,820.0,776.0,250.0,459.0,264.0,355.0,295.0,356.0,205.0,380.0,952.0,350,820,459,776,250.0,264.0,585.0,319.0,380.0,416.0,26.0,178.0,820,350.0,585.0,459.0,250.0,776.0,264.0,261.0,746.0,939.0,241.0,659.0,350;820;776;250;459;264;355;295;356;205;380;952,350;820;459;776;250;264;585;319;380;416;26;178,820;350;585;459;250;776;264;261;746;939;241;659,250;264;350;380;459;585;776;820,8,250;264;350;459;776;820,6,16,4,350;820;776;250;459;264;355;356;178;380;952;26,350;820;250;459;585;776;264;4;26;34;78;85,350;820;250;459;776;264;585;581;659;380;356;355,26;250;264;350;355;356;380;459;585;776;820,250;264;350;459;776;820,26;250;264;276;288;350;355;356;380;459;585;776;820,250;264;276;288;350;459;776;820,820;350;250;459,250;350;459;776;820,5,820;250;350;776;459,820;250;350;776;459
863,validation,sem_0047,move:decl,para4,lex,You return at the station.,665;718;853,93,165.0,878.0,556.0,237.0,521.0,183.0,214.0,717.0,467.0,662.0,140.0,93,521,717,107,165.0,237.0,214.0,556.0,110.0,183.0,878.0,662.0,521,717.0,107.0,93.0,165.0,237.0,110.0,853.0,744.0,556.0,140.0,830.0,93;165;878;556;237;521;183;214;717;467;662;140,93;521;717;107;165;237;214;556;110;183;878;662,521;717;107;93;165;237;110;853;744;556;140;830,93;107;110;140;165;183;214;237;521;556;662;717;878,13,93;165;237;521;556;717,6,26,5,93;165;878;556;237;183;214;717;662;467;521;140,93;107;521;717;165;237;110;140;183;214;467;553,93;521;237;165;717;107;110;878;183;214;556;662,93;107;110;140;165;183;214;237;467;521;556;662;717;878,93;165;183;214;237;521;717,93;107;110;140;165;183;214;237;467;521;556;662;665;717;718;853;878,93;165;183;214;237;521;665;717;718;853,,549;583;717,3,717;583;549,717;583;549
864,validation,sem_seed_social_ynq_do,social:ynq_do,singleton,single-seed,do They finish dinner?,,765,683.0,986.0,274.0,947.0,266.0,586.0,239.0,961.0,,,,765,683,986,947,266.0,274.0,586.0,961.0,11.0,976.0,978.0,420.0,420,765.0,683.0,976.0,11.0,266.0,978.0,162.0,496.0,816.0,575.0,274.0,765;683;986;274;947;266;586;239;961,765;683;986;947;266;274;586;961;11;976;978;420,420;765;683;976;11;266;978;162;496;816;575;274,11;266;274;420;586;683;765;947;961;976;978;986,12,266;274;683;765,4,22,4,683;765;986;947;274;266;586;239;961,11;266;420;683;765;976;978;35;162;234;274;331,683;765;986;266;947;274;976;420;978;11;586;961,11;266;274;420;586;683;765;947;961;976;978;986,266;274;683;765,11;266;274;420;586;683;765;947;961;976;978;986,266;274;683;765,,683,1,683,683
865,validation,sem_0074,learn:front_place,para3,order,"in the cafe, We review a book.",702;859,859,629.0,477.0,413.0,926.0,111.0,587.0,146.0,841.0,96.0,515.0,,111,859,523,979,777.0,841.0,532.0,79.0,470.0,222.0,721.0,477.0,859,111.0,470.0,841.0,523.0,777.0,455.0,979.0,222.0,413.0,679.0,629.0,859;629;477;413;926;111;587;146;841;96;515,111;859;523;979;777;841;532;79;470;222;721;477,859;111;470;841;523;777;455;979;222;413;679;629,111;222;413;470;477;523;629;777;841;859;979,11,111;841;859,3,30,7,859;629;477;413;926;587;111;841;146;96;515,859;111;470;222;455;523;777;841;979;255;413;460,859;111;477;629;413;979;523;777;79;532;470;841,111;413;470;477;523;629;777;841;859;979,111;413;841;859,111;413;470;477;523;629;702;777;841;859;979,111;413;702;841;859,859;477;587,477;587;859,3,,
866,validation,sem_0166,learn:going_to,para3,tense,He is going to study a song.,789;838,838,168.0,479.0,615.0,19.0,111.0,36.0,150.0,703.0,745.0,614.0,406.0,838,150,406,19,614.0,615.0,703.0,479.0,168.0,505.0,427.0,745.0,838,150.0,406.0,614.0,19.0,703.0,615.0,745.0,427.0,505.0,775.0,479.0,838;168;479;615;19;111;36;150;703;745;614;406,838;150;406;19;614;615;703;479;168;505;427;745,838;150;406;614;19;703;615;745;427;505;775;479,19;150;168;406;427;479;505;614;615;703;745;838,12,19;150;406;479;614;615;703;745;838,9,28,7,838;168;479;36;111;615;19;150;703;745;518;505,838;19;150;406;614;615;703;427;505;745;168;231,838;615;703;19;150;614;406;168;479;231;505;427,19;150;168;231;406;427;479;505;614;615;703;745;838,19;150;168;505;615;703;838,19;150;168;231;406;427;479;505;614;615;703;745;789;838,19;150;168;505;615;703;789;838,838,42;168;479;771;838,5,838;479;168;42;771,838;479;168;42;771
867,validation,sem_0014,pref:decl,para4,lex,He like a book.,27;457;541,278,135.0,199.0,471.0,508.0,273.0,,,,,,,471,877,502,74,278.0,508.0,969.0,920.0,197.0,135.0,778.0,890.0,877,74.0,471.0,502.0,508.0,969.0,278.0,629.0,231.0,199.0,984.0,991.0,278;135;199;471;508;273,471;877;502;74;278;508;969;920;197;135;778;890,877;74;471;502;508;969;278;629;231;199;984;991,74;135;199;278;471;502;508;877;969,9,278;471;508,3,15,4,199;135;471;278;273;699;4,74;471;502;877;508;969;278;4;8;16;38;135,278;471;502;74;877;508;969;617;778;197;890;199,4;74;135;199;278;471;502;508;877;969,278;471,4;27;74;135;199;278;457;471;502;508;541;877;969,27;278;457;471;541,74,74,1,74,74
868,validation,sem_0284,acq:decl,para3,lex,He get pizza.,489;513,887,707.0,436.0,932.0,218.0,426.0,,,,,,,334,426,887,218,406.0,41.0,724.0,658.0,571.0,123.0,941.0,398.0,218,887.0,41.0,724.0,334.0,426.0,,,,,,,887;707;436;932;218;426,334;426;887;218;406;41;724;658;571;123;941;398,218;887;41;724;334;426,41;218;334;426;724;887,6,218;426;887,3,13,3,592;436;707;887,218;887;41;334;724;426,334;218;887;426;41;724;406;658;4;398;993;568,41;218;334;426;724;887,887,41;218;334;426;489;513;724;887,489;513;887,218;41;887;724,41;102;218;252;565;671;724;887;921,9,218;102;41;724;887;921;252;671;565,218;102;41;724;887;921;252;671;565
869,validation,sem_0090,eat:decl,para3,base,I have pizza.,51;108,218,705.0,102.0,463.0,529.0,252.0,75.0,804.0,658.0,120.0,92.0,51.0,120,705,529,463,218.0,102.0,75.0,252.0,658.0,92.0,804.0,774.0,120,335.0,503.0,463.0,705.0,218.0,102.0,774.0,565.0,0.0,493.0,529.0,218;705;102;463;529;252;75;804;658;120;92;51,120;705;529;463;218;102;75;252;658;92;804;774,120;335;503;463;705;218;102;774;565;0;493;529,75;92;102;120;218;252;463;529;658;705;774;804,12,102;120;218;463;529;705,6,13,3,218;705;102;463;529;252;75;658;804;120;92;335,120;0;102;218;335;463;493;503;529;565;705;774,120;705;529;463;102;218;75;252;774;565;503;335,75;102;120;218;252;335;463;503;529;565;705;774,102;120;218;335;463;529;705,51;75;102;108;120;218;252;335;463;503;529;565;705;774,51;102;108;120;218;335;463;529;705,51;120;463;705;335;565;774;503;529;685;707,51;102;120;218;335;463;503;529;565;685;705;707;774,13,705;463;51;120;335;102;565;707;503;218;685;529;774,705;463;51;120;335;102;565;707;503;218;685;529;774
870,validation,sem_0175,pref:decl,para3,base,They like tea.,904;918,918,920.0,197.0,101.0,743.0,407.0,,,,,,,918,647,955,7,101.0,194.0,197.0,920.0,759.0,517.0,743.0,161.0,918,7.0,955.0,647.0,101.0,920.0,194.0,197.0,517.0,743.0,,,918;920;197;101;743;407,918;647;955;7;101;194;197;920;759;517;743;161,918;7;955;647;101;920;194;197;517;743,7;101;194;197;517;647;743;918;920;955,10,101;197;743;918;920,5,14,3,918;920;197;101;743,918;7;101;647;955;194;197;920;517;743,918;7;647;955;101;194;197;920;743;517;759;166,7;101;194;197;517;647;743;918;920;955,101;197;743;918;920,7;101;194;197;517;647;743;904;918;920;955,101;197;743;904;918;920,918;955;453;610;647;236;602,7;105;166;236;453;602;610;641;647;770;918;955,12,918;610;955;647;453;602;236;105;7;166;641;770,918;610;955;647;453;602;236;105;7;166;641;770
871,validation,sem_single_0911,learn:decl,singleton,single,I learn a novel.,,374,854.0,519.0,499.0,394.0,923.0,997.0,255.0,281.0,771.0,263.0,919.0,374,519,854,923,499.0,394.0,241.0,85.0,261.0,333.0,626.0,158.0,333,85.0,261.0,374.0,241.0,394.0,923.0,499.0,854.0,519.0,626.0,158.0,374;854;519;499;394;923;997;255;281;771;263;919,374;519;854;923;499;394;241;85;261;333;626;158,333;85;261;374;241;394;923;499;854;519;626;158,85;158;241;261;333;374;394;499;519;626;854;923,12,374;394;499;519;854;923,6,16,4,374;854;519;499;394;923;997;255;771;263;281,85;241;261;333;374;394;499;519;626;854;923;158,374;519;923;854;499;394;85;333;261;241;626;771,85;241;261;333;374;394;499;519;626;771;854;923,374;394;499;519;854;923,85;241;261;333;374;394;499;519;626;771;854;923,374;394;499;519;854;923,394;519;374;261;85,85;158;261;333;374;394;519;814;854,9,374;854;519;158;814;394;333;261,374;854;519;158;814;394;333;261
872,validation,sem_0114,social:decl,para3,base,I help my mother.,611;967,676,265.0,611.0,802.0,121.0,823.0,964.0,400.0,370.0,257.0,701.0,58.0,611,265,676,121,802.0,823.0,400.0,964.0,319.0,232.0,367.0,739.0,611,400.0,964.0,676.0,265.0,802.0,121.0,823.0,319.0,631.0,693.0,328.0,676;265;611;802;121;823;964;400;370;257;701;58,611;265;676;121;802;823;400;964;319;232;367;739,611;400;964;676;265;802;121;823;319;631;693;328,121;265;319;400;611;676;802;823;964,9,121;265;400;611;676;802;823;964,8,17,4,676;265;802;611;121;823;964;370;400;58;257;701,611;265;400;676;964;121;802;823;58;66;232;257,676;265;611;121;802;964;400;823;232;257;285;599,58;121;232;257;265;400;611;676;802;823;964,121;257;265;400;611;676;802;823;964,58;121;232;257;265;400;611;676;802;823;964;967,121;257;265;400;611;676;802;823;964;967,611;265;676;121,121;265;611;676;823,5,265;611;121;823;676,265;611;121;823;676
873,validation,sem_0049,move:decl,para4,lex,I arrive at the town.,608;790;945,554,61.0,338.0,140.0,12.0,404.0,874.0,642.0,878.0,556.0,212.0,384.0,878,554,61,338,346.0,977.0,140.0,12.0,744.0,404.0,642.0,556.0,878,554.0,352.0,12.0,642.0,346.0,936.0,61.0,744.0,608.0,338.0,556.0,554;61;338;140;12;404;874;642;878;556;212;384,878;554;61;338;346;977;140;12;744;404;642;556,878;554;352;12;642;346;936;61;744;608;338;556,12;61;140;338;346;404;554;556;642;744;878,11,12;61;338;554;556;642;878,7,21,5,554;338;61;140;12;874;404;642;878;556;212;384,878;554;12;61;71;140;183;256;338;346;352;467,554;878;977;140;346;61;12;338;744;404;256;642,12;61;140;256;338;346;404;554;642;878,12;61;140;338;554;878,12;61;140;256;338;346;404;554;608;642;790;878;945,12;61;140;338;554;608;790;878;945,608;936;878;61,61;173;608;828;878;936;973,7,878;608;973;828;173;936;61,878;608;973;828;173;936;61
874,validation,sem_0123,move:decl,para3,lex,We arrive at home.,146;378,554,212.0,61.0,12.0,873.0,338.0,140.0,404.0,,,,,554,346,61,12,227.0,338.0,140.0,873.0,744.0,977.0,404.0,165.0,554,12.0,346.0,61.0,227.0,968.0,165.0,212.0,,,,,554;212;61;12;873;338;140;404,554;346;61;12;227;338;140;873;744;977;404;165,554;12;346;61;227;968;165;212,12;61;140;165;212;227;338;346;404;554;873,11,12;61;554,3,18,4,554;212;61;12;873;338;140;404,554;12;61;227;346;165;212;968,554;12;346;61;227;977;744;140;873;338;212;165,12;61;140;165;212;227;338;346;554;873,12;61;212;554,12;61;140;146;165;212;227;338;346;378;554;873,12;61;146;212;378;554,554;212;968;716;165,165;212;554;716;968,5,554;212;165,554;212;165
875,validation,sem_0144,call:future_will,para3,tense,She will contact my teacher.,26;202,202,773.0,942.0,238.0,907.0,203.0,557.0,291.0,631.0,439.0,817.0,392.0,202,773,942,203,238.0,907.0,557.0,631.0,291.0,282.0,229.0,106.0,202,282.0,291.0,942.0,229.0,631.0,773.0,238.0,907.0,557.0,203.0,106.0,202;773;942;238;907;203;557;291;631;439;817;392,202;773;942;203;238;907;557;631;291;282;229;106,202;282;291;942;229;631;773;238;907;557;203;106,106;202;203;229;238;282;291;557;631;773;907;942,12,202;203;238;291;557;631;773;907;942,9,28,5,202;773;942;238;907;203;557;291;631;817;439;392,202;229;282;291;631;773;942;106;203;238;557;907,202;773;942;238;203;557;907;291;631;282;229;106,106;202;203;229;238;282;291;557;631;773;907;942,202;203;238;291;557;631;773;907;942,26;106;202;203;229;238;282;291;557;631;773;907;942,26;202;203;238;291;557;631;773;907;942,202;773;942;238;907;229;631,202;203;229;238;262;276;434;557;631;773;907;927;942,13,202;942;773;907;927;229;557;238;276;262;434;203,202;942;773;907;927;229;557;238;276;262;434;203
876,validation,sem_0075,social:going_to,para3,tense,She is going to choose coffee.,215;407,440,215.0,36.0,588.0,382.0,441.0,666.0,745.0,518.0,427.0,615.0,19.0,36,215,441,518,397.0,745.0,427.0,440.0,588.0,893.0,382.0,615.0,36,518.0,215.0,427.0,397.0,745.0,441.0,893.0,301.0,619.0,703.0,615.0,440;215;36;588;382;441;666;745;518;427;615;19,36;215;441;518;397;745;427;440;588;893;382;615,36;518;215;427;397;745;441;893;301;619;703;615,36;215;382;397;427;440;441;518;588;615;745;893,12,36;215;427;441;518;615;745,7,30,6,440;215;36;588;382;441;666;615;19;745;518,36;215;518;397;427;745;441;301;615;619;703;893,36;215;441;588;440;518;397;382;745;427;893;615,36;215;382;397;427;440;441;518;588;615;745;893,36;215;441;518;615;745,36;215;382;397;407;427;440;441;518;588;615;745;893,36;215;407;441;518;615;745,215;36,36;215;441;588;666,5,215;441;588;36;666,215;441;588;36;666
877,validation,sem_0025,learn:decl,para4,lex,He read a book.,374;499;854,460,360.0,775.0,167.0,758.0,989.0,226.0,949.0,996.0,900.0,859.0,826.0,360,460,758,167,775.0,965.0,471.0,867.0,74.0,502.0,508.0,969.0,74,775.0,460.0,471.0,167.0,867.0,502.0,360.0,508.0,969.0,965.0,758.0,460;360;775;167;758;989;226;949;996;900;859;826,360;460;758;167;775;965;471;867;74;502;508;969,74;775;460;471;167;867;502;360;508;969;965;758,74;167;360;460;471;502;508;758;775;867;965;969,12,167;360;460;758;775,5,15,4,460;360;775;989;758;167;949;226;629;996;900;826,74;167;360;460;471;502;775;867;508;969;758;965,360;460;775;167;758;502;471;74;867;508;965;969,74;167;360;460;471;502;508;758;775;867;965;969,167;360;460;758;775,74;167;360;374;460;471;499;502;508;758;775;854;867;965;969,167;360;374;460;499;758;775;854,167;360;460;471,167;360;460;471,4,167;360;460,167;360;460
878,validation,sem_0072,move:decl,para3,base,I return at the town.,,556,183.0,256.0,93.0,863.0,165.0,237.0,110.0,214.0,642.0,873.0,521.0,556,183,873,521,93.0,863.0,642.0,256.0,70.0,548.0,165.0,237.0,183,556.0,873.0,467.0,71.0,936.0,642.0,352.0,256.0,863.0,521.0,608.0,556;183;256;93;863;165;237;110;214;642;873;521,556;183;873;521;93;863;642;256;70;548;165;237,183;556;873;467;71;936;642;352;256;863;521;608,93;165;183;237;256;521;556;642;863;873,10,183;256;521;556;642;863;873,7,21,5,556;183;256;93;863;165;237;110;214;642;873,183;556;873;71;93;256;352;467;521;608;642;863,556;183;873;521;863;93;642;256;237;165;70;548,93;165;183;237;256;521;556;642;863;873,93;183;256;556;642;863;873,93;165;183;237;256;521;556;642;863;873,93;183;256;556;642;863;873,556;256;873,173;256;556;608;873;936;973,7,556;873;256;608;936;173;973,556;873;256;608;936;173;973
879,validation,sem_0037,eat:decl,para4,base,We have lunch.,122;451;884,184,836.0,493.0,848.0,451.0,345.0,532.0,132.0,216.0,305.0,278.0,884.0,451,493,836,184,848.0,305.0,345.0,216.0,532.0,329.0,847.0,432.0,451,652.0,533.0,132.0,432.0,483.0,836.0,705.0,674.0,493.0,847.0,184.0,184;836;493;848;451;345;532;132;216;305;278;884,451;493;836;184;848;305;345;216;532;329;847;432,451;652;533;132;432;483;836;705;674;493;847;184,132;184;216;305;345;432;451;493;532;836;847;848,12,184;451;493;836,4,14,3,184;836;493;451;848;345;532;132;216;305;278;329,451;132;184;432;483;493;533;652;674;705;836;847,451;184;493;836;345;305;848;132;674;483;652;432,132;184;305;345;432;451;483;493;652;674;836;848,132;184;451;493;836,122;132;184;305;345;432;451;483;493;652;674;836;848;884,122;132;184;451;493;836;884,884;493;483;847;922;533;652;132;309;305;848;674;451;597;432,132;184;216;242;305;309;432;451;483;493;533;597;652;674;836;847;848;884;922,19,493;884;922;309;836;132;184;652;483;848;533;432;305;597;216;674;242;847,493;884;922;309;836;132;184;652;483;848;533;432;305;597;216;674;242;847
880,validation,sem_0252,pref:front_place,para3,order,"at the park, We enjoy music.",600;833,600,316.0,545.0,639.0,455.0,30.0,,,,,,,600,545,639,841,403.0,30.0,855.0,316.0,176.0,535.0,210.0,455.0,600,545.0,61.0,146.0,855.0,12.0,378.0,346.0,379.0,210.0,228.0,384.0,600;316;545;639;455;30,600;545;639;841;403;30;855;316;176;535;210;455,600;545;61;146;855;12;378;346;379;210;228;384,30;210;316;455;545;600;639;855,8,545;600,2,28,6,600;316;545;455;639,600;12;61;146;346;378;545;855;91;164;210;228,600;545;316;639;855;30;841;403;632;501;116;535,316;545;600;639;855,545;600,316;545;600;639;833;855,545;600;833,639;600,600;639,2,639,639
881,validation,sem_0272,call:decl,para3,base,I phone my father.,689;964,574,284.0,834.0,133.0,469.0,755.0,689.0,400.0,831.0,664.0,461.0,66.0,284,834,574,133,755.0,469.0,831.0,664.0,689.0,967.0,439.0,400.0,400,834.0,574.0,284.0,133.0,967.0,689.0,439.0,755.0,469.0,856.0,831.0,574;284;834;133;469;755;689;400;831;664;461;66,284;834;574;133;755;469;831;664;689;967;439;400,400;834;574;284;133;967;689;439;755;469;856;831,133;284;400;439;469;574;664;689;755;831;834;967,12,133;284;400;469;574;689;755;831;834,9,18,4,284;574;834;133;469;755;689;400;831;664;461;66,133;284;400;439;574;689;834;967;469;755;856;831,834;133;574;284;469;755;689;439;967;400;831;664,133;284;400;439;469;574;664;689;755;831;834;967,133;284;400;469;574;689;755;831;834,133;284;400;439;469;574;664;689;755;831;834;964;967,133;284;400;469;574;689;755;831;834;964,689;574;439;400;133;461;284;755;964;127;469;856,45;66;127;133;284;343;400;439;461;469;574;605;689;755;831;834;856;964,18,574;689;133;469;439;284;400;755;834;831;856;461;45;605;964;66;343,574;689;133;469;439;284;400;755;834;831;856;461;45;605;964;66;343
882,validation,sem_seed_watch_decl,watch:decl,singleton,single-seed,He view a show.,,52,475.0,410.0,506.0,732.0,889.0,648.0,220.0,618.0,272.0,48.0,,52,475,506,410,732.0,534.0,418.0,903.0,426.0,48.0,819.0,150.0,418,534.0,475.0,732.0,52.0,426.0,506.0,410.0,903.0,48.0,150.0,178.0,52;475;410;506;732;889;648;220;618;272;48,52;475;506;410;732;534;418;903;426;48;819;150,418;534;475;732;52;426;506;410;903;48;150;178,48;52;150;410;418;426;475;506;534;732;903,11,48;52;410;475;506;732,6,15,4,52;475;410;506;732;648;220;272;618;635;48,52;418;475;534;732;410;426;506;903;48;150;16,475;52;506;410;732;534;418;819;426;903;48;648,48;52;410;418;426;475;506;534;648;732;903,48;52;410;475;506;732,48;52;410;418;426;475;506;534;648;732;903,48;52;410;475;506;732,534;418;732;52;475,52;220;410;418;475;534;732;991,8,534;732;418;475;52;410;991;220,534;732;418;475;52;410;991;220
883,validation,sem_0038,eat:front_place,para3,order,"at the office, They order dinner.",922;976,228,976.0,520.0,268.0,157.0,759.0,664.0,663.0,11.0,246.0,53.0,84.0,228,759,664,976,928.0,246.0,327.0,164.0,48.0,53.0,70.0,268.0,228,976.0,759.0,664.0,977.0,744.0,338.0,928.0,246.0,830.0,140.0,210.0,228;976;520;268;157;759;664;663;11;246;53;84,228;759;664;976;928;246;327;164;48;53;70;268,228;976;759;664;977;744;338;928;246;830;140;210,53;228;246;268;664;759;928;976,8,228;246;664;759;976,5,33,6,228;976;157;520;268;759;664;663;11;246;53;164,228;759;976;664;140;246;338;744;830;928;977;70,228;976;759;664;246;928;520;157;268;327;164;84,157;164;228;246;268;520;664;759;928;976,228;246;664;759;976,157;164;228;246;268;520;664;759;922;928;976,228;246;664;759;922;976,228;976,164;228;976,3,228;164,228;164
884,validation,sem_0037,eat:present_cont,para4,tense,We are having lunch.,122;451;879,51,879.0,494.0,184.0,836.0,504.0,,,,,,,494,51,504,847,432.0,674.0,879.0,132.0,483.0,652.0,597.0,762.0,879,652.0,432.0,132.0,483.0,674.0,847.0,494.0,597.0,,,,51;879;494;184;836;504,494;51;504;847;432;674;879;132;483;652;597;762,879;652;432;132;483;674;847;494;597,51;132;432;483;494;504;597;652;674;847;879,11,494;879,2,21,4,494;879,132;432;483;652;674;847;879;494;597,494;51;432;483;879;847;652;674;132;504;597;598,132;432;483;494;597;652;674;847;879,494;879,122;132;432;451;483;494;597;652;674;847;879,122;451;494;879,879;847;483;493;494;132;922,132;483;493;494;847;879;922,7,879;494;493,879;494;493
885,validation,sem_seed_call_comparative,call:comparative,singleton,single-seed,This book is better than that show.,,888,136.0,589.0,465.0,172.0,643.0,,,,,,,136,888,465,172,589.0,643.0,150.0,687.0,119.0,912.0,347.0,951.0,888,136.0,172.0,589.0,643.0,465.0,,,,,,,888;136;589;465;172;643,136;888;465;172;589;643;150;687;119;912;347;951,888;136;172;589;643;465,136;172;465;589;643;888,6,136;172;465;589;643;888,6,35,7,888;136;465;172;589;643,136;888;172;465;589;643,136;888;589;465;172;643;687;150;912;119;347;951,136;172;465;589;643;888,136;172;465;589;643;888,136;172;465;589;643;888,136;172;465;589;643;888,136;888,136;888,2,,
886,validation,sem_single_0972,play:wh_when,singleton,single,When do I play?,,946,843.0,35.0,725.0,324.0,621.0,638.0,373.0,,,,,35,843,324,725,373.0,946.0,638.0,621.0,970.0,816.0,97.0,331.0,725,324.0,843.0,946.0,373.0,638.0,35.0,424.0,232.0,139.0,189.0,97.0,946;843;35;725;324;621;638;373,35;843;324;725;373;946;638;621;970;816;97;331,725;324;843;946;373;638;35;424;232;139;189;97,35;97;324;373;621;638;725;843;946,9,35;324;373;638;725;843;946,7,15,4,946;35;843;725;621;324;373;638,35;324;373;638;725;843;946;424;13;97;139;189,843;35;373;324;725;946;638;621;204;970;331;97,35;97;324;373;621;638;725;843;946,35;324;373;638;725;843;946,35;97;324;373;621;638;725;843;946,35;324;373;638;725;843;946,843;35,35;843;946,3,946;843,946;843
887,validation,sem_0017,social:decl,para4,lex,He start pizza.,38;910;911,868,679.0,569.0,7.0,282.0,805.0,707.0,436.0,,,,,569,805,218,868,724.0,41.0,7.0,915.0,679.0,601.0,282.0,582.0,868,218.0,569.0,724.0,41.0,,,,,,,,868;679;569;7;282;805;707;436,569;805;218;868;724;41;7;915;679;601;282;582,868;218;569;724;41,7;41;218;282;569;679;724;805;868,9,569;868,2,15,3,679;282;569;868,218;868;41;569;724,569;218;868;805;7;41;724;582;282;679;601;915,41;218;282;569;679;724;868,569;868,38;41;218;282;569;679;724;868;910;911,38;569;868;910;911,868;218,218;868,2,868;218,868;218
888,validation,sem_seed_social_comparative,social:comparative,singleton,single-seed,This book is better than that town.,,885,136.0,172.0,589.0,465.0,643.0,,,,,,,172,885,136,589,465.0,643.0,619.0,422.0,687.0,347.0,951.0,,172,136.0,885.0,589.0,643.0,465.0,,,,,,,885;136;172;589;465;643,172;885;136;589;465;643;619;422;687;347;951,172;136;885;589;643;465,136;172;465;589;643;885,6,136;172;465;589;643;885,6,35,7,885;136;172;465;589;643,136;172;885;465;589;643,172;885;136;589;465;643;619;687;422;951;347;76,136;172;465;589;643;885,136;172;465;589;643;885,136;172;465;589;643;885,136;172;465;589;643;885,172;885;136,136;172;885,3,172,172
889,validation,sem_seed_watch_perfect_pr,watch:perfect_pr,singleton,single-seed,We have saw a show.,,52,882.0,475.0,410.0,618.0,258.0,780.0,118.0,,,,,52,618,734,155,410.0,362.0,447.0,118.0,944.0,705.0,533.0,879.0,118,618.0,52.0,944.0,410.0,734.0,155.0,362.0,447.0,533.0,879.0,705.0,52;882;475;410;618;258;780;118,52;618;734;155;410;362;447;118;944;705;533;879,118;618;52;944;410;734;155;362;447;533;879;705,52;118;155;362;410;447;533;618;705;734;879;944,12,52;118;410;618,4,19,5,,52;118;618;155;410;734;944;362;447;533;705;879,618;52;734;410;155;118;362;447;533;705;879;944,52;118;155;362;410;447;533;618;705;734;879;944,,52;118;155;362;410;447;533;618;705;734;879;944,,618;52,52;618,2,618,618
890,validation,sem_0255,pref:decl,para3,lex,You like a game.,438;636,920,778.0,438.0,746.0,476.0,933.0,616.0,796.0,636.0,950.0,,,920,778,353,476,69.0,438.0,837.0,251.0,558.0,616.0,636.0,294.0,837,616.0,438.0,294.0,170.0,558.0,251.0,778.0,920.0,69.0,636.0,958.0,920;778;438;746;476;933;616;796;636;950,920;778;353;476;69;438;837;251;558;616;636;294,837;616;438;294;170;558;251;778;920;69;636;958,69;251;294;438;476;558;616;636;778;837;920,11,438;616;636;778;920,5,16,4,920;778;438;476;746;636;933;616;796;950,69;170;251;294;438;558;616;636;778;837;920;200,920;778;476;353;438;837;294;558;251;636;170;616,170;251;294;438;476;558;616;636;778;837;920,438;616;636;778;920,170;251;294;438;476;558;616;636;778;837;920,438;616;636;778;920,438;920;837;616;636;46;512,46;438;512;580;616;636;808;837;920,9,438;920;636;580;512;808,438;920;636;580;512;808
891,validation,sem_single_0896,watch:ynq_do,singleton,single,does He observe a game?,,719,524.0,742.0,558.0,991.0,418.0,792.0,112.0,861.0,458.0,200.0,490.0,719,524,558,742,458.0,792.0,418.0,991.0,112.0,267.0,307.0,426.0,719,558.0,991.0,159.0,524.0,418.0,792.0,742.0,462.0,267.0,552.0,307.0,719;524;742;558;991;418;792;112;861;458;200;490,719;524;558;742;458;792;418;991;112;267;307;426,719;558;991;159;524;418;792;742;462;267;552;307,112;267;307;418;458;524;558;719;742;792;991,11,418;524;558;719;742;792;991,7,23,5,719;524;558;742;418;991;792;861;112;458;490;390,719;159;418;462;524;558;742;792;991;112;267;307,719;558;524;742;418;991;792;112;458;462;159;307,112;159;307;418;458;462;524;558;719;742;792;991,112;418;524;558;719;742;792;991,112;159;307;418;458;462;524;558;719;742;792;991,112;418;524;558;719;742;792;991,719,719,1,,
892,validation,sem_0120,play:decl,para3,base,We play a song.,311,984,139.0,473.0,124.0,134.0,726.0,550.0,267.0,851.0,808.0,198.0,30.0,550,726,139,473,124.0,134.0,984.0,851.0,485.0,267.0,198.0,270.0,550,726.0,781.0,808.0,348.0,398.0,984.0,139.0,997.0,124.0,473.0,833.0,984;139;473;124;134;726;550;267;851;808;198;30,550;726;139;473;124;134;984;851;485;267;198;270,550;726;781;808;348;398;984;139;997;124;473;833,124;134;139;198;267;473;550;726;808;851;984,11,124;139;473;550;726;984,6,15,4,984;139;473;124;134;726;550;851;267;808;270;198,550;726;124;134;139;168;348;398;473;781;808;833,550;726;139;134;124;984;473;267;851;485;808;198,124;134;139;198;267;473;550;726;808;851;984,124;134;139;473;550;726;808,124;134;139;198;267;311;473;550;726;808;851;984,124;134;139;311;473;550;726;808,550;124;139;473;311;398;997;833;726;245,124;139;141;147;198;245;311;398;473;505;550;726;833;851;984;997,16,550;139;124;473;311;198;398;505;984;147;997;245;851;141;833,550;139;124;473;311;198;398;505;984;147;997;245;851;141;833
893,validation,sem_seed_drink_going_to,drink:going_to,singleton,single-seed,I am going to drink coffee.,,576,835.0,128.0,999.0,18.0,96.0,36.0,764.0,876.0,,,,18,96,999,876,36.0,173.0,835.0,576.0,128.0,466.0,787.0,764.0,18,96.0,999.0,876.0,466.0,173.0,36.0,,,,,,576;835;128;999;18;96;36;764;876,18;96;999;876;36;173;835;576;128;466;787;764,18;96;999;876;466;173;36,18;36;96;128;173;466;576;764;835;876;999,11,18;36;96;876;999,5,27,6,576;835;128;999;18;96;36,18;96;999;36;173;466;876,18;999;96;576;835;876;36;128;173;51;787;764,18;36;96;128;173;576;835;876;999,18;36;96;999,18;36;96;128;173;576;835;876;999,18;36;96;999,,25;128,2,25;128,25;128
894,validation,sem_seed_call_wh_where,call:wh_where,singleton,single-seed,Where do I contact?,,993,946.0,232.0,13.0,310.0,439.0,856.0,694.0,,,,,13,310,946,993,232.0,280.0,694.0,402.0,425.0,796.0,143.0,162.0,993,13.0,946.0,232.0,310.0,254.0,162.0,324.0,280.0,439.0,575.0,694.0,993;946;232;13;310;439;856;694,13;310;946;993;232;280;694;402;425;796;143;162,993;13;946;232;310;254;162;324;280;439;575;694,13;162;232;280;310;439;694;946;993,9,13;232;310;694;946;993,6,19,4,993;946;310;13;232;439;856,13;232;310;946;993;143;162;189;254;271;280;324,310;13;232;993;946;280;402;575;425;796;694;162,13;162;232;280;310;946;993,13;232;310;946;993,13;162;232;280;310;946;993,13;232;310;946;993,,,0,,
895,validation,sem_seed_learn_modal_can,learn:modal_can,singleton,single-seed,They can read a song.,,826,775.0,989.0,900.0,590.0,,,,,,,,826,590,989,900,775.0,578.0,712.0,339.0,722.0,303.0,444.0,979.0,826,590.0,775.0,712.0,930.0,989.0,124.0,543.0,900.0,479.0,722.0,444.0,826;775;989;900;590,826;590;989;900;775;578;712;339;722;303;444;979,826;590;775;712;930;989;124;543;900;479;722;444,444;590;712;722;775;826;900;989,8,590;775;826;900;989,5,21,5,826;775;989;900;590,826;590;124;479;543;712;775;900;930;989;245;303,826;590;775;989;900;578;712;339;479;930;124;543,124;479;543;590;712;775;826;900;930;989,590;775;826;900;989,124;479;543;590;712;775;826;900;930;989,590;775;826;900;989,826;339;900,42;339;389;433;479;826;900,7,339;479;433;42;389,339;479;433;42;389
896,validation,sem_seed_watch_ynq_do,watch:ynq_do,singleton,single-seed,do I watch a movie?,,419,633.0,722.0,925.0,852.0,159.0,644.0,251.0,534.0,681.0,484.0,,419,633,81,722,331.0,925.0,852.0,490.0,651.0,747.0,811.0,54.0,81,633.0,651.0,852.0,490.0,925.0,419.0,811.0,982.0,77.0,722.0,747.0,419;633;722;925;852;159;644;251;534;681;484,419;633;81;722;331;925;852;490;651;747;811;54,81;633;651;852;490;925;419;811;982;77;722;747,81;419;490;633;651;722;747;811;852;925,10,419;633;722;852;925,5,19,5,419;633;722;925;852;159;644;534;251,81;419;490;633;651;852;925;28;54;77;536;585,419;633;722;81;331;852;925;490;651;811;747;982,81;419;490;633;651;722;852;925,419;633;852;925,81;419;490;633;651;722;852;925,419;633;852;925,77,77,1,77,77
897,validation,sem_0110,acq:decl,para3,base,They get a movie.,181;943,181,185.0,568.0,772.0,444.0,,,,,,,,181,568,772,365,985.0,185.0,633.0,72.0,444.0,722.0,123.0,334.0,181,633.0,568.0,772.0,185.0,365.0,722.0,72.0,444.0,985.0,826.0,778.0,181;185;568;772;444,181;568;772;365;985;185;633;72;444;722;123;334,181;633;568;772;185;365;722;72;444;985;826;778,72;181;185;365;444;568;633;722;772;985,10,181;185;444;568;772,5,17,4,181;568;772,181;185;568;633;772;72;365;444;722;985;4;5,181;568;772;365;633;185;72;722;444;985;592;941,72;181;185;365;444;568;633;722;772;985,181;568;772,72;181;185;365;444;568;633;722;772;943;985,181;568;772;943,181,181;185;633;722,4,185;181;633;722,185;181;633;722
898,validation,sem_0031,social:front_time,para4,order,"Now, He use a phone.",19;569;645,645,901.0,19.0,471.0,821.0,627.0,,,,,,,645,19,845,901,821.0,988.0,471.0,508.0,95.0,417.0,307.0,802.0,645,471.0,19.0,417.0,508.0,901.0,307.0,821.0,845.0,988.0,,,645;901;19;471;821;627,645;19;845;901;821;988;471;508;95;417;307;802,645;471;19;417;508;901;307;821;845;988,19;307;417;471;508;645;821;845;901;988,10,19;471;645;821;901,5,20,5,645;901;19;471;821;627,645;19;417;471;307;508;821;845;901;988,645;845;19;901;821;471;508;95;417;988;307;284,19;307;417;471;508;645;821;845;901;988,19;471;645;821;901,19;307;417;471;508;569;645;821;845;901;988,19;471;569;645;821;901,645,645,1,645,645
899,validation,sem_seed_eat_future_will,eat:future_will,singleton,single-seed,He will eat a sandwich.,,108,177.0,677.0,500.0,55.0,414.0,349.0,568.0,118.0,818.0,910.0,617.0,108,677,177,349,414.0,55.0,839.0,27.0,508.0,851.0,16.0,513.0,16,677.0,513.0,38.0,177.0,108.0,504.0,910.0,27.0,508.0,113.0,414.0,108;177;677;500;55;414;349;568;118;818;910;617,108;677;177;349;414;55;839;27;508;851;16;513,16;677;513;38;177;108;504;910;27;508;113;414,16;27;55;108;177;349;414;508;513;677;910,11,108;177;414;677,4,23,5,108;177;677;55;414;349;568;118;818;500;617;80,16;38;108;177;513;677;27;113;414;504;508;851,677;177;108;349;839;414;55;513;16;38;851;508,16;38;55;108;177;349;414;508;513;677;851,108;177;414;677,16;38;55;108;177;349;414;508;513;677;851,108;177;414;677,504;113;513,38;55;108;113;177;492;504;513;677;818;910,11,38;504;177;910;55;108;677;818;492;513;113,38;504;177;910;55;108;677;818;492;513;113
900,test,sem_0212,learn:decl,para3,base,You read a song.,193,775,989.0,826.0,992.0,895.0,360.0,877.0,460.0,167.0,226.0,949.0,,775,989,826,895,992.0,473.0,485.0,537.0,360.0,460.0,167.0,712.0,775,826.0,992.0,989.0,473.0,485.0,895.0,537.0,168.0,348.0,543.0,170.0,775;989;826;992;895;360;877;460;167;226;949,775;989;826;895;992;473;485;537;360;460;167;712,775;826;992;989;473;485;895;537;168;348;543;170,167;360;460;473;485;537;775;826;895;989;992,11,775;826;895;989;992,5,16,4,775;989;826;992;895;360;877;460;167;226;949,473;775;826;989;992;485;895;537;8;69;78;80,775;989;826;895;992;473;485;537;877;460;167;949,167;460;473;485;537;775;826;877;895;949;989;992,775;826;895;989;992,167;193;460;473;485;537;775;826;877;895;949;989;992,193;775;826;895;989;992,826;989;775;895;57,57;775;826;895;989,5,826;775;989,826;775;989
901,test,sem_seed_social_emph_do,social:emph_do,singleton,single-seed,They do use a phone.,,645,19.0,898.0,43.0,293.0,627.0,988.0,417.0,123.0,,,,988,645,898,19,706.0,585.0,421.0,310.0,740.0,582.0,43.0,581.0,582,645.0,293.0,581.0,43.0,706.0,988.0,365.0,898.0,585.0,421.0,198.0,645;19;898;43;293;627;988;417;123,988;645;898;19;706;585;421;310;740;582;43;581,582;645;293;581;43;706;988;365;898;585;421;198,19;43;293;421;581;582;585;645;706;898;988,11,43;645;898;988,4,20,5,645;19;898;43;293;627,43;293;581;582;645;706;988;365;421;585;898;198,645;898;988;706;19;585;421;310;740;293;582;43,19;43;293;421;582;585;645;706;898;988,43;293;645;898,19;43;293;421;582;585;645;706;898;988,43;293;645;898,,293;582;645;684,4,293;645;684;582,293;645;684;582
902,test,sem_0041,social:decl,para4,base,I choose a game.,68;386;746,103,386.0,68.0,440.0,594.0,67.0,382.0,454.0,215.0,588.0,950.0,145.0,386,103,440,382,925.0,950.0,746.0,512.0,68.0,221.0,472.0,594.0,386,512.0,103.0,925.0,746.0,950.0,472.0,68.0,221.0,579.0,440.0,387.0,103;386;68;440;594;67;382;454;215;588;950;145,386;103;440;382;925;950;746;512;68;221;472;594,386;512;103;925;746;950;472;68;221;579;440;387,68;103;221;382;386;440;472;512;594;746;925;950,12,68;103;386;440;950,5,16,4,103;386;440;594;67;382;68;215;454;588;950;145,386;103;512;746;925;950;68;221;472;579;440;387,386;103;440;382;512;950;746;925;594;472;221;68,68;103;221;382;386;440;472;512;594;746;925;950,68;103;386;440;950,68;103;221;382;386;440;472;512;594;746;925;950,68;103;386;440;746;950,68;103;512;386,68;103;386;512,4,68;103;512,68;103;512
903,test,sem_seed_watch_negative_simple,watch:negative_simple,singleton,single-seed,He does not view a film.,,259,77.0,219.0,223.0,249.0,283.0,831.0,369.0,969.0,,,,819,969,283,249,259.0,831.0,77.0,219.0,297.0,369.0,860.0,700.0,969,792.0,819.0,956.0,732.0,882.0,259.0,426.0,891.0,307.0,249.0,283.0,259;77;219;223;249;283;831;369;969,819;969;283;249;259;831;77;219;297;369;860;700,969;792;819;956;732;882;259;426;891;307;249;283,77;219;249;259;283;369;819;831;969,9,249;259;283;969,4,24,6,259;223;219;77;249;283;369,969;259;732;792;819;882;956;77;219;249;267;283,819;259;249;283;969;77;831;219;732;882;297;369,77;219;249;259;283;369;732;819;882;969,77;219;249;259;283,77;219;249;259;283;369;732;819;882;969,77;219;249;259;283,969,219;259;732;792;969;991,6,792;259;219;732;991,792;259;219;732;991
904,test,sem_0175,pref:decl,para3,lex,They prefer coffee.,870;918,666,812.0,822.0,562.0,25.0,342.0,951.0,835.0,588.0,555.0,,,835,822,666,588,661.0,49.0,6.0,912.0,951.0,555.0,929.0,428.0,666,588.0,822.0,835.0,49.0,661.0,,,,,,,666;812;822;562;25;342;951;835;588;555,835;822;666;588;661;49;6;912;951;555;929;428,666;588;822;835;49;661,49;555;588;661;666;822;835;951,8,588;666;822;835,4,19,3,,588;666;822;835;49;661,835;822;588;666;49;661;6;428;440;555;562;576,49;588;661;666;822;835,,49;588;661;666;822;835;870;918,870;918,588;666;835;440,440;576;588;632;666;835,6,588;835;666;576;440;632,588;835;666;576;440;632
905,test,sem_0132,drink:going_to,para3,tense,You are going to sip juice.,149;750,531,654.0,306.0,149.0,767.0,607.0,46.0,656.0,723.0,806.0,434.0,225.0,723,947,656,149,531.0,434.0,806.0,46.0,36.0,381.0,804.0,42.0,656,723.0,149.0,947.0,434.0,46.0,806.0,531.0,36.0,381.0,42.0,804.0,531;654;306;149;767;607;46;656;723;806;434;225,723;947;656;149;531;434;806;46;36;381;804;42,656;723;149;947;434;46;806;531;36;381;42;804,36;42;46;149;381;434;531;656;723;804;806;947,12,46;149;434;531;656;723;806,7,27,6,654;306;149;767;531;607;46;656;723;806;727;225,149;656;723;947;46;434;531;806;36;42;381;804,149;723;947;656;806;434;531;46;306;767;654;607,46;149;306;434;531;607;654;656;723;767;806;947,46;149;531;656;723;806,46;149;306;434;531;607;654;656;723;750;767;806;947,46;149;531;656;723;750;806,149;487;654;306;607,149;225;306;487;607;654;767,7,149;654;306;225;607;767,149;654;306;225;607;767
906,test,sem_seed_social_perfect_pr,social:perfect_pr,singleton,single-seed,We have helped my father.,,953,343.0,971.0,689.0,461.0,,,,,,,,953,343,574,469,755.0,284.0,291.0,320.0,392.0,689.0,461.0,612.0,953,574.0,343.0,755.0,469.0,879.0,533.0,705.0,,,,,953;343;971;689;461,953;343;574;469;755;284;291;320;392;689;461;612,953;574;343;755;469;879;533;705,343;461;469;574;689;755;953,7,343;953,2,25,5,953;343;689;461,574;953;343;469;755;533;705;879,953;343;574;755;469;371;689;392;284;291;817;133,343;469;574;689;755;953,343;953,343;469;574;689;755;953,343;953,953;971,953;971,2,971;953,971;953
907,test,sem_seed_call_future_will,call:future_will,singleton,single-seed,We will call my teacher.,,276,709.0,60.0,358.0,875.0,514.0,288.0,557.0,308.0,434.0,547.0,692.0,358,60,709,276,514.0,875.0,557.0,288.0,308.0,434.0,692.0,667.0,692,667.0,60.0,358.0,709.0,276.0,557.0,514.0,875.0,469.0,434.0,308.0,276;709;60;358;875;514;288;557;308;434;547;692,358;60;709;276;514;875;557;288;308;434;692;667,692;667;60;358;709;276;557;514;875;469;434;308,60;276;288;308;358;434;514;557;667;692;709;875,12,60;276;308;358;434;514;557;692;709;875,10,24,5,709;276;60;358;875;514;557;288;308;434;547;370,60;276;358;667;692;709;469;514;557;875;160;288,276;358;709;60;514;557;875;692;667;434;288;308,60;276;288;308;358;434;514;557;667;692;709;875,60;276;288;358;514;557;709;875,60;276;288;308;358;434;514;557;667;692;709;875,60;276;288;358;514;557;709;875,60;276;358;927;434;709;497;262;875;773;667;942,60;229;262;276;358;434;497;547;557;667;692;709;773;875;927;942;981,17,276;434;709;60;262;547;875;942;981;692;927;497;358;229;557,276;434;709;60;262;547;875;942;981;692;927;497;358;229;557
908,test,sem_0019,eat:front_time,para4,order,"Yesterday, You order a sandwich.",366;463;646,646,317.0,960.0,624.0,14.0,604.0,754.0,354.0,485.0,448.0,476.0,84.0,960,646,317,754,84.0,624.0,604.0,14.0,354.0,485.0,923.0,476.0,646,960.0,317.0,80.0,14.0,604.0,624.0,923.0,476.0,485.0,366.0,354.0,646;317;960;624;14;604;754;354;485;448;476;84,960;646;317;754;84;624;604;14;354;485;923;476,646;960;317;80;14;604;624;923;476;485;366;354,14;84;317;354;476;485;604;624;646;754;923;960,12,14;317;354;476;485;604;624;646;960,9,32,5,646;317;960;624;14;604;754;354;485;448;84;476,646;317;960;14;80;604;624;354;366;476;485;696,646;960;317;84;14;624;604;754;354;485;476;923,14;84;317;354;476;485;604;624;646;754;960,14;317;354;476;485;604;624;646;960,14;84;317;354;366;463;476;485;604;624;646;754;960,14;317;354;366;463;476;485;604;624;646;960,960;317;646;754,317;354;624;646;754;960,6,960;317;354;646;624,960;317;354;646;624
909,test,sem_seed_drink_past_cont,drink:past_cont,singleton,single-seed,We were sipping juice.,,751,306.0,325.0,767.0,,,,,,,,,996,116,306,342,728.0,751.0,325.0,296.0,452.0,114.0,227.0,640.0,342,728.0,116.0,306.0,296.0,452.0,,,,,,,751;306;325;767,996;116;306;342;728;751;325;296;452;114;227;640,342;728;116;306;296;452,116;296;306;325;342;452;728;751,8,306,1,22,4,751,116;306;342;728;296;452,996;342;306;116;728;751;325;452;296;114;227;163,116;296;306;342;452;728;751,,116;296;306;342;452;728;751,,306;607;654;452;227;149;116,116;149;227;306;452;607;654,7,306;607,306;607
910,test,sem_0017,social:perfect_pr,para4,tense,He has made a sandwich.,38;887;911,118,818.0,500.0,38.0,80.0,678.0,623.0,617.0,15.0,735.0,99.0,624.0,41,724,437,89,38.0,16.0,513.0,899.0,113.0,504.0,660.0,698.0,38,513.0,16.0,113.0,899.0,504.0,10.0,911.0,489.0,584.0,,,118;818;500;38;80;678;623;617;15;735;99;624,41;724;437;89;38;16;513;899;113;504;660;698,38;513;16;113;899;504;10;911;489;584,16;38;113;504;513;899,6,38,1,23,5,818;118;623;38;80;678;15;617,16;38;513;113;504;899;10;489;911;584,724;41;437;16;38;513;89;504;899;113;698;660,16;38;113;504;513;899,38,16;38;113;504;513;887;899;911,38;887;911,504;38;113,38;113;177;504;623;818;899,7,38;504;899;818;623;113;177,38;504;899;818;623;113;177
911,test,sem_0017,social:front_place,para4,order,"in the town, He make a sandwich.",38;887;910,38,617.0,910.0,500.0,118.0,818.0,,,,,,,38,474,741,196,256.0,642.0,715.0,556.0,965.0,270.0,415.0,10.0,38,489.0,270.0,10.0,965.0,741.0,474.0,513.0,16.0,556.0,504.0,642.0,38;617;910;500;118;818,38;474;741;196;256;642;715;556;965;270;415;10,38;489;270;10;965;741;474;513;16;556;504;642,10;38;270;474;556;642;741;965,8,38,1,32,7,38;617,38;10;270;474;489;741;965;16;513;113;256;504,38;474;741;715;556;256;642;196;415;965;270;489,38;256;270;474;489;741;965,38,38;256;270;474;489;741;887;910;965,38;887;910,38,38,1,38,38
912,test,sem_seed_pref_because_cause,pref:because_cause,singleton,single-seed,"They prefer a show, because it is warm.",,206,482.0,988.0,710.0,584.0,6.0,279.0,795.0,510.0,779.0,799.0,924.0,779,988,6,951,130.0,795.0,799.0,564.0,510.0,279.0,584.0,206.0,988,951.0,779.0,6.0,799.0,510.0,130.0,206.0,564.0,279.0,119.0,795.0,206;482;988;710;584;6;279;795;510;779;799;924,779;988;6;951;130;795;799;564;510;279;584;206,988;951;779;6;799;510;130;206;564;279;119;795,6;130;206;279;510;564;584;779;795;799;951;988,12,6;206;279;510;779;795;799;988,8,39,8,584;279;988;206;779;482;564;329;924;510;6;130,779;951;988;6;119;130;206;279;347;510;564;584,6;988;779;951;130;924;482;710;329;564;510;279,6;130;206;279;329;482;510;564;584;779;924;951;988,6;130;279;510;564;779;988,6;130;206;279;329;482;510;564;584;779;924;951;988,6;130;279;510;564;779;988,,779,1,779,779
913,test,sem_0304,drink:decl,para3,base,She drink juice.,243;957,487,104.0,452.0,641.0,546.0,243.0,456.0,766.0,,,,,487,104,452,767,641.0,546.0,31.0,727.0,243.0,105.0,456.0,149.0,546,767.0,104.0,641.0,487.0,243.0,452.0,105.0,727.0,456.0,31.0,,487;104;452;641;546;243;456;766,487;104;452;767;641;546;31;727;243;105;456;149,546;767;104;641;487;243;452;105;727;456;31,31;104;105;243;452;456;487;546;641;727;767,11,104;243;452;456;487;546;641,7,16,3,487;104;452;641;546;243;456;766;16,104;487;546;641;767;31;105;243;452;456;727,487;104;452;767;641;546;243;31;727;456;105;654,31;104;105;243;452;456;487;546;641;727;767,104;243;452;456;487;546;641,31;104;105;243;452;456;487;546;641;727;767;957,104;243;452;456;487;546;641;957,767;243;727;546;104;487;31,31;104;116;243;306;452;486;487;546;727;767,11,243;767;31;104;487;727;486;452;306;116;546,243;767;31;104;487;727;486;452;306;116;546
914,test,sem_0141,move:front_time,para3,order,"Today, I walk to the station.",753;948,753,670.0,936.0,948.0,292.0,29.0,769.0,715.0,730.0,71.0,803.0,583.0,753,670,71,936,948.0,769.0,945.0,429.0,385.0,591.0,828.0,544.0,753,71.0,936.0,948.0,769.0,429.0,385.0,670.0,945.0,352.0,998.0,287.0,753;670;936;948;292;29;769;715;730;71;803;583,753;670;71;936;948;769;945;429;385;591;828;544,753;71;936;948;769;429;385;670;945;352;998;287,71;385;429;670;753;769;936;945;948,9,71;670;753;769;936;948,6,29,6,753;670;936;292;948;715;29;730;769;828;583;803,753;71;769;936;948;385;429;670;945;23;29;277,753;71;936;670;948;769;945;429;385;591;715;544,29;71;385;429;670;715;753;769;936;945;948,670;753;769;936;948,29;71;385;429;670;715;753;769;936;945;948,670;753;769;936;948,753,385;670;753;769;948,5,753;670;385;948;769,753;670;385;948;769
915,test,sem_0180,social:decl,para3,lex,I start a ticket.,186;572,186,33.0,98.0,572.0,700.0,679.0,829.0,76.0,582.0,,,,186,572,98,33,679.0,601.0,582.0,569.0,76.0,700.0,829.0,470.0,186,572.0,525.0,512.0,651.0,624.0,617.0,735.0,408.0,477.0,394.0,798.0,186;33;98;572;700;679;829;76;582,186;572;98;33;679;601;582;569;76;700;829;470,186;572;525;512;651;624;617;735;408;477;394;798,33;76;98;186;572;582;679;700;829,9,186;572,2,17,4,186;33;98;572;679;700,186;572;4;33;78;85;98;108;123;139;230;241,186;572;33;98;679;601;582;569;7;887;700;76,33;98;186;572;679;700,33;98;186;572,33;98;186;572;679;700,33;98;186;572,,,0,,
916,test,sem_single_0987,eat:wh_where,singleton,single,Where does He order?,,819,736.0,39.0,609.0,,,,,,,,,819,736,39,609,157.0,154.0,126.0,32.0,621.0,95.0,613.0,426.0,819,157.0,609.0,736.0,154.0,126.0,95.0,39.0,32.0,613.0,621.0,,819;736;39;609,819;736;39;609;157;154;126;32;621;95;613;426,819;157;609;736;154;126;95;39;32;613;621,32;39;95;126;154;157;609;613;621;736;819,11,39;609;736;819,4,20,4,819;736;39;609,819;157;32;39;95;126;154;609;613;621;736,819;609;39;736;157;613;621;32;95;126;154;514,32;39;95;126;154;157;609;613;621;736;819,39;609;736;819,32;39;95;126;154;157;609;613;621;736;819,39;609;736;819,,,0,,
917,test,sem_0197,eat:decl,para3,lex,You have dinner.,309;494,791,533.0,420.0,65.0,975.0,283.0,302.0,326.0,314.0,750.0,463.0,978.0,420,533,791,302,283.0,326.0,765.0,937.0,65.0,463.0,750.0,947.0,65,937.0,750.0,420.0,791.0,765.0,463.0,533.0,848.0,731.0,80.0,507.0,791;533;420;65;975;283;302;326;314;750;463;978,420;533;791;302;283;326;765;937;65;463;750;947,65;937;750;420;791;765;463;533;848;731;80;507,65;283;302;326;420;463;533;750;765;791;937,11,65;420;463;533;750;791,6,16,3,791;533;420;283;302;65;975;326;750;314;463;978,65;420;463;533;750;765;791;937;75;80;359;507,420;791;533;937;765;65;283;302;750;463;326;507,65;283;302;326;420;463;507;533;750;765;791;937,65;420;463;533;750;791,65;283;302;309;326;420;463;494;507;533;750;765;791;937,65;309;420;463;494;533;750;791,65;533;420;765;570;122,65;122;314;420;533;570;765;791;937;978,10,533;65;420;122;791;570;937;314;978;765,533;65;420;122;791;570;937;314;978;765
918,test,sem_0175,pref:modal_can,para3,tense,They can like tea.,870;904,870,685.0,590.0,,,,,,,,,,870,105,685,647,955.0,7.0,101.0,194.0,920.0,197.0,595.0,759.0,870,647.0,955.0,7.0,101.0,197.0,685.0,194.0,920.0,595.0,105.0,,870;685;590,870;105;685;647;955;7;101;194;920;197;595;759,870;647;955;7;101;197;685;194;920;595;105,7;101;105;194;197;595;647;685;870;920;955,11,685;870,2,18,4,870;685;590,870;7;101;647;955;105;194;197;595;685;920,870;105;685;7;647;955;101;194;920;197;595;743,7;101;105;194;197;595;647;685;870;920;955,685;870,7;101;105;194;197;595;647;685;870;904;920;955,685;870;904,870;105,105;156;453;610;870;955,6,870;105;610;156;955;453,870;105;610;156;955;453
919,test,sem_0030,learn:decl,para4,lex,We learn music.,111;168;781,997,255.0,771.0,263.0,374.0,394.0,281.0,871.0,,,,,255,997,311,600,446.0,433.0,657.0,269.0,147.0,880.0,91.0,771.0,600,311.0,446.0,433.0,657.0,147.0,269.0,997.0,255.0,,,,997;255;771;263;374;394;281;871,255;997;311;600;446;433;657;269;147;880;91;771,600;311;446;433;657;147;269;997;255,147;255;269;311;433;446;600;657;771;997,10,255;997,2,15,3,997;255;771;374;263,311;433;446;600;657;147;255;269;997,997;255;433;446;311;600;657;269;147;374;281;263,147;255;263;269;311;374;433;446;600;657;997,255;997,111;147;168;255;263;269;311;374;433;446;600;657;781;997,111;168;255;781;997,997;311;433,168;311;433;600;997,5,997;433;168;600,997;433;168;600
920,test,sem_seed_pref_decl,pref:decl,singleton,single-seed,They like a game.,,890,197.0,870.0,101.0,743.0,933.0,746.0,109.0,,,,,890,197,743,517,101.0,870.0,161.0,103.0,801.0,274.0,109.0,933.0,103,274.0,109.0,890.0,933.0,197.0,801.0,681.0,94.0,743.0,846.0,517.0,890;197;870;101;743;933;746;109,890;197;743;517;101;870;161;103;801;274;109;933,103;274;109;890;933;197;801;681;94;743;846;517,101;103;109;197;274;517;743;801;870;890;933,11,109;197;743;890;933,5,17,4,890;197;870;101;743;933;746;109,103;109;197;274;681;801;890;933;94;517;586;743,890;197;870;101;517;743;274;933;801;681;103;109,101;103;109;197;274;517;681;743;801;870;890;933,109;197;743;890;933,101;103;109;197;274;517;681;743;801;870;890;933,109;197;743;890;933,890;801;109,109;438;801;890,4,890;801;438,890;801;438
921,test,sem_0053,eat:decl,para4,lex,She order pizza.,15;623;818,671,565.0,987.0,344.0,431.0,491.0,381.0,788.0,120.0,14.0,41.0,,344,565,671,987,491.0,431.0,381.0,788.0,102.0,14.0,252.0,625.0,987,565.0,102.0,671.0,344.0,788.0,252.0,491.0,14.0,431.0,,,671;565;987;344;431;491;381;788;120;14;41,344;565;671;987;491;431;381;788;102;14;252;625,987;565;102;671;344;788;252;491;14;431,14;102;252;344;381;431;491;565;671;788;987,11,14;344;431;491;565;671;788;987,8,16,3,671;565;987;344;491;431;381;788;120;14;157,102;344;565;671;788;987;14;252;491;431,987;565;671;344;491;788;431;102;381;14;252;625,14;102;252;344;381;431;491;565;671;788;987,14;344;431;491;565;671;788;987,14;15;102;252;344;381;431;491;565;623;671;788;818;987,14;15;344;431;491;565;623;671;788;818;987,788;102;14;211;565,11;14;41;102;120;157;211;252;344;381;565;577;671;724;788;868;987,17,41;671;211;102;987;157;565;344;868;252;120;788;577;381;724;11,41;671;211;102;987;157;565;344;868;252;120;788;577;381;724;11
922,test,sem_0038,eat:decl,para3,lex,They eat lunch.,883;976,839,309.0,436.0,677.0,,,,,,,,,839,309,436,677,349.0,972.0,266.0,239.0,784.0,961.0,932.0,974.0,972,784.0,266.0,839.0,239.0,309.0,436.0,349.0,677.0,,,,839;309;436;677,839;309;436;677;349;972;266;239;784;961;932;974,972;784;266;839;239;309;436;349;677,239;266;309;349;436;677;784;839;972,9,309;436;677;839,4,15,3,839;309;436;677,239;266;309;436;784;839;972;349;677,839;309;436;677;349;784;266;239;972;932;570;707,239;266;309;349;436;677;784;839;972,309;436;677;839,239;266;309;349;436;677;784;839;883;972;976,309;436;677;839;883;976,309;879;784;677;493;266;884,184;239;266;309;493;677;784;836;839;879;884;972,12,309;266;879;784;839;493;972;836;239;677;184,309;266;879;784;839;493;972;836;239;677;184
923,test,sem_single_0951,learn:front_time,singleton,single,"Yesterday, You learn a novel.",,871,374.0,499.0,854.0,476.0,519.0,485.0,448.0,960.0,908.0,,,871,374,854,499,519.0,960.0,485.0,908.0,476.0,448.0,539.0,594.0,871,814.0,539.0,374.0,594.0,992.0,372.0,485.0,476.0,540.0,519.0,960.0,871;374;499;854;476;519;485;448;960;908,871;374;854;499;519;960;485;908;476;448;539;594,871;814;539;374;594;992;372;485;476;540;519;960,374;448;476;485;499;519;539;594;854;871;908;960,12,374;476;485;519;871;960,6,29,5,871;374;499;476;854;485;519;448;960;908,374;539;594;814;871;992;372;476;485;499;519;540,374;871;499;519;854;476;960;908;485;448;539;992,374;448;476;485;499;519;539;854;871;908;960;992,374;476;485;499;519;871,374;448;476;485;499;519;539;854;871;908;960;992,374;476;485;499;519;871,,,0,,
924,test,sem_seed_drink_because_cause,drink:because_cause,singleton,single-seed,"We sip water, because it is warm.",,130,482.0,206.0,710.0,795.0,564.0,988.0,279.0,510.0,329.0,799.0,912.0,564,710,482,329,6.0,990.0,799.0,279.0,779.0,206.0,130.0,347.0,564,710.0,329.0,482.0,990.0,6.0,912.0,130.0,206.0,279.0,779.0,347.0,130;482;206;710;795;564;988;279;510;329;799;912,564;710;482;329;6;990;799;279;779;206;130;347,564;710;329;482;990;6;912;130;206;279;779;347,6;130;206;279;329;347;482;564;710;779;799;912;990,13,130;206;279;329;482;564;710,7,33,7,130;564;279;795;482;206;329;988;710;779;510;912,564;6;329;482;710;990;130;206;279;299;347;510,564;6;482;710;329;990;795;799;206;279;584;912,6;130;206;279;329;482;510;564;710;795;912;990,206;279;329;482;564;710,6;130;206;279;329;482;510;564;710;795;912;990,206;279;329;482;564;710,,,0,,
925,test,sem_0042,watch:decl,para4,lex,I watch a game.,387;472;950,159,644.0,251.0,681.0,852.0,88.0,896.0,534.0,419.0,633.0,484.0,564.0,251,159,644,681,88.0,852.0,564.0,896.0,746.0,902.0,512.0,950.0,902,746.0,644.0,251.0,681.0,512.0,852.0,950.0,159.0,896.0,472.0,221.0,159;644;251;681;852;88;896;534;419;633;484;564,251;159;644;681;88;852;564;896;746;902;512;950,902;746;644;251;681;512;852;950;159;896;472;221,88;159;251;512;564;644;681;746;852;896;902;950,12,159;251;644;681;852;896,6,15,4,159;644;251;681;852;88;896;534;419;633;564;484,159;251;512;644;681;746;852;902;950;68;88;221,681;644;251;159;88;852;896;746;902;512;950;564,88;159;251;512;564;644;681;746;852;896;902;950,88;159;251;644;681;852,88;159;251;387;472;512;564;644;681;746;852;896;902;950,88;159;251;387;472;644;681;852;950,644;251;681;69;472;240;159;616;558;109;719;950;512,69;109;159;240;251;472;512;552;558;616;644;648;681;719;950,15,644;251;159;681;472;69;648;552,644;251;159;681;472;69;648;552
926,test,sem_0043,learn:front_time,para4,order,"Now, I review a book.",333;477;704,477,859.0,629.0,413.0,704.0,85.0,865.0,96.0,841.0,20.0,587.0,515.0,477,96,20,413,629.0,859.0,260.0,841.0,865.0,85.0,626.0,821.0,477,939.0,859.0,704.0,394.0,629.0,96.0,85.0,360.0,413.0,4.0,20.0,477;859;629;413;704;85;865;96;841;20;587;515,477;96;20;413;629;859;260;841;865;85;626;821,477;939;859;704;394;629;96;85;360;413;4;20,20;85;96;413;477;629;704;841;859;865,10,20;85;96;413;477;629;859,7,21,5,477;859;629;413;704;85;865;96;841;20;587;515,477;4;85;96;360;394;413;629;704;859;939;20,477;413;859;629;20;260;96;85;626;841;865;821,20;85;96;413;477;629;704;841;859;865,20;85;96;413;477;629;859,20;85;96;333;413;477;629;704;841;859;865,20;85;96;333;413;477;629;704;859,477;704;96;859;85;413;587;626;360,85;96;360;413;477;587;626;704;859,9,96;477;704;626;859,96;477;704;626;859
927,test,sem_seed_call_decl,call:decl,singleton,single-seed,They phone my teacher.,,229,262.0,133.0,981.0,368.0,740.0,60.0,667.0,44.0,692.0,276.0,756.0,229,262,981,773,60.0,740.0,368.0,133.0,668.0,203.0,664.0,667.0,368,133.0,60.0,740.0,773.0,262.0,229.0,668.0,981.0,203.0,664.0,276.0,229;262;133;981;368;740;60;667;44;692;276;756,229;262;981;773;60;740;368;133;668;203;664;667,368;133;60;740;773;262;229;668;981;203;664;276,60;133;203;229;262;276;368;664;667;668;740;773;981,13,60;133;229;262;368;740;981,7,22,4,229;262;133;981;368;740;60;667;756;709;881;284,60;133;229;262;368;740;773;203;668;981;664;43,229;262;981;773;740;60;133;368;668;203;709;692,60;133;203;229;262;368;668;709;740;773;981,60;133;229;262;368;740;981,60;133;203;229;262;368;668;709;740;773;981,60;133;229;262;368;740;981,60;262;773;358;229;709;547;276;907;368;133;942;981;740,60;133;202;203;229;262;276;358;368;434;547;709;740;773;875;907;942;981,18,773;262;276;229;60;942;875;547;368;907;981;434;202;203;133;740,773;262;276;229;60;942;875;547;368;907;981;434;202;203;133;740
928,test,sem_0098,move:decl,para3,base,She visit at the office.,2;246,327,246.0,642.0,378.0,662.0,553.0,467.0,717.0,830.0,2.0,635.0,669.0,246,327,553,830,467.0,107.0,717.0,146.0,662.0,642.0,378.0,223.0,246,327.0,553.0,830.0,146.0,642.0,717.0,107.0,378.0,467.0,662.0,2.0,327;246;642;378;662;553;467;717;830;2;635;669,246;327;553;830;467;107;717;146;662;642;378;223,246;327;553;830;146;642;717;107;378;467;662;2,2;107;146;246;327;378;467;553;642;662;717;830,12,246;327;378;467;553;642;662;717;830,9,24,5,327;246;642;662;378;553;467;717;830;48;2;729,246;327;2;107;146;378;467;553;642;662;717;830,246;327;378;467;553;642;146;717;107;662;830;223,2;107;146;246;327;378;467;553;642;662;717;830,246;327;378;467;553;642;662;717;830,2;107;146;246;327;378;467;553;642;662;717;830,2;246;327;378;467;553;642;662;717;830,246;2,2;246,2,2;246,2;246
929,test,sem_0275,drink:decl,para3,base,She sip coffee.,36;641,555,25.0,655.0,815.0,192.0,538.0,36.0,562.0,767.0,507.0,,,36,25,815,555,655.0,538.0,192.0,215.0,767.0,727.0,441.0,876.0,555,215.0,767.0,655.0,25.0,36.0,815.0,192.0,538.0,727.0,441.0,,555;25;655;815;192;538;36;562;767;507,36;25;815;555;655;538;192;215;767;727;441;876,555;215;767;655;25;36;815;192;538;727;441,25;36;192;215;441;538;555;655;727;767;815,11,25;36;192;538;555;655;767;815,8,15,3,555;25;815;655;538;192;36;562;428,25;36;215;555;655;767;815;192;538;727;441,655;555;25;815;36;192;538;215;767;727;441;876,25;36;192;215;441;538;555;655;727;767;815,25;36;192;538;555;655;815,25;36;192;215;441;538;555;641;655;727;767;815,25;36;192;538;555;641;655;815,555;36;767;641;25;215;815;428,25;36;192;215;428;555;641;655;767;815;954,11,555;36;192;25;815;655;954,555;36;192;25;815;655;954
930,test,sem_0308,pref:decl,para3,base,They love a song.,101;590,995,833.0,563.0,180.0,258.0,590.0,99.0,522.0,530.0,827.0,124.0,,590,180,833,995,563.0,530.0,522.0,258.0,99.0,414.0,124.0,479.0,590,833.0,563.0,99.0,995.0,543.0,124.0,826.0,479.0,180.0,258.0,895.0,995;833;563;180;258;590;99;522;530;827;124,590;180;833;995;563;530;522;258;99;414;124;479,590;833;563;99;995;543;124;826;479;180;258;895,99;124;180;258;479;522;530;563;590;833;995,11,99;124;180;258;563;590;833;995,8,17,4,563;995;833;180;258;99;590;522;530;827,590;99;124;180;258;479;543;563;826;833;995;245,590;180;833;563;995;258;99;530;522;414;479;543,99;180;258;479;522;530;543;563;590;833;995,99;180;258;563;590;833;995,99;101;180;258;479;522;530;543;563;590;833;995,99;101;180;258;563;590;833;995,833;590;995;180;563;827,101;124;180;563;590;827;833;995,8,833;590;563;995;180;827;101;124,833;590;563;995;180;827;101;124
931,test,sem_0007,watch:modal_can,para4,tense,You can observe a film.,419;857;935,935,792.0,536.0,857.0,558.0,713.0,390.0,719.0,490.0,524.0,991.0,418.0,935,857,792,536,509.0,390.0,558.0,713.0,377.0,131.0,484.0,372.0,935,558.0,857.0,131.0,713.0,390.0,484.0,792.0,377.0,372.0,536.0,509.0,935;792;536;857;558;713;390;719;490;524;991;418,935;857;792;536;509;390;558;713;377;131;484;372,935;558;857;131;713;390;484;792;377;372;536;509,131;372;377;390;484;509;536;558;713;792;857;935,12,390;536;558;713;792;857;935,7,23,5,792;935;536;857;558;719;390;713;524;418;490;991,935;131;377;390;484;558;713;792;857;372;509;536,935;792;857;536;509;713;558;390;377;131;484;372,131;372;377;390;484;509;536;558;713;792;857;935,390;536;558;713;792;857;935,131;372;377;390;419;484;509;536;558;713;792;857;935,390;419;536;558;713;792;857;935,935;713;536;792;490;484,151;259;419;484;490;536;713;792;935;982,10,935;536;713;484;490;151;792;259;982;419,935;536;713;484;490;151;792;259;982;419
932,test,sem_seed_eat_imperative,eat:imperative,singleton,single-seed,Please eat pizza.,,707,436.0,994.0,349.0,571.0,680.0,868.0,,,,,,994,436,707,349,680.0,571.0,655.0,389.0,858.0,320.0,941.0,742.0,436,707.0,994.0,349.0,,,,,,,,,707;436;994;349;571;680;868,994;436;707;349;680;571;655;389;858;320;941;742,436;707;994;349,349;436;571;680;707;994,6,349;436;707;994,4,17,3,436;707;994;349;571;680,436;707;994;349,994;707;436;349;571;680;389;655;570;974;839;922,349;436;571;680;707;994,349;436;707;994,349;436;571;680;707;994,349;436;707;994,994,707;994,2,994;707,994;707
933,test,sem_0055,social:decl,para4,lex,They make a game.,94;274;586,746,697.0,33.0,822.0,371.0,920.0,49.0,109.0,890.0,,,,746,697,33,822,371.0,661.0,49.0,6.0,274.0,681.0,801.0,103.0,697,746.0,274.0,801.0,33.0,681.0,920.0,109.0,103.0,94.0,846.0,586.0,746;697;33;822;371;920;49;109;890,746;697;33;822;371;661;49;6;274;681;801;103,697;746;274;801;33;681;920;109;103;94;846;586,33;49;103;109;274;371;681;697;746;801;822;920,12,33;697;746,3,17,4,746;697;33;822;371;920;49;890;109;38,33;103;109;274;681;697;746;801;920;94;586;846,746;33;697;822;371;49;661;274;920;681;801;109,33;49;109;274;371;681;697;746;801;822;920,33;109;697;746;920,33;49;94;109;274;371;586;681;697;746;801;822;920,33;94;109;274;586;697;746;920,801;746,746;801,2,746,746
934,test,sem_0020,move:front_place,para4,order,"to the city, She come.",300;301;396,396,376.0,301.0,387.0,658.0,522.0,,,,,,,396,2,29,301,691.0,855.0,292.0,608.0,583.0,82.0,209.0,179.0,396,29.0,2.0,301.0,691.0,591.0,855.0,322.0,224.0,82.0,179.0,17.0,396;376;301;387;658;522,396;2;29;301;691;855;292;608;583;82;209;179,396;29;2;301;691;591;855;322;224;82;179;17,2;29;82;179;301;396;691;855,8,301;396,2,22,5,396;376;387;117;658;522,396;2;29;301;691;17;82;179;209;224;286;292,396;2;29;301;691;608;292;82;583;855;209;179,2;29;82;179;209;292;301;396;691,396,2;29;82;179;209;292;300;301;396;691,300;301;396,396;301,301;396,2,396,396
935,test,sem_0007,watch:decl,para4,base,You observe a film.,419;857;931,792,931.0,558.0,857.0,713.0,390.0,719.0,490.0,524.0,991.0,418.0,330.0,931,857,792,390,713.0,558.0,131.0,484.0,377.0,719.0,861.0,991.0,931,792.0,558.0,390.0,484.0,131.0,713.0,377.0,857.0,524.0,992.0,539.0,792;931;558;857;713;390;719;490;524;991;418;330,931;857;792;390;713;558;131;484;377;719;861;991,931;792;558;390;484;131;713;377;857;524;992;539,131;377;390;484;524;558;713;719;792;857;931;991,12,390;558;713;792;857;931,6,19,4,792;931;558;857;390;713;719;524;418;490;991;861,931;131;377;390;484;558;713;792;857;8;63;69,931;792;857;558;713;390;377;131;484;490;330;524,131;377;390;484;490;524;558;713;792;857;931,390;558;713;792;857;931,131;377;390;419;484;490;524;558;713;792;857;931,390;419;558;713;792;857;931,713;484;931;490;419;151;792;536;857;852;390;982;54;991;861,54;151;259;390;419;484;490;536;713;792;852;857;861;931;982;991,16,713;931;484;490;151;419;792;259;536;390;991;861;982,713;931;484;490;151;419;792;259;536;390;991;861;982
936,test,sem_0006,move:decl,para4,base,I walk to the town.,71;173;352,715,828.0,813.0,753.0,71.0,173.0,591.0,300.0,973.0,840.0,914.0,608.0,71,715,828,813,753.0,914.0,352.0,608.0,945.0,790.0,173.0,544.0,71,753.0,828.0,715.0,352.0,608.0,173.0,914.0,790.0,945.0,813.0,300.0,715;828;813;753;71;173;591;300;973;840;914;608,71;715;828;813;753;914;352;608;945;790;173;544,71;753;828;715;352;608;173;914;790;945;813;300,71;173;300;352;608;715;753;790;813;828;914;945,12,71;173;608;715;753;813;828;914,8,19,5,715;828;813;753;591;71;300;914;840;608;173;352,71;352;608;715;753;828;173;790;813;914;945;17,71;828;715;813;753;914;608;352;790;945;173;544,71;173;352;608;715;753;790;813;828;914;945,71;173;352;608;715;753;813;828;914,71;173;352;608;715;753;790;813;828;914;945,71;173;352;608;715;753;813;828;914,173;71;828;608;352;715;813;873;790;753;973;945,71;173;352;608;715;753;790;813;828;873;878;945;973,13,173;715;828;71;352;608;873;878;973,173;715;828;71;352;608;873;878;973
937,test,sem_0205,pref:decl,para3,lex,You prefer dinner.,73;242,686,318.0,8.0,520.0,268.0,157.0,976.0,785.0,663.0,812.0,983.0,,686,318,65,765,917.0,8.0,785.0,947.0,983.0,,,,765,686.0,917.0,65.0,318.0,8.0,,,,,,,686;318;8;520;268;157;976;785;663;812;983,686;318;65;765;917;8;785;947;983,765;686;917;65;318;8,8;65;318;686;765;785;917;983,8,8;318;686,3,18,3,686;318;8;520;157;268;976;663;983,65;686;765;917;8;318,686;318;65;765;917;8;785;947;983;342;812;757,8;65;318;686;765;917;983,8;318;686,8;65;73;242;318;686;765;917;983,8;73;242;318;686,686,314;318;432;686;917,5,686;318;314;432;917,686;318;314;432;917
938,test,sem_seed_call_wh_what,call:wh_what,singleton,single-seed,What does She phone?,,748,39.0,613.0,169.0,708.0,736.0,844.0,174.0,,,,,748,613,307,831,736.0,169.0,609.0,708.0,844.0,39.0,174.0,229.0,748,736.0,39.0,609.0,169.0,693.0,174.0,708.0,613.0,229.0,834.0,844.0,748;39;613;169;708;736;844;174,748;613;307;831;736;169;609;708;844;39;174;229,748;736;39;609;169;693;174;708;613;229;834;844,39;169;174;229;609;613;708;736;748;844,10,39;169;174;613;708;736;748;844,8,20,4,748;613;39;169;736;708;844,748;39;169;174;229;609;613;693;708;736;834;844,748;613;307;831;169;39;708;736;174;609;844;229,39;169;174;229;609;613;708;736;748;844,39;169;613;708;736;748;844,39;169;174;229;609;613;708;736;748;844,39;169;613;708;736;748;844,,,0,,
939,test,sem_0012,social:decl,para4,base,I bring a book.,222;261;733,733,222.0,312.0,967.0,684.0,687.0,762.0,98.0,,,,,733,222,312,967,373.0,360.0,4.0,394.0,477.0,704.0,926.0,290.0,733,360.0,704.0,394.0,477.0,4.0,222.0,926.0,290.0,28.0,312.0,96.0,733;222;312;967;684;687;762;98,733;222;312;967;373;360;4;394;477;704;926;290,733;360;704;394;477;4;222;926;290;28;312;96,4;222;290;312;360;394;477;704;733;926;967,11,222;312;733,3,15,4,733;222;312;967;684;762;687,733;4;360;394;477;704;222;28;290;926;312;96,733;222;312;967;373;4;394;477;360;704;98;684,4;222;312;360;394;477;684;704;733;967,222;312;733,4;222;261;312;360;394;477;684;704;733;967,222;261;312;733,733;222,222;733,2,733,733
940,test,sem_seed_watch_past_cont,watch:past_cont,singleton,single-seed,She was watching a game.,,552,811.0,159.0,644.0,925.0,251.0,681.0,,,,,,552,57,391,811,464.0,524.0,648.0,113.0,351.0,635.0,682.0,201.0,648,524.0,464.0,351.0,552.0,57.0,635.0,,,,,,552;811;159;644;925;251;681,552;57;391;811;464;524;648;113;351;635;682;201,648;524;464;351;552;57;635,57;351;464;524;552;635;648;811,8,552,1,24,5,552;159;811;644;925,464;524;648;57;351;552;635,552;57;391;811;648;464;524;113;351;201;682;635,57;351;464;524;552;635;648;811,552,57;351;464;524;552;635;648;811,552,524;648,159;524;552;648;681,5,552;648;159;681,552;648;159;681
941,test,sem_seed_acq_imperative,acq:imperative,singleton,single-seed,Please get a song.,,398,134.0,505.0,592.0,,,,,,,,,134,398,505,233,858.0,742.0,495.0,123.0,592.0,897.0,772.0,334.0,134,398.0,505.0,900.0,826.0,897.0,563.0,495.0,180.0,168.0,838.0,858.0,398;134;505;592,134;398;505;233;858;742;495;123;592;897;772;334,134;398;505;900;826;897;563;495;180;168;838;858,134;398;495;505;592;858;897,7,134;398;505,3,18,4,398;134;505,134;398;505;4;78;123;124;139;168;180;233;334,134;398;505;742;495;858;233;389;994;932;655;568,134;233;398;505,134;398;505,134;233;398;505,134;398;505,134,134,1,,
942,test,sem_0116,call:decl,para3,base,You contact my teacher.,208;238,202,773.0,238.0,875.0,739.0,203.0,439.0,44.0,817.0,291.0,631.0,358.0,238,202,773,875,203.0,739.0,358.0,782.0,262.0,44.0,714.0,981.0,238,202.0,782.0,44.0,262.0,358.0,739.0,773.0,875.0,761.0,981.0,203.0,202;773;238;875;739;203;439;44;817;291;631;358,238;202;773;875;203;739;358;782;262;44;714;981,238;202;782;44;262;358;739;773;875;761;981;203,44;202;203;238;262;358;739;773;782;875;981,11,44;202;203;238;358;739;773;875,8,23,4,202;773;238;875;739;203;817;439;291;631;358;392,238;44;202;262;358;739;773;782;203;761;875;981,238;202;773;875;203;739;44;782;262;358;981;761,44;202;203;238;262;358;739;761;773;782;875;981,202;203;238;358;739;773;875,44;202;203;208;238;262;358;739;761;773;782;875;981,202;203;208;238;358;739;773;875,238;773;358;262;202;875;60;927;782;739;434;907,60;202;203;238;262;276;358;434;547;692;739;773;782;875;907;927;981,17,238;262;773;875;202;276;434;927;907;358;692;203;981;60;547,238;262;773;875;202;276;434;927;907;358;692;203;981;60;547
943,test,sem_0110,acq:decl,para3,lex,They pick a film.,181;897,90,50.0,408.0,442.0,824.0,513.0,303.0,259.0,,,,,90,303,50,259,628.0,824.0,442.0,408.0,513.0,171.0,59.0,700.0,259,90.0,303.0,50.0,930.0,274.0,935.0,933.0,131.0,582.0,920.0,281.0,90;50;408;442;824;513;303;259,90;303;50;259;628;824;442;408;513;171;59;700,259;90;303;50;930;274;935;933;131;582;920;281,50;90;259;303;408;442;513;824,8,50;90;259;303,4,17,4,90;50;442;513;408;824;303,90;259;303;50;33;43;63;98;99;103;109;124,90;50;303;259;408;442;513;824;628;171;59;190,50;90;259;303;408;442;513;824,50;90;303,50;90;181;259;303;408;442;513;824;897,50;90;181;303;897,442;824;59;375,59;375;442;824,4,442;59,442;59
944,test,sem_0071,pref:perfect_pr,para3,tense,We have preferred a sandwich.,393;501,118,393.0,818.0,495.0,138.0,80.0,678.0,763.0,696.0,100.0,623.0,15.0,118,818,678,80,960.0,763.0,100.0,559.0,15.0,177.0,393.0,138.0,118,177.0,678.0,80.0,393.0,818.0,889.0,763.0,960.0,559.0,138.0,15.0,118;393;818;495;138;80;678;763;696;100;623;15,118;818;678;80;960;763;100;559;15;177;393;138,118;177;678;80;393;818;889;763;960;559;138;15,15;80;100;118;138;177;393;559;678;763;818;960,12,15;80;118;138;393;678;763;818,8,29,5,118;393;818;696;495;138;80;678;763;15;623;525,118;80;177;393;678;818;15;100;138;559;763;889,118;678;818;80;559;960;15;100;763;393;177;879,15;80;100;118;138;177;393;559;678;763;818,15;80;118;393;678;763;818,15;80;100;118;138;177;393;501;559;678;763;818,15;80;118;393;501;678;763;818,393;138;495;118,55;99;118;138;177;393;492;495;617;678;696;785;798,13,393;138;696;118;495;177;785;798;617;99;492;678;55,393;138;696;118;495;177;785;798;617;99;492;678;55
945,test,sem_0049,move:front_time,para4,order,"Today, I come to the town.",608;790;873,608,790.0,691.0,973.0,87.0,352.0,286.0,619.0,855.0,396.0,936.0,292.0,608,790,691,87,352.0,936.0,71.0,429.0,914.0,173.0,855.0,82.0,608,790.0,71.0,352.0,936.0,429.0,173.0,914.0,691.0,855.0,23.0,753.0,608;790;691;973;87;352;286;619;855;396;936;292,608;790;691;87;352;936;71;429;914;173;855;82,608;790;71;352;936;429;173;914;691;855;23;753,71;87;173;352;429;608;691;790;855;914;936,11,352;608;691;790;855;936,6,26,6,608;790;691;87;352;936;973;292;715;855;17;29,608;790;71;352;936;173;429;914;691;2;17;23,608;790;691;87;352;71;936;173;914;429;2;855,2;17;71;87;173;352;429;608;691;790;855;914;936,352;608;691;790;936,2;17;71;87;173;352;429;608;691;790;855;873;914;936,352;608;691;790;873;936,608;790;936,608;790;936,3,608;790,608;790
946,test,sem_seed_play_wh_where,play:wh_where,singleton,single-seed,Where do I play?,,886,310.0,993.0,13.0,232.0,39.0,894.0,638.0,162.0,694.0,,,13,993,310,894,232.0,886.0,638.0,39.0,575.0,162.0,425.0,694.0,310,894.0,993.0,13.0,232.0,638.0,886.0,424.0,402.0,254.0,843.0,425.0,886;310;993;13;232;39;894;638;162;694,13;993;310;894;232;886;638;39;575;162;425;694,310;894;993;13;232;638;886;424;402;254;843;425,13;39;162;232;310;425;638;694;886;894;993,11,13;232;310;638;886;894;993,7,16,4,886;310;13;39;993;232;894;638,13;232;310;638;886;894;993;424;35;39;139;143,13;993;310;232;894;638;886;39;796;425;402;694,13;39;232;310;638;886;894;993,13;39;232;310;638;886;894;993,13;39;232;310;638;886;894;993,13;39;232;310;638;886;894;993,,886,1,886,886
947,test,sem_0251,social:going_to,para3,tense,You are going to finish dinner.,454;765,765,683.0,427.0,864.0,986.0,531.0,46.0,723.0,656.0,905.0,806.0,434.0,765,723,905,656,46.0,806.0,434.0,531.0,427.0,683.0,18.0,804.0,723,905.0,656.0,765.0,46.0,806.0,531.0,434.0,42.0,381.0,18.0,804.0,765;683;427;864;986;531;46;723;656;905;806;434,765;723;905;656;46;806;434;531;427;683;18;804,723;905;656;765;46;806;531;434;42;381;18;804,18;46;427;434;531;656;683;723;765;804;806;905,12,46;434;531;656;723;765;806;905,8,31,6,683;765;427;864;986;46;723;656;531;905;806;434,656;723;765;905;46;434;531;806;18;42;381;804,765;723;656;905;683;434;531;46;806;864;986;427,46;427;434;531;656;683;723;765;806;864;905;986,46;434;531;656;723;765;806;905,46;427;434;454;531;656;683;723;765;806;864;905;986,46;434;454;531;656;723;765;806;905,765,683;765,2,765;683,765;683
948,test,sem_0141,move:decl,para3,lex,I jog to the station.,753;914,853,718.0,665.0,352.0,23.0,292.0,29.0,769.0,730.0,753.0,803.0,583.0,853,665,718,669,23.0,352.0,429.0,753.0,769.0,914.0,385.0,286.0,769,753.0,352.0,853.0,23.0,669.0,385.0,718.0,665.0,429.0,914.0,322.0,853;718;665;352;23;292;29;769;730;753;803;583,853;665;718;669;23;352;429;753;769;914;385;286,769;753;352;853;23;669;385;718;665;429;914;322,23;352;385;429;665;669;718;753;769;853;914,11,23;352;665;718;753;769;853,7,21,5,853;665;718;352;292;23;29;730;769;753;583;803,23;352;669;753;769;853;385;429;665;718;914;29,853;665;718;669;352;23;769;753;429;914;385;286,23;29;352;385;429;665;669;718;753;769;853;914,23;352;665;718;753;769;853,23;29;352;385;429;665;669;718;753;769;853;914,23;352;665;718;753;769;853;914,853;769;718;385;665;753;669;352;23;803,23;352;385;429;665;669;718;753;769;803;853;914,12,853;718;769;385;753;669;665;803;429;23;352;914,853;718;769;385;753;669;665;803;429;23;352;914
949,test,sem_0010,learn:decl,para4,base,She read a novel.,474;629;660,167,226.0,992.0,712.0,474.0,660.0,989.0,965.0,979.0,515.0,775.0,877.0,660,474,226,992,712.0,167.0,979.0,965.0,989.0,336.0,321.0,515.0,660,167.0,515.0,737.0,712.0,336.0,321.0,226.0,992.0,989.0,474.0,519.0,167;226;992;712;474;660;989;965;979;515;775;877,660;474;226;992;712;167;979;965;989;336;321;515,660;167;515;737;712;336;321;226;992;989;474;519,167;226;321;336;474;515;660;712;965;979;989;992,12,167;226;474;515;660;712;989;992,8,17,4,167;226;992;712;474;660;965;989;775;877;979;515,660;167;226;321;336;515;712;737;989;992;474;361,660;992;167;226;712;474;989;979;965;336;515;321,167;226;321;336;474;515;660;712;965;979;989;992,167;226;474;515;660;712;989;992,167;226;321;336;474;515;629;660;712;965;979;989;992,167;226;474;515;629;660;712;989;992,660;167;336;712;515;992;226;737;519;361,167;226;336;361;515;519;660;712;737;992,10,660;167;712;226;992;336;737;515;361;519,660;167;712;226;992;336;737;515;361;519
950,test,sem_0042,watch:decl,para4,base,I see a game.,387;472;925,240,109.0,616.0,387.0,958.0,244.0,746.0,472.0,902.0,438.0,512.0,890.0,387,240,109,616,958.0,244.0,746.0,902.0,925.0,512.0,386.0,221.0,109,616.0,902.0,925.0,512.0,746.0,240.0,387.0,958.0,221.0,386.0,472.0,240;109;616;387;958;244;746;472;902;438;512;890,387;240;109;616;958;244;746;902;925;512;386;221,109;616;902;925;512;746;240;387;958;221;386;472,109;221;240;244;386;387;472;512;616;746;902;925;958,13,109;240;387;512;616;746;902;958,8,13,4,240;109;616;387;958;244;746;438;902;512;890,109;240;512;616;746;902;925;387;68;221;386;472,240;616;109;387;958;244;902;746;925;512;386;472,109;240;244;386;387;472;512;616;746;902;925;958,109;240;387;512;616;746;902,109;240;244;386;387;472;512;616;746;902;925;958,109;240;387;472;512;616;746;902;925,472;240;616;109;512;925;958,109;240;244;387;472;512;616;925;958,9,616;472;240;244;958;109;387;512,616;472;240;244;958;109;387;512
951,test,sem_seed_pref_conditional_if,pref:conditional_if,singleton,single-seed,"If it is warm, They prefer a book.",,3,175.0,912.0,74.0,794.0,176.0,8.0,299.0,786.0,119.0,571.0,625.0,3,912,175,176,119.0,299.0,142.0,786.0,680.0,625.0,571.0,990.0,912,3.0,119.0,347.0,779.0,299.0,786.0,175.0,988.0,142.0,176.0,990.0,3;175;912;74;794;176;8;299;786;119;571;625,3;912;175;176;119;299;142;786;680;625;571;990,912;3;119;347;779;299;786;175;988;142;176;990,3;119;142;175;176;299;571;625;786;912;990,11,3;119;175;176;299;786;912,7,34,8,74;3;175;794;176;8;912;786;299;119;571;680,912;3;119;142;175;299;347;779;786;988;176;6,3;912;175;680;625;571;990;299;786;119;142;176,3;119;142;175;176;299;571;680;786;912,3;119;175;176;299;786;912,3;119;142;175;176;299;571;680;786;912,3;119;175;176;299;786;912,,,0,,
952,test,sem_0148,call:decl,para3,base,They contact a friend.,60;480,356,480.0,297.0,298.0,392.0,285.0,773.0,862.0,350.0,581.0,820.0,776.0,480,356,297,581,659.0,62.0,285.0,392.0,773.0,203.0,196.0,298.0,356,659.0,581.0,480.0,62.0,297.0,697.0,681.0,258.0,582.0,943.0,712.0,356;480;297;298;392;285;773;862;350;581;820;776,480;356;297;581;659;62;285;392;773;203;196;298,356;659;581;480;62;297;697;681;258;582;943;712,62;285;297;298;356;392;480;581;659;773,10,297;356;480;581,4,22,4,356;480;297;298;392;285;773;862;350;581;820;355,356;581;659;480;62;297;26;33;34;43;90;98,356;480;297;659;581;62;773;392;285;203;208;205,62;285;297;356;392;480;581;659;773,297;356;480;581,60;62;285;297;356;392;480;581;659;773,60;297;356;480;581,480;298;356;416;581;208,26;208;298;356;416;480;581,7,480;356;416;298;26,480;356;416;298;26
953,test,sem_seed_social_past_simple,social:past_simple,singleton,single-seed,He helped my father.,,906,461.0,689.0,971.0,435.0,343.0,,,,,,,906,284,612,817,461.0,247.0,341.0,831.0,320.0,689.0,291.0,127.0,461,817.0,612.0,284.0,341.0,247.0,906.0,831.0,320.0,547.0,689.0,291.0,906;461;689;971;435;343,906;284;612;817;461;247;341;831;320;689;291;127,461;817;612;284;341;247;906;831;320;547;689;291,247;284;291;320;341;461;612;689;817;831;906,11,461;689;906,3,20,4,906;461;689;971;435;343,284;461;612;817;247;341;906;831;45;56;58;127,906;612;284;461;817;247;341;831;392;320;435;291,247;284;341;435;461;612;817;831;906,461;906,247;284;341;435;461;612;817;831;906,461;906,906;971;676,676;906;971,3,906;971,906;971
954,test,sem_0262,drink:decl,para3,base,He sip tea.,562;751,166,955.0,194.0,249.0,759.0,405.0,555.0,,,,,,249,166,955,194,759.0,770.0,751.0,555.0,405.0,192.0,538.0,79.0,249,166.0,405.0,555.0,770.0,955.0,538.0,751.0,194.0,192.0,,,166;955;194;249;759;405;555,249;166;955;194;759;770;751;555;405;192;538;79,249;166;405;555;770;955;538;751;194;192,166;192;194;249;405;538;555;751;759;770;955,11,166;194;249;405;555;955,6,11,3,166;955;194;249;759;405,249;166;405;555;770;955;192;194;538;751,249;166;955;194;770;405;555;759;751;538;192;79,166;192;194;249;405;538;555;751;759;770;955,166;194;249;405;955,166;192;194;249;405;538;555;562;751;759;770;955,166;194;249;405;562;751;955,751;555;770;405;641;955,105;166;192;194;249;405;555;641;751;770;929;955,12,166;555;955;751;405;249;770;641;192;929;194;105,166;555;955;751;405;249;770;641;192;929;194;105
955,test,sem_0295,drink:decl,para3,base,They sip tea.,759;835,194,166.0,954.0,759.0,972.0,249.0,528.0,607.0,,,,,194,759,166,954,249.0,7.0,647.0,870.0,918.0,607.0,972.0,528.0,194,528.0,607.0,759.0,870.0,954.0,972.0,647.0,166.0,7.0,918.0,144.0,194;166;954;759;972;249;528;607,194;759;166;954;249;7;647;870;918;607;972;528,194;528;607;759;870;954;972;647;166;7;918;144,7;166;194;249;528;607;647;759;870;918;954;972,12,166;194;528;607;759;954;972,7,13,3,194;954;166;759;528;249;607;972,194;7;166;528;607;647;759;870;954;972;918;144,194;954;166;759;249;7;647;870;972;528;607;918,7;166;194;249;528;607;647;759;870;918;954;972,166;194;528;607;759;954;972,7;166;194;249;528;607;647;759;835;870;918;954;972,166;194;528;607;759;835;954;972,166;870;194;453;759;236;751;954;647;764,7;166;194;236;249;453;528;607;647;751;759;764;870;918;954;972,16,166;194;954;7;870;647;249;528;972;751;607;918,166;194;954;7;870;647;249;528;972;751;607;918
956,test,sem_0147,watch:decl,para3,lex,He see a film.,112;991,63,219.0,199.0,377.0,240.0,792.0,618.0,230.0,248.0,935.0,207.0,852.0,63,219,792,903,119.0,614.0,795.0,780.0,616.0,151.0,240.0,618.0,63,792.0,219.0,903.0,614.0,159.0,167.0,795.0,151.0,732.0,190.0,780.0,63;219;199;377;240;792;618;230;248;935;207;852,63;219;792;903;119;614;795;780;616;151;240;618,63;792;219;903;614;159;167;795;151;732;190;780,63;151;219;240;614;618;780;792;795;903,10,63;219;792,3,14,4,63;219;199;240;377;618;792;230;248;935;207;852,63;792;219;903;614;16;38;74;109;119;131;151,63;219;792;903;614;950;240;151;780;616;109;618,63;109;151;219;240;614;618;792;903,63;219;792,63;109;112;151;219;240;614;618;792;903;991,63;112;219;792;991,732;792;63;991,63;199;219;732;792;852;991,7,63;219;199;792;732;852,63;219;199;792;732;852
957,test,sem_0304,drink:decl,para3,lex,She have water.,243;913,0,750.0,409.0,289.0,551.0,102.0,836.0,,,,,,750,0,546,836,102.0,169.0,736.0,252.0,818.0,559.0,15.0,532.0,0,836.0,750.0,546.0,102.0,252.0,169.0,736.0,818.0,15.0,559.0,,0;750;409;289;551;102;836,750;0;546;836;102;169;736;252;818;559;15;532,0;836;750;546;102;252;169;736;818;15;559,0;15;102;169;252;546;559;736;750;818;836,11,0;102;750;836,4,15,3,0;750;409;289;551;102;836,0;102;546;750;836;169;252;736;818;15;559,0;750;546;102;836;252;736;818;169;289;528;21,0;102;169;252;289;546;736;750;818;836,0;102;750;836,0;102;169;243;252;289;546;736;750;818;836;913,0;102;243;750;836;913,546,0;546,2,546;0,546;0
958,test,sem_0233,watch:front_time,para3,order,"Now, You see a game.",251;616,616,950.0,240.0,388.0,109.0,151.0,244.0,,,,,,616,388,244,240,950.0,109.0,387.0,151.0,317.0,531.0,251.0,837.0,616,388.0,244.0,294.0,890.0,950.0,69.0,151.0,240.0,109.0,558.0,251.0,616;950;240;388;109;151;244,616;388;244;240;950;109;387;151;317;531;251;837,616;388;244;294;890;950;69;151;240;109;558;251,109;151;240;244;251;388;616;950,8,109;151;240;244;388;616;950,7,20,5,616;950;240;388;109;151;244,616;388;244;69;109;151;170;240;251;294;438;558,616;388;244;240;950;109;151;387;317;558;251;438,109;151;240;244;251;388;438;558;616;950,109;151;240;244;388;616,109;151;240;244;251;388;438;558;616;950,109;151;240;244;251;388;616,616;950,244;616;950,3,616;950;244,616;950;244
959,test,sem_seed_acq_decl,acq:decl,singleton,single-seed,We buy a computer.,,137,566.0,481.0,334.0,706.0,772.0,601.0,697.0,569.0,760.0,365.0,845.0,137,566,601,348,845.0,966.0,657.0,772.0,334.0,697.0,706.0,481.0,566,601.0,348.0,966.0,845.0,137.0,657.0,833.0,380.0,892.0,808.0,651.0,137;566;481;334;706;772;601;697;569;760;365;845,137;566;601;348;845;966;657;772;334;697;706;481,566;601;348;966;845;137;657;833;380;892;808;651,137;334;348;481;566;601;657;697;706;772;845;966,12,137;566;601;845,4,18,4,137;566;334;481;706;772;601;697;569;348;760;845,348;566;601;137;845;966;657;5;34;52;118;131,137;566;601;348;657;845;966;569;334;697;706;481,137;334;348;481;566;569;601;657;697;706;845;966,137;348;566;601;845,137;334;348;481;566;569;601;657;697;706;845;966,137;348;566;601;845,481,137;163;334;406;481,5,137;481;163;334;406,137;481;163;334;406
960,test,sem_0000,eat:front_time,para4,order,"Yesterday, You have a sandwich.",80;707;763,908,80.0,754.0,118.0,818.0,678.0,485.0,763.0,448.0,476.0,923.0,345.0,908,80,763,754,345.0,678.0,818.0,118.0,476.0,923.0,485.0,559.0,80,908.0,763.0,646.0,678.0,118.0,818.0,559.0,340.0,696.0,317.0,923.0,908;80;754;118;818;678;485;763;448;476;923;345,908;80;763;754;345;678;818;118;476;923;485;559,80;908;763;646;678;118;818;559;340;696;317;923,80;118;345;476;485;559;678;754;763;818;908;923,12,80;118;678;763;818;908;923,7,31,5,908;80;754;118;818;678;485;763;448;476;345;15,80;763;908;118;646;678;818;15;100;317;340;366,908;80;763;754;345;818;678;118;485;476;923;15,15;80;118;345;476;485;678;754;763;818;908,15;80;118;678;763;818;908,15;80;118;345;476;485;678;707;754;763;818;908,15;80;118;678;707;763;818;908,908;754;763,80;754;763;908,4,908;754;763;80,908;754;763;80
961,test,sem_0033,social:front_place,para4,order,"at the library, They finish lunch.",239;266;978,266,832.0,304.0,210.0,92.0,239.0,586.0,346.0,274.0,10.0,864.0,264.0,266,210,183,346,12.0,379.0,10.0,264.0,832.0,304.0,92.0,805.0,266,210.0,830.0,977.0,744.0,338.0,304.0,346.0,183.0,12.0,140.0,92.0,266;832;304;210;92;239;586;346;274;10;864;264,266;210;183;346;12;379;10;264;832;304;92;805,266;210;830;977;744;338;304;346;183;12;140;92,10;12;92;183;210;264;266;304;346;832,10,92;210;266;304;346,5,34,6,266;210;304;92;832;239;586;346;274;10;264;498,210;266;12;140;183;304;338;346;744;830;977;92,266;210;12;346;183;832;379;304;10;264;92;805,10;12;92;183;210;264;266;304;346;832,92;210;266;304;346,10;12;92;183;210;239;264;266;304;346;832;978,92;210;239;266;304;346;978,266,92;266,2,92,92
962,test,sem_0034,pref:front_place,para4,order,"in the park, He prefer lunch.",703;757;975,757,432.0,403.0,703.0,,,,,,,,,757,620,639,985,455.0,741.0,703.0,532.0,432.0,403.0,79.0,805.0,757,79.0,620.0,805.0,532.0,703.0,639.0,985.0,270.0,403.0,455.0,911.0,757;432;403;703,757;620;639;985;455;741;703;532;432;403;79;805,757;79;620;805;532;703;639;985;270;403;455;911,79;403;432;455;532;620;639;703;757;805;985,11,403;703;757,3,29,6,757;432;403;703;741;455,757;79;532;620;639;703;805;270;403;455;741;911,757;620;639;432;703;985;455;741;532;686;403;79,79;403;432;455;532;620;639;703;741;757,403;455;703;741;757,79;403;432;455;532;620;639;703;741;757;975,403;455;703;741;757;975,757,757,1,,
963,test,sem_0263,pref:future_will,para3,tense,We will like water.,342;551,551,289.0,31.0,353.0,517.0,793.0,,,,,,,551,289,793,31,517.0,353.0,21.0,812.0,409.0,323.0,314.0,135.0,551,289.0,812.0,409.0,314.0,21.0,793.0,135.0,31.0,323.0,,,551;289;31;353;517;793,551;289;793;31;517;353;21;812;409;323;314;135,551;289;812;409;314;21;793;135;31;323,21;31;135;289;314;323;353;409;517;551;793;812,12,31;289;551;793,4,19,4,551;289;31;353;517,551;21;289;314;409;812;31;135;323;793,551;289;793;31;812;21;409;353;517;314;323;135,21;31;135;289;314;323;353;409;517;551;793;812,31;289;551,21;31;135;289;314;323;342;353;409;517;551;793;812,31;289;342;551,551;289;409;812,21;289;323;409;551;793;812,7,551;409;21;289;323;812;793,551;409;21;289;323;812;793
964,test,sem_0272,call:decl,para3,lex,I call my mother.,689;881,370,257.0,328.0,213.0,276.0,45.0,127.0,605.0,400.0,709.0,701.0,58.0,370,257,328,213,276.0,400.0,872.0,611.0,288.0,319.0,709.0,358.0,370,872.0,400.0,276.0,257.0,328.0,611.0,213.0,288.0,66.0,631.0,676.0,370;257;328;213;276;45;127;605;400;709;701;58,370;257;328;213;276;400;872;611;288;319;709;358,370;872;400;276;257;328;611;213;288;66;631;676,213;257;276;288;328;370;400;611;709;872,10,213;257;276;328;370;400,6,17,4,370;257;328;213;276;45;127;709;400;58;701;60,257;276;328;370;400;872;213;611;288;45;58;60,257;370;328;213;276;872;400;611;60;709;127;358,45;58;60;127;213;257;276;328;370;400;611;709;872,60;213;257;276;328;370;400,45;58;60;127;213;257;276;328;370;400;611;689;709;872;881,60;213;257;276;328;370;400;689;881,400;328;257;66;368;370;881;285;739,66;213;257;285;328;368;370;400;599;693;701;739;881,13,400;66;257;368;328;213;370;701;739;881;693;285;599,400;66;257;368;328;213;370;701;739;881;693;285;599
965,test,sem_0044,learn:front_place,para3,order,"in the office, He read a novel.",167;502,167,777.0,226.0,949.0,270.0,992.0,712.0,474.0,979.0,48.0,660.0,635.0,777,979,474,270,167.0,635.0,91.0,226.0,712.0,992.0,949.0,48.0,167,979.0,270.0,474.0,777.0,635.0,48.0,911.0,541.0,992.0,877.0,949.0,167;777;226;949;270;992;712;474;979;48;660;635,777;979;474;270;167;635;91;226;712;992;949;48,167;979;270;474;777;635;48;911;541;992;877;949,48;167;226;270;474;635;712;777;949;979;992,11,48;167;270;474;635;777;949;979;992,9,31,7,167;777;949;226;270;474;712;992;979;48;660;635,167;270;474;777;979;48;635;911;226;231;374;541,777;474;979;167;270;226;949;992;712;635;91;660,48;167;226;270;474;635;660;712;777;949;979;992,167;226;270;474;635;777;979,48;167;226;270;474;502;635;660;712;777;949;979;992,167;226;270;474;502;635;777;979,777,777,1,,
966,test,sem_0032,acq:front_time,para4,order,"Yesterday, We buy a song.",348;446;797,348,485.0,88.0,152.0,351.0,,,,,,,,348,485,959,152,88.0,657.0,833.0,398.0,781.0,168.0,997.0,892.0,348,168.0,997.0,892.0,833.0,959.0,781.0,398.0,152.0,797.0,550.0,88.0,348;485;88;152;351,348;485;959;152;88;657;833;398;781;168;997;892,348;168;997;892;833;959;781;398;152;797;550;88,88;152;168;348;398;485;781;833;892;959;997,11,88;152;348,3,25,5,348;485;88;152;351,348;168;398;781;833;892;959;997;83;88;152;485,348;485;959;657;152;88;398;781;168;833;892;997,88;152;168;348;398;485;781;833;892;959;997,88;152;348;485,88;152;168;348;398;446;485;781;797;833;892;959;997,88;152;348;446;485;797,348,348,1,348,348
967,test,sem_0114,social:decl,para3,lex,I bring my father.,611;872,341,971.0,312.0,939.0,881.0,45.0,612.0,850.0,574.0,284.0,127.0,834.0,689,439,881,856,312.0,939.0,373.0,733.0,222.0,291.0,45.0,435.0,439,881.0,689.0,856.0,312.0,574.0,373.0,127.0,133.0,612.0,276.0,45.0,341;971;312;939;881;45;612;850;574;284;127;834,689;439;881;856;312;939;373;733;222;291;45;435,439;881;689;856;312;574;373;127;133;612;276;45,45;127;312;373;439;574;612;689;856;881;939,11,45;312;881,3,18,4,312;341;971;939;881;45;284;850;127;574;834;133,439;689;881;856;312;45;56;127;133;276;284;291,689;881;439;312;856;939;373;733;461;56;284;612,45;56;127;133;284;312;439;689;856;881;939,284;312;881,45;56;127;133;284;312;439;611;689;856;872;881;939,284;312;611;872;881,,,0,,
968,test,sem_single_0977,move:past_simple,singleton,single,We went to home.,,716,195.0,842.0,313.0,87.0,468.0,615.0,,,,,,87,716,468,313,195.0,842.0,449.0,615.0,723.0,874.0,227.0,726.0,87,809.0,842.0,716.0,468.0,874.0,313.0,649.0,195.0,,,,716;195;842;313;87;468;615,87;716;468;313;195;842;449;615;723;874;227;726,87;809;842;716;468;874;313;649;195,87;195;313;468;615;716;842;874,8,87;195;313;468;716;842,6,16,4,,87;195;313;468;649;716;809;842;874,87;313;716;195;468;842;874;449;723;615;227;470,87;195;313;468;716;842;874,,87;195;313;468;716;842;874,,874;716;723;87,87;716;723;874,4,,
969,test,sem_seed_acq_negative_simple,acq:negative_simple,singleton,single-seed,He does not purchase a book.,,711,81.0,241.0,831.0,230.0,249.0,170.0,248.0,735.0,283.0,43.0,749.0,903,249,283,831,81.0,711.0,860.0,700.0,369.0,297.0,441.0,223.0,903,877.0,471.0,867.0,711.0,502.0,74.0,249.0,508.0,891.0,426.0,307.0,711;81;241;831;230;249;170;248;735;283;43;749,903;249;283;831;81;711;860;700;369;297;441;223,903;877;471;867;711;502;74;249;508;891;426;307,81;249;283;711;831;903,6,249;711,2,28,6,711;81;241;230;170;248;831;735;43;249;749;283,903;74;471;502;711;867;877;249;267;283;307;426,283;249;903;711;831;81;700;297;860;369;441;223,81;249;283;711;831;903,249;283;711,81;249;283;711;831;903,249;283;711,903,711;903,2,711,711
970,test,sem_single_0999,drink:wh_when,singleton,single,When do You drink?,,143,816.0,843.0,97.0,453.0,690.0,487.0,,,,,,816,97,843,143,156.0,331.0,204.0,324.0,35.0,373.0,725.0,886.0,97,843.0,816.0,143.0,156.0,487.0,453.0,280.0,35.0,725.0,999.0,575.0,143;816;843;97;453;690;487,816;97;843;143;156;331;204;324;35;373;725;886,97;843;816;143;156;487;453;280;35;725;999;575,35;97;143;156;453;487;725;816;843,9,97;143;816;843,4,18,4,143;816;843;97;453;690;487,97;143;816;843;156;453;487;35;204;280;323;324,816;97;843;143;156;331;324;204;725;373;35;886,35;97;143;156;204;324;453;487;816;843,97;143;816;843,35;97;143;156;204;324;453;487;816;843,97;143;816;843,816,143;816,2,143;816,143;816
971,test,sem_seed_social_present_cont,social:present_cont,singleton,single-seed,They are helping my father.,,967,341.0,953.0,906.0,823.0,127.0,,,,,,,127,371,392,435,133.0,343.0,823.0,664.0,196.0,175.0,130.0,45.0,392,435.0,371.0,127.0,133.0,343.0,196.0,664.0,823.0,130.0,175.0,,967;341;953;906;823;127,127;371;392;435;133;343;823;664;196;175;130;45,392;435;371;127;133;343;196;664;823;130;175,127;130;133;175;196;343;371;392;435;664;823,11,127;823,2,27,5,967;953,127;133;371;392;435;343;196;664;823;130;175,133;127;371;392;435;343;823;196;664;439;461;881,127;133;196;343;371;392;435;664;823,,127;133;196;343;371;392;435;664;823,,953;906;823;265,265;823;906;953,4,906;823;953;265,906;823;953;265
972,test,sem_0107,drink:decl,para3,lex,They sip lunch.,326;420,955,674.0,528.0,607.0,194.0,,,,,,,,607,955,528,194,922.0,266.0,239.0,784.0,144.0,759.0,961.0,,607,239.0,955.0,922.0,784.0,266.0,528.0,194.0,144.0,,,,955;674;528;607;194,607;955;528;194;922;266;239;784;144;759;961,607;239;955;922;784;266;528;194;144,144;194;239;266;528;607;784;922;955,9,194;528;607;955,4,15,3,955;528;674;607,239;266;528;607;784;922;955;194;144,607;955;528;266;239;784;922;194;144;759;961;655,144;194;239;266;528;607;784;922;955,528;607;955,144;194;239;266;326;420;528;607;784;922;955,326;420;528;607;955,,528;607;922;955,4,607;528;922;955,607;528;922;955
973,test,sem_0121,move:decl,para3,lex,You go to the town.,813;828,608,352.0,286.0,828.0,619.0,936.0,715.0,783.0,17.0,415.0,790.0,813.0,828,813,783,730,723.0,670.0,526.0,352.0,715.0,286.0,17.0,608.0,828,813.0,544.0,783.0,17.0,730.0,352.0,608.0,71.0,583.0,715.0,853.0,608;352;286;828;619;936;715;783;17;415;790;813,828;813;783;730;723;670;526;352;715;286;17;608,828;813;544;783;17;730;352;608;71;583;715;853,17;286;352;608;715;730;783;813;828,9,17;352;608;715;783;813;828,7,19,5,608;352;828;936;715;286;17;415;783;790;813;945,828;813;17;71;209;286;352;544;583;608;715;730,828;783;730;813;723;670;526;573;715;352;286;608,17;286;352;608;715;730;783;813;828,286;352;608;715;813;828,17;286;352;608;715;730;783;813;828,286;352;608;715;813;828,828;813;936;608,17;415;608;715;813;828;873;878;936,9,828;813;873;608;17;936;415;715;878,828;813;873;608;17;936;415;715;878
974,test,sem_0228,eat:decl,para3,base,She eat dinner.,70;788,122,570.0,70.0,253.0,,,,,,,,,70,570,122,211,680.0,625.0,922.0,309.0,932.0,436.0,707.0,839.0,122,70.0,211.0,570.0,,,,,,,,,122;570;70;253,70;570;122;211;680;625;922;309;932;436;707;839,122;70;211;570,70;122;211;570,4,70;122;570,3,15,3,122;570;70;791,70;122;211;570,570;122;70;211;680;309;707;922;932;839;436;625,70;122;211;570,70;122;570,70;122;211;570;788,70;122;570;788,70,70;122;570;791;975,5,570;791;122;975,570;791;122;975
975,test,sem_0034,pref:decl,para4,lex,He love dinner.,703;757;962,791,533.0,917.0,420.0,314.0,563.0,283.0,302.0,978.0,253.0,157.0,326.0,563,686,157,791,318.0,302.0,283.0,409.0,728.0,132.0,610.0,,791,686.0,157.0,318.0,563.0,302.0,283.0,,,,,,791;533;917;420;314;563;283;302;978;253;157;326,563;686;157;791;318;302;283;409;728;132;610,791;686;157;318;563;302;283,157;283;302;318;563;686;791,7,157;283;302;563;791,5,15,3,791;533;917;420;314;283;563;302;978;180;326,157;686;791;318;563;283;302,157;686;791;563;318;283;302;728;610;409;132;420,157;283;302;318;420;563;686;791,283;302;563;791,157;283;302;318;420;563;686;703;757;791;962,283;302;563;703;757;791;962,686,314;686;791;974,4,791;314;686;974,791;314;686;974
976,test,sem_0038,eat:decl,para3,base,They order dinner.,883;922,520,268.0,157.0,883.0,663.0,11.0,84.0,18.0,228.0,784.0,987.0,625.0,883,157,268,520,84.0,663.0,18.0,228.0,625.0,11.0,420.0,978.0,268,978.0,420.0,11.0,883.0,520.0,784.0,987.0,157.0,84.0,864.0,604.0,520;268;157;883;663;11;84;18;228;784;987;625,883;157;268;520;84;663;18;228;625;11;420;978,268;978;420;11;883;520;784;987;157;84;864;604,11;18;84;157;228;268;420;520;625;663;784;883;978;987,14,11;84;157;268;520;883,6,18,3,520;157;268;883;663;11;84;18;228;625;784;987,11;157;268;420;520;784;883;978;987;84;604;663,520;268;157;883;663;84;11;978;420;987;784;18,11;18;84;157;268;420;520;663;784;883;978;987,11;84;157;268;520;663;784;883;987,11;18;84;157;268;420;520;663;784;883;922;978;987,11;84;157;268;520;663;784;883;922;987,11;268;520;784;420;211;987;883;157;978;663;604,11;157;211;268;411;420;520;577;604;663;671;784;883;978;987,15,11;268;987;784;520;157;978;211;420;411;671;577,11;268;987;784;520;157;978;211;420;411;671;577
977,test,sem_0278,move:front_place,para3,order,"at the cafe, They arrive.",338;468,338,744.0,523.0,404.0,140.0,979.0,346.0,521.0,146.0,,,,338,404,140,744,873.0,12.0,346.0,61.0,93.0,521.0,146.0,553.0,338,140.0,744.0,404.0,521.0,553.0,61.0,146.0,346.0,12.0,873.0,830.0,338;744;523;404;140;979;346;521;146,338;404;140;744;873;12;346;61;93;521;146;553,338;140;744;404;521;553;61;146;346;12;873;830,12;61;140;146;338;346;404;521;553;744;873,11,140;146;338;346;404;521;744,7,25,5,338;744;523;140;979;404;346;308;146;61,338;140;744;404;12;61;93;146;346;378;521;553,338;404;744;140;346;12;873;61;553;521;378;146,12;61;140;146;338;346;378;404;521;553;744,61;140;146;338;346;404;744,12;61;140;146;338;346;378;404;468;521;553;744,61;140;146;338;346;404;468;744,338;744,338;521;744,3,338;521;744,338;521;744
978,test,sem_0033,social:decl,para4,lex,They take dinner.,239;266;961,314,293.0,420.0,791.0,533.0,975.0,917.0,,,,,,293,561,420,11,976.0,864.0,883.0,326.0,994.0,627.0,667.0,186.0,420,11.0,976.0,864.0,293.0,,,,,,,,314;293;420;791;533;975;917,293;561;420;11;976;864;883;326;994;627;667;186,420;11;976;864;293,11;293;420;864;976,5,293;420,2,17,3,314;293;420;791;533;975;917,11;420;976;293;864,293;420;11;976;864;994;561;627;205;32;186;667,11;293;420;864;976,293;420,11;239;266;293;420;864;961;976,239;266;293;420;961,420;976;11,11;122;420;533;917;976,6,420;976;533;122;917,420;976;533;122;917
979,test,sem_0286,learn:front_place,para3,order,"in the cafe, They read a novel.",281;712,712,167.0,226.0,949.0,992.0,523.0,474.0,965.0,826.0,977.0,660.0,,474,965,523,712,111.0,865.0,79.0,532.0,777.0,721.0,167.0,949.0,712,965.0,523.0,474.0,111.0,777.0,741.0,117.0,985.0,865.0,992.0,826.0,712;167;226;949;992;523;474;965;826;977;660,474;965;523;712;111;865;79;532;777;721;167;949,712;965;523;474;111;777;741;117;985;865;992;826,111;167;474;523;712;777;826;865;949;965;992,11,474;523;712;965,4,31,7,712;167;226;949;992;523;474;965;826;977;660,712;474;523;965;111;117;741;777;865;985;90;167,474;965;712;523;949;226;167;992;865;111;79;532,111;167;226;474;523;712;865;949;965;992,167;474;523;712;965,111;167;226;281;474;523;712;865;949;965;992,167;281;474;523;712;965,,,0,,
980,test,sem_seed_watch_wh_what,watch:wh_what,singleton,single-seed,What do We observe?,,622,47.0,86.0,593.0,719.0,524.0,991.0,418.0,792.0,861.0,891.0,254.0,47,86,622,593,271.0,731.0,496.0,488.0,738.0,234.0,189.0,254.0,622,86.0,593.0,47.0,280.0,323.0,675.0,254.0,234.0,402.0,488.0,271.0,622;47;86;593;719;524;991;418;792;861;891;254,47;86;622;593;271;731;496;488;738;234;189;254,622;86;593;47;280;323;675;254;234;402;488;271,47;86;234;254;271;488;593;622,8,47;86;254;593;622,5,19,4,622;86;47;593;719;524;418;991;792;861,47;86;593;622;189;204;234;254;271;280;323;402,86;593;47;622;738;488;731;254;271;234;496;189,47;86;189;234;254;271;593;622,47;86;593;622,47;86;189;234;254;271;593;622,47;86;593;622,,,0,,
981,test,sem_0154,call:front_time,para3,order,"Today, You phone my teacher.",262;416,262,229.0,927.0,668.0,755.0,44.0,740.0,761.0,667.0,358.0,692.0,276.0,262,927,229,668,755.0,358.0,44.0,782.0,942.0,761.0,238.0,434.0,262,782.0,358.0,942.0,44.0,927.0,229.0,668.0,761.0,238.0,755.0,434.0,262;229;927;668;755;44;740;761;667;358;692;276,262;927;229;668;755;358;44;782;942;761;238;434,262;782;358;942;44;927;229;668;761;238;755;434,44;229;238;262;358;434;668;755;761;782;927;942,12,44;229;262;358;668;755;761;927,8,28,5,262;229;927;668;755;761;667;740;358;756;709;692,262;44;229;358;782;927;942;238;668;755;761;434,262;927;229;668;755;358;942;44;782;761;238;434,44;229;238;262;358;434;668;755;761;782;927;942,229;262;358;668;755;761;927,44;229;238;262;358;416;434;668;755;761;782;927;942,229;262;358;416;668;755;761;927,262;668;358;927;229,203;229;262;276;358;434;547;668;907;927;942,11,262;434;907;276;229;927;668;942;358;203;547,262;434;907;276;229;927;668;942;358;203;547
982,test,sem_0052,watch:future_will,para4,tense,I will observe a movie.,54;490;852,490,991.0,861.0,713.0,536.0,54.0,112.0,719.0,524.0,792.0,558.0,418.0,490,536,54,861,713.0,991.0,112.0,59.0,423.0,353.0,626.0,572.0,490,54.0,536.0,861.0,713.0,651.0,991.0,59.0,112.0,572.0,733.0,423.0,490;991;861;713;536;54;112;719;524;792;558;418,490;536;54;861;713;991;112;59;423;353;626;572,490;54;536;861;713;651;991;59;112;572;733;423,54;59;112;423;490;536;572;713;861;991,10,54;112;490;536;713;861;991,7,23,5,490;991;861;713;536;112;54;719;524;792;418;558,490;54;536;651;713;861;991;59;112;353;423;572,490;54;536;861;991;713;112;353;59;423;651;733,54;59;112;353;423;490;536;651;713;861;991,54;112;490;536;713;861;991,54;59;112;353;423;490;536;651;713;852;861;991,54;112;490;536;713;852;861;991,490;536;54;713;852;991;861;811;935;792,54;490;536;713;792;811;852;861;931;935;991,11,536;490;54;991;861;852;931;713;935;792;811,536;490;54;991;861;852;931;713;935;792;811
983,test,sem_single_0914,pref:comparative,singleton,single,You prefer a novel to a book.,,650,8.0,74.0,794.0,785.0,810.0,937.0,,,,,,650,8,785,74,794.0,810.0,951.0,76.0,630.0,539.0,992.0,594.0,650,8.0,785.0,74.0,594.0,814.0,752.0,539.0,413.0,794.0,992.0,273.0,650;8;74;794;785;810;937,650;8;785;74;794;810;951;76;630;539;992;594,650;8;785;74;594;814;752;539;413;794;992;273,8;74;539;594;650;785;794;810;992,9,8;74;650;785;794,5,29,7,650;8;74;794;810;937,650;8;785;74;273;413;539;594;752;794;814;992,650;8;74;794;785;810;937;539;814;594;992;752,8;74;539;594;650;752;785;794;810;814;937;992,8;74;650;794,8;74;539;594;650;752;785;794;810;814;937;992,8;74;650;794,650;8,8;539;650,3,650;539;8,650;539;8
984,test,sem_0026,play:decl,para4,base,He play a song.,270;634;851,892,139.0,473.0,124.0,134.0,267.0,851.0,270.0,550.0,726.0,462.0,198.0,851,267,270,206,124.0,892.0,473.0,139.0,134.0,485.0,550.0,726.0,851,267.0,124.0,563.0,139.0,134.0,462.0,838.0,473.0,775.0,892.0,270.0,892;139;473;124;134;267;851;270;550;726;462;198,851;267;270;206;124;892;473;139;134;485;550;726,851;267;124;563;139;134;462;838;473;775;892;270,124;134;139;267;270;462;473;550;726;851;892,11,124;134;139;267;270;473;851;892,8,15,4,892;139;473;124;134;267;851;550;270;726;462;198,267;851;124;134;139;462;473;563;775;838;892;270,851;267;892;473;139;134;124;270;550;485;206;462,124;134;139;267;270;462;473;550;851;892,124;134;139;267;270;462;473;851;892,124;134;139;267;270;462;473;550;634;851;892,124;134;139;267;270;462;473;634;851;892,634;851;270;139;267,124;139;187;206;267;270;473;634;688;851;892,11,851;634;688;267;139;206;892;473;124;187,851;634;688;267;139;206;892;473;124;187
985,test,sem_0240,acq:front_place,para3,order,"in the park, They get a computer.",43;772,772,334.0,365.0,760.0,620.0,741.0,406.0,706.0,601.0,569.0,697.0,481.0,772,741,365,620,334.0,455.0,760.0,962.0,639.0,406.0,117.0,979.0,772,741.0,365.0,620.0,523.0,455.0,979.0,117.0,897.0,334.0,568.0,706.0,772;334;365;760;620;741;406;706;601;569;697;481,772;741;365;620;334;455;760;962;639;406;117;979,772;741;365;620;523;455;979;117;897;334;568;706,117;334;365;406;455;620;706;741;760;772;979,11,334;365;620;741;772,5,33,7,772;334;365;760;620;406;741;706;569;601;697;566,772;741;365;620;117;455;523;979;334;568;697;706,772;365;620;741;334;760;455;639;962;406;697;706,334;365;406;455;620;697;706;741;760;772,334;365;620;697;706;741;772,43;334;365;406;455;620;697;706;741;760;772,43;334;365;620;697;706;741;772,,,0,,
986,test,sem_0093,social:front_time,para3,order,"Today, We finish dinner.",674;683,683,765.0,864.0,947.0,832.0,586.0,612.0,,,,,,683,765,832,864,586.0,947.0,268.0,533.0,314.0,122.0,755.0,155.0,683,268.0,533.0,314.0,122.0,765.0,864.0,832.0,,,,,683;765;864;947;832;586;612,683;765;832;864;586;947;268;533;314;122;755;155,683;268;533;314;122;765;864;832,122;268;314;533;586;683;765;832;864;947,10,683;765;832;864,4,24,4,683;765;864;947;586;832,683;122;268;314;533;765;832;864,683;765;832;864;586;947;268;533;314;122;755;155,122;268;314;533;586;683;765;832;864;947,683;765;832;864,122;268;314;533;586;674;683;765;832;864;947,674;683;765;832;864,683;832,122;683;832,3,683;122,683;122
987,test,sem_0257,eat:decl,para3,base,They order pizza.,,565,671.0,921.0,344.0,431.0,491.0,381.0,784.0,976.0,604.0,354.0,41.0,381,671,565,344,921.0,491.0,431.0,784.0,976.0,577.0,37.0,436.0,381,344.0,37.0,411.0,50.0,976.0,921.0,436.0,565.0,671.0,784.0,529.0,565;671;921;344;431;491;381;784;976;604;354;41,381;671;565;344;921;491;431;784;976;577;37;436,381;344;37;411;50;976;921;436;565;671;784;529,37;344;381;431;436;491;565;671;784;921;976,11,344;381;565;671;784;921;976,7,17,3,565;671;921;344;491;381;431;784;976;604;354,37;50;344;381;411;436;529;565;577;671;784;921,671;921;565;344;381;491;431;784;976;50;411;529,50;344;381;411;431;491;529;565;671;784;921;976,344;381;565;671;784;921,50;344;381;411;431;491;529;565;671;784;921;976,344;381;565;671;784;921,671;411;577;565;436;344;381;50;37;976;529;804;491;120;604;41;784,11;37;41;50;120;268;344;349;381;411;431;436;491;529;565;577;604;671;784;804;921;976,22,411;671;577;436;381;344;976;349;565;921;268;529;37;784;50;804;11;431;41,411;671;577;436;381;344;976;349;565;921;268;529;37;784;50;804;11;431;41
988,test,sem_single_0985,social:because_cause,singleton,single,"They use a phone, because it is warm.",,206,482.0,279.0,510.0,6.0,710.0,779.0,564.0,912.0,795.0,799.0,329.0,779,912,6,130,279.0,347.0,510.0,564.0,584.0,795.0,799.0,206.0,912,779.0,6.0,584.0,279.0,347.0,130.0,564.0,951.0,510.0,799.0,795.0,206;482;279;510;6;710;779;564;912;795;799;329,779;912;6;130;279;347;510;564;584;795;799;206,912;779;6;584;279;347;130;564;951;510;799;795,6;130;206;279;347;510;564;584;779;795;799;912,12,6;279;510;564;779;795;799;912,8,37,8,279;779;564;510;6;206;482;912;329;924;710;130,779;912;6;130;206;279;347;510;564;584;795;799,6;912;779;130;710;924;329;482;279;347;564;584,6;130;206;279;329;347;482;510;564;584;710;779;912;924,6;130;279;564;779;912,6;130;206;279;329;347;482;510;564;584;710;779;912;924,6;130;279;564;779;912,,799,1,799,799
989,test,sem_0060,learn:decl,para3,lex,She read a song.,260;364,775,900.0,826.0,895.0,949.0,877.0,460.0,167.0,226.0,360.0,474.0,20.0,900,775,826,895,949.0,660.0,474.0,180.0,827.0,771.0,20.0,57.0,827,949.0,900.0,775.0,826.0,771.0,180.0,20.0,660.0,895.0,57.0,530.0,775;900;826;895;949;877;460;167;226;360;474;20,900;775;826;895;949;660;474;180;827;771;20;57,827;949;900;775;826;771;180;20;660;895;57;530,20;57;180;474;660;771;775;826;827;895;900;949,12,20;775;826;895;900;949,6,16,4,775;900;826;895;949;877;167;460;226;474;360;20,180;771;775;826;827;900;949;20;57;660;895;530,900;775;826;895;949;660;771;827;180;20;57;474,20;57;180;474;660;771;775;826;827;895;900;949,20;775;826;895;900;949,20;57;180;260;364;474;660;771;775;826;827;895;900;949,20;260;364;775;826;895;900;949,57;775;826;900,57;775;826;900,4,775;826;57;900,775;826;57;900
990,test,sem_seed_drink_conditional_if,drink:conditional_if,singleton,single-seed,"If it is warm, I drink water.",,21,546.0,319.0,793.0,323.0,299.0,786.0,571.0,119.0,625.0,680.0,951.0,319,3,571,625,680.0,924.0,299.0,175.0,527.0,951.0,786.0,142.0,319,625.0,924.0,3.0,482.0,710.0,571.0,680.0,793.0,119.0,279.0,527.0,21;546;319;793;323;299;786;571;119;625;680;951,319;3;571;625;680;924;299;175;527;951;786;142,319;625;924;3;482;710;571;680;793;119;279;527,3;119;299;319;527;571;625;680;786;793;924;951,12,319;571;625;680,4,29,7,21;546;319;786;299;323;119;571;625;680;793;951,319;3;482;571;625;680;710;924;793;119;142;175,319;625;3;571;680;924;527;951;142;299;786;175,3;119;142;175;299;319;571;625;680;786;793;924;951,319;571;625;680,3;119;142;175;299;319;571;625;680;786;793;924;951,319;571;625;680,,,0,,
991,test,sem_0147,watch:decl,para3,base,He observe a movie.,112;956,861,490.0,713.0,112.0,982.0,536.0,719.0,54.0,418.0,792.0,524.0,891.0,112,490,713,861,982.0,54.0,536.0,418.0,792.0,719.0,891.0,150.0,112,713.0,792.0,861.0,418.0,490.0,719.0,732.0,891.0,536.0,54.0,982.0,861;490;713;112;982;536;719;54;418;792;524;891,112;490;713;861;982;54;536;418;792;719;891;150,112;713;792;861;418;490;719;732;891;536;54;982,54;112;418;490;536;713;719;792;861;891;982,11,54;112;418;490;536;713;719;792;861;891;982,11,19,4,861;490;713;112;536;982;54;719;524;418;792;891,112;418;490;713;719;732;792;861;54;536;891;982,112;861;713;490;54;536;982;418;792;719;891;732,54;112;418;490;536;713;719;732;792;861;891;982,54;112;418;490;536;713;719;792;861;891;982,54;112;418;490;536;713;719;732;792;861;891;956;982,54;112;418;490;536;713;719;792;861;891;956;982,792;861;112;732;418;490;956;713;536;982;719;935,54;112;220;418;490;536;603;713;719;732;792;861;882;903;935;956;982,17,792;861;732;490;112;220;982;713;536;54;418;935;903;882;603,792;861;732;490;112;220;982;713;536;54;418;935;903;882;603
992,test,sem_0162,learn:decl,para3,lex,You read a novel.,340;752,167,226.0,949.0,712.0,900.0,660.0,979.0,474.0,965.0,539.0,360.0,775.0,226,167,712,949,660.0,474.0,979.0,965.0,900.0,814.0,594.0,539.0,814,712.0,539.0,167.0,594.0,226.0,949.0,900.0,923.0,540.0,660.0,372.0,167;226;949;712;900;660;979;474;965;539;360;775,226;167;712;949;660;474;979;965;900;814;594;539,814;712;539;167;594;226;949;900;923;540;660;372,167;226;474;539;594;660;712;814;900;949;965;979,12,167;226;539;660;712;900;949,7,17,4,167;226;949;712;900;660;474;979;965;539;775;360,167;226;539;594;712;814;900;949;372;540;660;923,712;167;226;949;660;900;474;965;979;539;594;814,167;226;474;539;594;660;712;814;900;949;965;979,167;226;539;660;712;900;949,167;226;340;474;539;594;660;712;752;814;900;949;965;979,167;226;340;539;660;712;752;900;949,226;712;539;814;372;949;167;594;360;85,85;167;226;360;372;539;540;594;660;712;814;949,12,226;712;167;949;539;814;660;540;594,226;712;167;949;539;814;660;540;594
993,test,sem_seed_acq_wh_where,acq:wh_where,singleton,single-seed,Where do I get?,,946,232.0,894.0,13.0,310.0,694.0,162.0,,,,,,13,232,946,310,894.0,280.0,162.0,575.0,402.0,796.0,143.0,694.0,894,13.0,946.0,310.0,232.0,280.0,123.0,143.0,402.0,189.0,425.0,575.0,946;232;894;13;310;694;162,13;232;946;310;894;280;162;575;402;796;143;694,894;13;946;310;232;280;123;143;402;189;425;575,13;143;162;232;280;310;402;575;694;894;946,11,13;232;310;894;946,5,15,4,946;13;310;232;894,13;232;310;894;946;4;123;143;162;189;254;271,232;13;310;946;894;280;162;143;796;425;402;575,13;143;162;232;310;894;946,13;232;310;894;946,13;143;162;232;310;894;946,13;232;310;894;946,13,13,1,13,13
994,test,sem_single_0945,social:imperative,singleton,single,Please take pizza.,,932,153.0,335.0,,,,,,,,,,932,153,978,655,389.0,627.0,667.0,205.0,32.0,293.0,186.0,858.0,932,,,,,,,,,,,,932;153;335,932;153;978;655;389;627;667;205;32;293;186;858,932,153;932,2,932,1,18,3,932;153;335,932,932;153;978;655;389;205;186;667;293;32;627;320,153;932,932,153;932,932,932,932,1,932,932
995,test,sem_0130,pref:decl,para3,base,I love a song.,337;522,833,563.0,180.0,930.0,590.0,522.0,530.0,827.0,258.0,139.0,,,522,833,563,180,930.0,590.0,530.0,139.0,78.0,53.0,30.0,710.0,78,833.0,563.0,180.0,930.0,139.0,522.0,590.0,530.0,30.0,53.0,939.0,833;563;180;930;590;522;530;827;258;139,522;833;563;180;930;590;530;139;78;53;30;710,78;833;563;180;930;139;522;590;530;30;53;939,30;53;78;139;180;522;530;563;590;833;930,11,139;180;522;530;563;590;833;930,8,14,4,563;833;180;930;522;590;530;827;258;139,78;139;180;563;833;930;522;590;530;30;53;4,180;563;833;930;522;590;530;78;139;99;438;377,78;139;180;522;530;563;590;833;930,139;180;522;530;563;590;833;930,78;139;180;337;522;530;563;590;833;930,139;180;337;522;530;563;590;833;930,833;930;180;827;563;522,180;522;563;590;827;833;930,7,833;563;930;180;590;827,833;563;930;180;590;827
996,test,sem_single_0934,learn:past_cont,singleton,single,We were reading a book.,,57,460.0,877.0,,,,,,,,,,909,57,163,696,255.0,460.0,679.0,859.0,67.0,762.0,114.0,470.0,859,255.0,460.0,679.0,67.0,762.0,470.0,758.0,865.0,,,,57;460;877,909;57;163;696;255;460;679;859;67;762;114;470,859;255;460;679;67;762;470;758;865,57;67;255;460;470;679;762;859,8,460,1,24,5,460;877;57,255;460;679;859;67;762;470;758;865,909;57;859;679;460;255;696;163;114;762;67;470,57;67;255;460;470;679;762;859,460,57;67;255;460;470;679;762;859,460,460;758;226;762,226;460;758;762,4,460;758;226,460;758;226
997,test,sem_0118,learn:decl,para3,base,We learn a song.,83;433,771,255.0,919.0,263.0,374.0,394.0,83.0,281.0,871.0,499.0,854.0,519.0,771,255,919,833,781.0,398.0,892.0,348.0,168.0,578.0,83.0,797.0,168,781.0,771.0,255.0,892.0,398.0,348.0,833.0,578.0,83.0,966.0,550.0,771;255;919;263;374;394;83;281;871;499;854;519,771;255;919;833;781;398;892;348;168;578;83;797,168;781;771;255;892;398;348;833;578;83;966;550,83;168;255;348;398;578;771;781;833;892;919,11,83;255;771,3,16,4,771;255;374;263;83;394;919;871;281;499;854;422,168;255;348;398;771;781;833;892;83;550;578;797,771;255;919;892;833;781;348;168;398;263;281;374,83;168;255;263;281;348;374;398;771;781;833;892;919,255;771,83;168;255;263;281;348;374;398;433;771;781;833;892;919,83;255;433;771,83;919;892;168;781;771,83;168;479;543;771;781;892;919,8,83;168;781;771;919;479;892;543,83;168;781;771;919;479;892;543
998,test,sem_0260,move:decl,para3,base,He travel to the station.,,549,322.0,287.0,148.0,397.0,17.0,292.0,29.0,948.0,89.0,313.0,730.0,549,322,287,148,397.0,292.0,89.0,304.0,673.0,17.0,583.0,753.0,549,292.0,322.0,287.0,89.0,148.0,397.0,730.0,753.0,673.0,948.0,304.0,549;322;287;148;397;17;292;29;948;89;313;730,549;322;287;148;397;292;89;304;673;17;583;753,549;292;322;287;89;148;397;730;753;673;948;304,17;89;148;287;292;304;322;397;549;673;730;753;948,13,89;148;287;292;322;397;549,7,25,5,322;549;287;148;397;17;313;292;29;948;730;583,287;292;322;549;89;148;397;17;29;304;583;662,322;549;287;148;397;292;89;304;673;17;853;948,17;29;89;148;287;292;304;322;397;549;583;948,17;148;287;292;322;397;549,17;29;89;148;287;292;304;322;397;549;583;948,17;148;287;292;322;397;549,322;292;662;287;549;89,29;89;140;287;292;322;397;467;526;549;583;662;670;717;730,15,322;292;662;549;29;397;730;89;287;526;670;140;717;583;467,322;292;662;549;29;397;730;89;287;526;670;140;717;583;467
999,test,sem_seed_drink_ynq_do,drink:ynq_do,singleton,single-seed,do I drink coffee?,,576,835.0,128.0,893.0,236.0,,,,,,,,893,576,835,128,575.0,323.0,970.0,280.0,143.0,816.0,156.0,236.0,893,236.0,576.0,428.0,25.0,440.0,835.0,128.0,970.0,638.0,816.0,382.0,576;835;128;893;236,893;576;835;128;575;323;970;280;143;816;156;236,893;236;576;428;25;440;835;128;970;638;816;382,128;236;576;816;835;893;970,7,128;236;576;835;893,5,18,4,576;835;128;893;236,893;25;236;428;440;576;835;13;128;143;189;232,835;576;893;128;816;143;575;323;970;280;236;25,25;128;143;236;576;835;893,128;236;576;835;893,25;128;143;236;576;835;893,128;236;576;835;893,,,0,,
